[    3382ms] [ERROR] WebSocket connection to 'ws://localhost:3002/socket.io/?EIO=4&transport=websocket' failed: Error in connection establishment: net::ERR_CONNECTION_REFUSED @ http://localhost:3005/_next/static/chunks/node_modules_74530790._.js:18488
[    6741ms] [ERROR] WebSocket connection to 'ws://localhost:3002/socket.io/?EIO=4&transport=websocket' failed: Error in connection establishment: net::ERR_CONNECTION_REFUSED @ http://localhost:3005/_next/static/chunks/node_modules_74530790._.js:18488
[   11425ms] [ERROR] WebSocket connection to 'ws://localhost:3002/socket.io/?EIO=4&transport=websocket' failed: Error in connection establishment: net::ERR_CONNECTION_REFUSED @ http://localhost:3005/_next/static/chunks/node_modules_74530790._.js:18488
[   18449ms] [ERROR] WebSocket connection to 'ws://localhost:3002/socket.io/?EIO=4&transport=websocket' failed: Error in connection establishment: net::ERR_CONNECTION_REFUSED @ http://localhost:3005/_next/static/chunks/node_modules_74530790._.js:18488
[   25819ms] [ERROR] WebSocket connection to 'ws://localhost:3002/socket.io/?EIO=4&transport=websocket' failed: Error in connection establishment: net::ERR_CONNECTION_REFUSED @ http://localhost:3005/_next/static/chunks/node_modules_74530790._.js:18488
[   33181ms] [ERROR] WebSocket connection to 'ws://localhost:3002/socket.io/?EIO=4&transport=websocket' failed: Error in connection establishment: net::ERR_CONNECTION_REFUSED @ http://localhost:3005/_next/static/chunks/node_modules_74530790._.js:18488
[  306219ms] [ERROR] ./components/settings/theme-applier.tsx:4:1
Export DEFAULTS doesn't exist in target module
  2 |
  3 | import { useEffect } from 'react'
> 4 | import { applyThemeToDOM, DEFAULTS } from '@/hooks/use-settings'
    | ^^^^^^^^^^^^^^^^^^^^^^^^^^^^^^^^^^^^^^^^^^^^^^^^^^^^^^^^^^^^^^^^
  5 | import type { AppSettings } from '@/hooks/use-settings'
  6 |
  7 | // Runs once on mount across the whole app to apply persisted theme before first render flash

The export DEFAULTS was not found in module [project]/hooks/use-settings.ts [app-client] (ecmascript).
Did you mean to import useSettings?
All exports of the module are statically known (It doesn't have dynamic exports). So it's known statically that the requested export doesn't exist.

Import traces:
  Client Component Browser:
    ./components/settings/theme-applier.tsx [Client Component Browser]
    ./components/providers.tsx [Client Component Browser]
    ./components/providers.tsx [Server Component]
    ./app/layout.tsx [Server Component]

  Client Component SSR:
    ./components/settings/theme-applier.tsx [Client Component SSR]
    ./components/providers.tsx [Client Component SSR]
    ./components/providers.tsx [Server Component]
    ./app/layout.tsx [Server Component] @ http://localhost:3005/_next/static/chunks/node_modules_next_dist_7a8122d0._.js:3117
[  306220ms] [ERROR] ./components/settings/theme-applier.tsx:4:1
Export DEFAULTS doesn't exist in target module
  2 |
  3 | import { useEffect } from 'react'
> 4 | import { applyThemeToDOM, DEFAULTS } from '@/hooks/use-settings'
    | ^^^^^^^^^^^^^^^^^^^^^^^^^^^^^^^^^^^^^^^^^^^^^^^^^^^^^^^^^^^^^^^^
  5 | import type { AppSettings } from '@/hooks/use-settings'
  6 |
  7 | // Runs once on mount across the whole app to apply persisted theme before first render flash

The export DEFAULTS was not found in module [project]/hooks/use-settings.ts [app-ssr] (ecmascript).
Did you mean to import useSettings?
All exports of the module are statically known (It doesn't have dynamic exports). So it's known statically that the requested export doesn't exist.

Import traces:
  Client Component Browser:
    ./components/settings/theme-applier.tsx [Client Component Browser]
    ./components/providers.tsx [Client Component Browser]
    ./components/providers.tsx [Server Component]
    ./app/layout.tsx [Server Component]

  Client Component SSR:
    ./components/settings/theme-applier.tsx [Client Component SSR]
    ./components/providers.tsx [Client Component SSR]
    ./components/providers.tsx [Server Component]
    ./app/layout.tsx [Server Component] @ http://localhost:3005/_next/static/chunks/node_modules_next_dist_7a8122d0._.js:3117
[  306860ms] [ERROR] ./components/settings/theme-applier.tsx:4:1
Export DEFAULTS doesn't exist in target module
  2 |
  3 | import { useEffect } from 'react'
> 4 | import { applyThemeToDOM, DEFAULTS } from '@/hooks/use-settings'
    | ^^^^^^^^^^^^^^^^^^^^^^^^^^^^^^^^^^^^^^^^^^^^^^^^^^^^^^^^^^^^^^^^
  5 | import type { AppSettings } from '@/hooks/use-settings'
  6 |
  7 | // Runs once on mount across the whole app to apply persisted theme before first render flash

The export DEFAULTS was not found in module [project]/hooks/use-settings.ts [app-client] (ecmascript).
Did you mean to import useSettings?
All exports of the module are statically known (It doesn't have dynamic exports). So it's known statically that the requested export doesn't exist.

Import traces:
  Client Component Browser:
    ./components/settings/theme-applier.tsx [Client Component Browser]
    ./components/providers.tsx [Client Component Browser]
    ./components/providers.tsx [Server Component]
    ./app/layout.tsx [Server Component]

  Client Component SSR:
    ./components/settings/theme-applier.tsx [Client Component SSR]
    ./components/providers.tsx [Client Component SSR]
    ./components/providers.tsx [Server Component]
    ./app/layout.tsx [Server Component] @ http://localhost:3005/_next/static/chunks/node_modules_next_dist_7a8122d0._.js:3117
[  306861ms] [ERROR] ./components/settings/theme-applier.tsx:4:1
Export DEFAULTS doesn't exist in target module
  2 |
  3 | import { useEffect } from 'react'
> 4 | import { applyThemeToDOM, DEFAULTS } from '@/hooks/use-settings'
    | ^^^^^^^^^^^^^^^^^^^^^^^^^^^^^^^^^^^^^^^^^^^^^^^^^^^^^^^^^^^^^^^^
  5 | import type { AppSettings } from '@/hooks/use-settings'
  6 |
  7 | // Runs once on mount across the whole app to apply persisted theme before first render flash

The export DEFAULTS was not found in module [project]/hooks/use-settings.ts [app-ssr] (ecmascript).
Did you mean to import useSettings?
All exports of the module are statically known (It doesn't have dynamic exports). So it's known statically that the requested export doesn't exist.

Import traces:
  Client Component Browser:
    ./components/settings/theme-applier.tsx [Client Component Browser]
    ./components/providers.tsx [Client Component Browser]
    ./components/providers.tsx [Server Component]
    ./app/layout.tsx [Server Component]

  Client Component SSR:
    ./components/settings/theme-applier.tsx [Client Component SSR]
    ./components/providers.tsx [Client Component SSR]
    ./components/providers.tsx [Server Component]
    ./app/layout.tsx [Server Component] @ http://localhost:3005/_next/static/chunks/node_modules_next_dist_7a8122d0._.js:3117
[  307805ms] [ERROR] ./components/settings/theme-applier.tsx:4:1
Export DEFAULTS doesn't exist in target module
  2 |
  3 | import { useEffect } from 'react'
> 4 | import { applyThemeToDOM, DEFAULTS } from '@/hooks/use-settings'
    | ^^^^^^^^^^^^^^^^^^^^^^^^^^^^^^^^^^^^^^^^^^^^^^^^^^^^^^^^^^^^^^^^
  5 | import type { AppSettings } from '@/hooks/use-settings'
  6 |
  7 | // Runs once on mount across the whole app to apply persisted theme before first render flash

The export DEFAULTS was not found in module [project]/hooks/use-settings.ts [app-client] (ecmascript).
Did you mean to import useSettings?
All exports of the module are statically known (It doesn't have dynamic exports). So it's known statically that the requested export doesn't exist.

Import traces:
  Client Component Browser:
    ./components/settings/theme-applier.tsx [Client Component Browser]
    ./components/providers.tsx [Client Component Browser]
    ./components/providers.tsx [Server Component]
    ./app/layout.tsx [Server Component]

  Client Component SSR:
    ./components/settings/theme-applier.tsx [Client Component SSR]
    ./components/providers.tsx [Client Component SSR]
    ./components/providers.tsx [Server Component]
    ./app/layout.tsx [Server Component] @ http://localhost:3005/_next/static/chunks/node_modules_next_dist_7a8122d0._.js:3117
[  307805ms] [ERROR] ./components/settings/theme-applier.tsx:4:1
Export DEFAULTS doesn't exist in target module
  2 |
  3 | import { useEffect } from 'react'
> 4 | import { applyThemeToDOM, DEFAULTS } from '@/hooks/use-settings'
    | ^^^^^^^^^^^^^^^^^^^^^^^^^^^^^^^^^^^^^^^^^^^^^^^^^^^^^^^^^^^^^^^^
  5 | import type { AppSettings } from '@/hooks/use-settings'
  6 |
  7 | // Runs once on mount across the whole app to apply persisted theme before first render flash

The export DEFAULTS was not found in module [project]/hooks/use-settings.ts [app-ssr] (ecmascript).
Did you mean to import useSettings?
All exports of the module are statically known (It doesn't have dynamic exports). So it's known statically that the requested export doesn't exist.

Import traces:
  Client Component Browser:
    ./components/settings/theme-applier.tsx [Client Component Browser]
    ./components/providers.tsx [Client Component Browser]
    ./components/providers.tsx [Server Component]
    ./app/layout.tsx [Server Component]

  Client Component SSR:
    ./components/settings/theme-applier.tsx [Client Component SSR]
    ./components/providers.tsx [Client Component SSR]
    ./components/providers.tsx [Server Component]
    ./app/layout.tsx [Server Component] @ http://localhost:3005/_next/static/chunks/node_modules_next_dist_7a8122d0._.js:3117
[  307811ms] [ERROR] Failed to load resource: the server responded with a status of 500 (Internal Server Error) @ http://localhost:3005/predictions:0
[  308209ms] Error: ./components/settings/theme-applier.tsx:4:1
Export DEFAULTS doesn't exist in target module
  2 |
  3 | import { useEffect } from 'react'
> 4 | import { applyThemeToDOM, DEFAULTS } from '@/hooks/use-settings'
    | ^^^^^^^^^^^^^^^^^^^^^^^^^^^^^^^^^^^^^^^^^^^^^^^^^^^^^^^^^^^^^^^^
  5 | import type { AppSettings } from '@/hooks/use-settings'
  6 |
  7 | // Runs once on mount across the whole app to apply persisted theme before first render flash

The export DEFAULTS was not found in module [project]/hooks/use-settings.ts [app-client] (ecmascript).
Did you mean to import useSettings?
All exports of the module are statically known (It doesn't have dynamic exports). So it's known statically that the requested export doesn't exist.

Import traces:
  Client Component Browser:
    ./components/settings/theme-applier.tsx [Client Component Browser]
    ./components/providers.tsx [Client Component Browser]
    ./components/providers.tsx [Server Component]
    ./app/layout.tsx [Server Component]

  Client Component SSR:
    ./components/settings/theme-applier.tsx [Client Component SSR]
    ./components/providers.tsx [Client Component SSR]
    ./components/providers.tsx [Server Component]
    ./app/layout.tsx [Server Component]


    at <unknown> (Error: ./components/settings/theme-applier.tsx:4:1)
    at Object.getCompilationErrors (file://C:\Users\ryanc\Downloads\Practice\Stock-Dash\node_modules\next\dist\server\dev\hot-reloader-turbopack.js:996:59)
    at DevBundlerService.getCompilationError (file://C:\Users\ryanc\Downloads\Practice\Stock-Dash\node_modules\next\dist\server\lib\dev-bundler-service.js:39:55)
    at DevServer.getCompilationError (file://C:\Users\ryanc\Downloads\Practice\Stock-Dash\node_modules\next\dist\server\dev\next-dev-server.js:701:42)
    at DevServer.findPageComponents (file://C:\Users\ryanc\Downloads\Practice\Stock-Dash\node_modules\next\dist\server\dev\next-dev-server.js:671:43)
    at async DevServer.renderErrorToResponseImpl (file://C:\Users\ryanc\Downloads\Practice\Stock-Dash\node_modules\next\dist\server\base-server.js:1704:26)
[  308228ms] [ERROR] Failed to load resource: the server responded with a status of 404 (Not Found) @ http://localhost:3005/favicon.ico:0
[  308254ms] [ERROR] ./components/settings/theme-applier.tsx:4:1
Export DEFAULTS doesn't exist in target module
  2 |
  3 | import { useEffect } from 'react'
> 4 | import { applyThemeToDOM, DEFAULTS } from '@/hooks/use-settings'
    | ^^^^^^^^^^^^^^^^^^^^^^^^^^^^^^^^^^^^^^^^^^^^^^^^^^^^^^^^^^^^^^^^
  5 | import type { AppSettings } from '@/hooks/use-settings'
  6 |
  7 | // Runs once on mount across the whole app to apply persisted theme before first render flash

The export DEFAULTS was not found in module [project]/hooks/use-settings.ts [app-client] (ecmascript).
Did you mean to import useSettings?
All exports of the module are statically known (It doesn't have dynamic exports). So it's known statically that the requested export doesn't exist.

Import traces:
  Client Component Browser:
    ./components/settings/theme-applier.tsx [Client Component Browser]
    ./components/providers.tsx [Client Component Browser]
    ./components/providers.tsx [Server Component]
    ./app/layout.tsx [Server Component]

  Client Component SSR:
    ./components/settings/theme-applier.tsx [Client Component SSR]
    ./components/providers.tsx [Client Component SSR]
    ./components/providers.tsx [Server Component]
    ./app/layout.tsx [Server Component] @ http://localhost:3005/_next/static/chunks/node_modules_next_dist_b0a279d5._.js:1945
[  308255ms] [ERROR] ./components/settings/theme-applier.tsx:4:1
Export DEFAULTS doesn't exist in target module
  2 |
  3 | import { useEffect } from 'react'
> 4 | import { applyThemeToDOM, DEFAULTS } from '@/hooks/use-settings'
    | ^^^^^^^^^^^^^^^^^^^^^^^^^^^^^^^^^^^^^^^^^^^^^^^^^^^^^^^^^^^^^^^^
  5 | import type { AppSettings } from '@/hooks/use-settings'
  6 |
  7 | // Runs once on mount across the whole app to apply persisted theme before first render flash

The export DEFAULTS was not found in module [project]/hooks/use-settings.ts [app-ssr] (ecmascript).
Did you mean to import useSettings?
All exports of the module are statically known (It doesn't have dynamic exports). So it's known statically that the requested export doesn't exist.

Import traces:
  Client Component Browser:
    ./components/settings/theme-applier.tsx [Client Component Browser]
    ./components/providers.tsx [Client Component Browser]
    ./components/providers.tsx [Server Component]
    ./app/layout.tsx [Server Component]

  Client Component SSR:
    ./components/settings/theme-applier.tsx [Client Component SSR]
    ./components/providers.tsx [Client Component SSR]
    ./components/providers.tsx [Server Component]
    ./app/layout.tsx [Server Component] @ http://localhost:3005/_next/static/chunks/node_modules_next_dist_b0a279d5._.js:1945
[  308255ms] [ERROR] ./components/settings/theme-applier.tsx:4:1
Export DEFAULTS doesn't exist in target module
  2 |
  3 | import { useEffect } from 'react'
> 4 | import { applyThemeToDOM, DEFAULTS } from '@/hooks/use-settings'
    | ^^^^^^^^^^^^^^^^^^^^^^^^^^^^^^^^^^^^^^^^^^^^^^^^^^^^^^^^^^^^^^^^
  5 | import type { AppSettings } from '@/hooks/use-settings'
  6 |
  7 | // Runs once on mount across the whole app to apply persisted theme before first render flash

The export DEFAULTS was not found in module [project]/hooks/use-settings.ts [app-client] (ecmascript).
Did you mean to import useSettings?
All exports of the module are statically known (It doesn't have dynamic exports). So it's known statically that the requested export doesn't exist.

Import traces:
  Client Component Browser:
    ./components/settings/theme-applier.tsx [Client Component Browser]
    ./components/providers.tsx [Client Component Browser]
    ./components/providers.tsx [Server Component]
    ./app/layout.tsx [Server Component]

  Client Component SSR:
    ./components/settings/theme-applier.tsx [Client Component SSR]
    ./components/providers.tsx [Client Component SSR]
    ./components/providers.tsx [Server Component]
    ./app/layout.tsx [Server Component] @ http://localhost:3005/_next/static/chunks/node_modules_next_dist_b0a279d5._.js:1945
[  308256ms] [ERROR] ./components/settings/theme-applier.tsx:4:1
Export DEFAULTS doesn't exist in target module
  2 |
  3 | import { useEffect } from 'react'
> 4 | import { applyThemeToDOM, DEFAULTS } from '@/hooks/use-settings'
    | ^^^^^^^^^^^^^^^^^^^^^^^^^^^^^^^^^^^^^^^^^^^^^^^^^^^^^^^^^^^^^^^^
  5 | import type { AppSettings } from '@/hooks/use-settings'
  6 |
  7 | // Runs once on mount across the whole app to apply persisted theme before first render flash

The export DEFAULTS was not found in module [project]/hooks/use-settings.ts [app-ssr] (ecmascript).
Did you mean to import useSettings?
All exports of the module are statically known (It doesn't have dynamic exports). So it's known statically that the requested export doesn't exist.

Import traces:
  Client Component Browser:
    ./components/settings/theme-applier.tsx [Client Component Browser]
    ./components/providers.tsx [Client Component Browser]
    ./components/providers.tsx [Server Component]
    ./app/layout.tsx [Server Component]

  Client Component SSR:
    ./components/settings/theme-applier.tsx [Client Component SSR]
    ./components/providers.tsx [Client Component SSR]
    ./components/providers.tsx [Server Component]
    ./app/layout.tsx [Server Component] @ http://localhost:3005/_next/static/chunks/node_modules_next_dist_b0a279d5._.js:1945
[  308256ms] [ERROR] ./components/settings/theme-applier.tsx:4:1
Export DEFAULTS doesn't exist in target module
  2 |
  3 | import { useEffect } from 'react'
> 4 | import { applyThemeToDOM, DEFAULTS } from '@/hooks/use-settings'
    | ^^^^^^^^^^^^^^^^^^^^^^^^^^^^^^^^^^^^^^^^^^^^^^^^^^^^^^^^^^^^^^^^
  5 | import type { AppSettings } from '@/hooks/use-settings'
  6 |
  7 | // Runs once on mount across the whole app to apply persisted theme before first render flash

The export DEFAULTS was not found in module [project]/hooks/use-settings.ts [app-client] (ecmascript).
Did you mean to import useSettings?
All exports of the module are statically known (It doesn't have dynamic exports). So it's known statically that the requested export doesn't exist.

Import traces:
  Client Component Browser:
    ./components/settings/theme-applier.tsx [Client Component Browser]
    ./components/providers.tsx [Client Component Browser]
    ./components/providers.tsx [Server Component]
    ./app/layout.tsx [Server Component]

  Client Component SSR:
    ./components/settings/theme-applier.tsx [Client Component SSR]
    ./components/providers.tsx [Client Component SSR]
    ./components/providers.tsx [Server Component]
    ./app/layout.tsx [Server Component] @ http://localhost:3005/_next/static/chunks/node_modules_next_dist_b0a279d5._.js:1945
[  308256ms] [ERROR] ./components/settings/theme-applier.tsx:4:1
Export DEFAULTS doesn't exist in target module
  2 |
  3 | import { useEffect } from 'react'
> 4 | import { applyThemeToDOM, DEFAULTS } from '@/hooks/use-settings'
    | ^^^^^^^^^^^^^^^^^^^^^^^^^^^^^^^^^^^^^^^^^^^^^^^^^^^^^^^^^^^^^^^^
  5 | import type { AppSettings } from '@/hooks/use-settings'
  6 |
  7 | // Runs once on mount across the whole app to apply persisted theme before first render flash

The export DEFAULTS was not found in module [project]/hooks/use-settings.ts [app-ssr] (ecmascript).
Did you mean to import useSettings?
All exports of the module are statically known (It doesn't have dynamic exports). So it's known statically that the requested export doesn't exist.

Import traces:
  Client Component Browser:
    ./components/settings/theme-applier.tsx [Client Component Browser]
    ./components/providers.tsx [Client Component Browser]
    ./components/providers.tsx [Server Component]
    ./app/layout.tsx [Server Component]

  Client Component SSR:
    ./components/settings/theme-applier.tsx [Client Component SSR]
    ./components/providers.tsx [Client Component SSR]
    ./components/providers.tsx [Server Component]
    ./app/layout.tsx [Server Component] @ http://localhost:3005/_next/static/chunks/node_modules_next_dist_b0a279d5._.js:1945
[  308257ms] [ERROR] ./components/settings/theme-applier.tsx:4:1
Export DEFAULTS doesn't exist in target module
  2 |
  3 | import { useEffect } from 'react'
> 4 | import { applyThemeToDOM, DEFAULTS } from '@/hooks/use-settings'
    | ^^^^^^^^^^^^^^^^^^^^^^^^^^^^^^^^^^^^^^^^^^^^^^^^^^^^^^^^^^^^^^^^
  5 | import type { AppSettings } from '@/hooks/use-settings'
  6 |
  7 | // Runs once on mount across the whole app to apply persisted theme before first render flash

The export DEFAULTS was not found in module [project]/hooks/use-settings.ts [app-client] (ecmascript).
Did you mean to import useSettings?
All exports of the module are statically known (It doesn't have dynamic exports). So it's known statically that the requested export doesn't exist.

Import traces:
  Client Component Browser:
    ./components/settings/theme-applier.tsx [Client Component Browser]
    ./components/providers.tsx [Client Component Browser]
    ./components/providers.tsx [Server Component]
    ./app/layout.tsx [Server Component]

  Client Component SSR:
    ./components/settings/theme-applier.tsx [Client Component SSR]
    ./components/providers.tsx [Client Component SSR]
    ./components/providers.tsx [Server Component]
    ./app/layout.tsx [Server Component] @ http://localhost:3005/_next/static/chunks/node_modules_next_dist_b0a279d5._.js:1945
[  308257ms] [ERROR] ./components/settings/theme-applier.tsx:4:1
Export DEFAULTS doesn't exist in target module
  2 |
  3 | import { useEffect } from 'react'
> 4 | import { applyThemeToDOM, DEFAULTS } from '@/hooks/use-settings'
    | ^^^^^^^^^^^^^^^^^^^^^^^^^^^^^^^^^^^^^^^^^^^^^^^^^^^^^^^^^^^^^^^^
  5 | import type { AppSettings } from '@/hooks/use-settings'
  6 |
  7 | // Runs once on mount across the whole app to apply persisted theme before first render flash

The export DEFAULTS was not found in module [project]/hooks/use-settings.ts [app-ssr] (ecmascript).
Did you mean to import useSettings?
All exports of the module are statically known (It doesn't have dynamic exports). So it's known statically that the requested export doesn't exist.

Import traces:
  Client Component Browser:
    ./components/settings/theme-applier.tsx [Client Component Browser]
    ./components/providers.tsx [Client Component Browser]
    ./components/providers.tsx [Server Component]
    ./app/layout.tsx [Server Component]

  Client Component SSR:
    ./components/settings/theme-applier.tsx [Client Component SSR]
    ./components/providers.tsx [Client Component SSR]
    ./components/providers.tsx [Server Component]
    ./app/layout.tsx [Server Component] @ http://localhost:3005/_next/static/chunks/node_modules_next_dist_b0a279d5._.js:1945
[  308257ms] [ERROR] ./components/settings/theme-applier.tsx:4:1
Export DEFAULTS doesn't exist in target module
  2 |
  3 | import { useEffect } from 'react'
> 4 | import { applyThemeToDOM, DEFAULTS } from '@/hooks/use-settings'
    | ^^^^^^^^^^^^^^^^^^^^^^^^^^^^^^^^^^^^^^^^^^^^^^^^^^^^^^^^^^^^^^^^
  5 | import type { AppSettings } from '@/hooks/use-settings'
  6 |
  7 | // Runs once on mount across the whole app to apply persisted theme before first render flash

The export DEFAULTS was not found in module [project]/hooks/use-settings.ts [app-client] (ecmascript).
Did you mean to import useSettings?
All exports of the module are statically known (It doesn't have dynamic exports). So it's known statically that the requested export doesn't exist.

Import traces:
  Client Component Browser:
    ./components/settings/theme-applier.tsx [Client Component Browser]
    ./components/providers.tsx [Client Component Browser]
    ./components/providers.tsx [Server Component]
    ./app/layout.tsx [Server Component]

  Client Component SSR:
    ./components/settings/theme-applier.tsx [Client Component SSR]
    ./components/providers.tsx [Client Component SSR]
    ./components/providers.tsx [Server Component]
    ./app/layout.tsx [Server Component] @ http://localhost:3005/_next/static/chunks/node_modules_next_dist_b0a279d5._.js:1945
[  308258ms] [ERROR] ./components/settings/theme-applier.tsx:4:1
Export DEFAULTS doesn't exist in target module
  2 |
  3 | import { useEffect } from 'react'
> 4 | import { applyThemeToDOM, DEFAULTS } from '@/hooks/use-settings'
    | ^^^^^^^^^^^^^^^^^^^^^^^^^^^^^^^^^^^^^^^^^^^^^^^^^^^^^^^^^^^^^^^^
  5 | import type { AppSettings } from '@/hooks/use-settings'
  6 |
  7 | // Runs once on mount across the whole app to apply persisted theme before first render flash

The export DEFAULTS was not found in module [project]/hooks/use-settings.ts [app-ssr] (ecmascript).
Did you mean to import useSettings?
All exports of the module are statically known (It doesn't have dynamic exports). So it's known statically that the requested export doesn't exist.

Import traces:
  Client Component Browser:
    ./components/settings/theme-applier.tsx [Client Component Browser]
    ./components/providers.tsx [Client Component Browser]
    ./components/providers.tsx [Server Component]
    ./app/layout.tsx [Server Component]

  Client Component SSR:
    ./components/settings/theme-applier.tsx [Client Component SSR]
    ./components/providers.tsx [Client Component SSR]
    ./components/providers.tsx [Server Component]
    ./app/layout.tsx [Server Component] @ http://localhost:3005/_next/static/chunks/node_modules_next_dist_b0a279d5._.js:1945
[  308258ms] [ERROR] ./components/settings/theme-applier.tsx:4:1
Export DEFAULTS doesn't exist in target module
  2 |
  3 | import { useEffect } from 'react'
> 4 | import { applyThemeToDOM, DEFAULTS } from '@/hooks/use-settings'
    | ^^^^^^^^^^^^^^^^^^^^^^^^^^^^^^^^^^^^^^^^^^^^^^^^^^^^^^^^^^^^^^^^
  5 | import type { AppSettings } from '@/hooks/use-settings'
  6 |
  7 | // Runs once on mount across the whole app to apply persisted theme before first render flash

The export DEFAULTS was not found in module [project]/hooks/use-settings.ts [app-client] (ecmascript).
Did you mean to import useSettings?
All exports of the module are statically known (It doesn't have dynamic exports). So it's known statically that the requested export doesn't exist.

Import traces:
  Client Component Browser:
    ./components/settings/theme-applier.tsx [Client Component Browser]
    ./components/providers.tsx [Client Component Browser]
    ./components/providers.tsx [Server Component]
    ./app/layout.tsx [Server Component]

  Client Component SSR:
    ./components/settings/theme-applier.tsx [Client Component SSR]
    ./components/providers.tsx [Client Component SSR]
    ./components/providers.tsx [Server Component]
    ./app/layout.tsx [Server Component] @ http://localhost:3005/_next/static/chunks/node_modules_next_dist_b0a279d5._.js:1945
[  308258ms] [ERROR] ./components/settings/theme-applier.tsx:4:1
Export DEFAULTS doesn't exist in target module
  2 |
  3 | import { useEffect } from 'react'
> 4 | import { applyThemeToDOM, DEFAULTS } from '@/hooks/use-settings'
    | ^^^^^^^^^^^^^^^^^^^^^^^^^^^^^^^^^^^^^^^^^^^^^^^^^^^^^^^^^^^^^^^^
  5 | import type { AppSettings } from '@/hooks/use-settings'
  6 |
  7 | // Runs once on mount across the whole app to apply persisted theme before first render flash

The export DEFAULTS was not found in module [project]/hooks/use-settings.ts [app-ssr] (ecmascript).
Did you mean to import useSettings?
All exports of the module are statically known (It doesn't have dynamic exports). So it's known statically that the requested export doesn't exist.

Import traces:
  Client Component Browser:
    ./components/settings/theme-applier.tsx [Client Component Browser]
    ./components/providers.tsx [Client Component Browser]
    ./components/providers.tsx [Server Component]
    ./app/layout.tsx [Server Component]

  Client Component SSR:
    ./components/settings/theme-applier.tsx [Client Component SSR]
    ./components/providers.tsx [Client Component SSR]
    ./components/providers.tsx [Server Component]
    ./app/layout.tsx [Server Component] @ http://localhost:3005/_next/static/chunks/node_modules_next_dist_b0a279d5._.js:1945
[  308366ms] [ERROR] ./components/settings/theme-applier.tsx:4:1
Export DEFAULTS doesn't exist in target module
  2 |
  3 | import { useEffect } from 'react'
> 4 | import { applyThemeToDOM, DEFAULTS } from '@/hooks/use-settings'
    | ^^^^^^^^^^^^^^^^^^^^^^^^^^^^^^^^^^^^^^^^^^^^^^^^^^^^^^^^^^^^^^^^
  5 | import type { AppSettings } from '@/hooks/use-settings'
  6 |
  7 | // Runs once on mount across the whole app to apply persisted theme before first render flash

The export DEFAULTS was not found in module [project]/hooks/use-settings.ts [app-client] (ecmascript).
Did you mean to import useSettings?
All exports of the module are statically known (It doesn't have dynamic exports). So it's known statically that the requested export doesn't exist.

Import traces:
  Client Component Browser:
    ./components/settings/theme-applier.tsx [Client Component Browser]
    ./components/providers.tsx [Client Component Browser]
    ./components/providers.tsx [Server Component]
    ./app/layout.tsx [Server Component]

  Client Component SSR:
    ./components/settings/theme-applier.tsx [Client Component SSR]
    ./components/providers.tsx [Client Component SSR]
    ./components/providers.tsx [Server Component]
    ./app/layout.tsx [Server Component] @ http://localhost:3005/_next/static/chunks/node_modules_next_dist_b0a279d5._.js:1945
[  308366ms] [ERROR] ./components/settings/theme-applier.tsx:4:1
Export DEFAULTS doesn't exist in target module
  2 |
  3 | import { useEffect } from 'react'
> 4 | import { applyThemeToDOM, DEFAULTS } from '@/hooks/use-settings'
    | ^^^^^^^^^^^^^^^^^^^^^^^^^^^^^^^^^^^^^^^^^^^^^^^^^^^^^^^^^^^^^^^^
  5 | import type { AppSettings } from '@/hooks/use-settings'
  6 |
  7 | // Runs once on mount across the whole app to apply persisted theme before first render flash

The export DEFAULTS was not found in module [project]/hooks/use-settings.ts [app-ssr] (ecmascript).
Did you mean to import useSettings?
All exports of the module are statically known (It doesn't have dynamic exports). So it's known statically that the requested export doesn't exist.

Import traces:
  Client Component Browser:
    ./components/settings/theme-applier.tsx [Client Component Browser]
    ./components/providers.tsx [Client Component Browser]
    ./components/providers.tsx [Server Component]
    ./app/layout.tsx [Server Component]

  Client Component SSR:
    ./components/settings/theme-applier.tsx [Client Component SSR]
    ./components/providers.tsx [Client Component SSR]
    ./components/providers.tsx [Server Component]
    ./app/layout.tsx [Server Component] @ http://localhost:3005/_next/static/chunks/node_modules_next_dist_b0a279d5._.js:1945
[  308427ms] [ERROR] ./components/settings/theme-applier.tsx:4:1
Export DEFAULTS doesn't exist in target module
  2 |
  3 | import { useEffect } from 'react'
> 4 | import { applyThemeToDOM, DEFAULTS } from '@/hooks/use-settings'
    | ^^^^^^^^^^^^^^^^^^^^^^^^^^^^^^^^^^^^^^^^^^^^^^^^^^^^^^^^^^^^^^^^
  5 | import type { AppSettings } from '@/hooks/use-settings'
  6 |
  7 | // Runs once on mount across the whole app to apply persisted theme before first render flash

The export DEFAULTS was not found in module [project]/hooks/use-settings.ts [app-client] (ecmascript).
Did you mean to import useSettings?
All exports of the module are statically known (It doesn't have dynamic exports). So it's known statically that the requested export doesn't exist.

Import traces:
  Client Component Browser:
    ./components/settings/theme-applier.tsx [Client Component Browser]
    ./components/providers.tsx [Client Component Browser]
    ./components/providers.tsx [Server Component]
    ./app/layout.tsx [Server Component]

  Client Component SSR:
    ./components/settings/theme-applier.tsx [Client Component SSR]
    ./components/providers.tsx [Client Component SSR]
    ./components/providers.tsx [Server Component]
    ./app/layout.tsx [Server Component] @ http://localhost:3005/_next/static/chunks/node_modules_next_dist_b0a279d5._.js:1945
[  308427ms] [ERROR] ./components/settings/theme-applier.tsx:4:1
Export DEFAULTS doesn't exist in target module
  2 |
  3 | import { useEffect } from 'react'
> 4 | import { applyThemeToDOM, DEFAULTS } from '@/hooks/use-settings'
    | ^^^^^^^^^^^^^^^^^^^^^^^^^^^^^^^^^^^^^^^^^^^^^^^^^^^^^^^^^^^^^^^^
  5 | import type { AppSettings } from '@/hooks/use-settings'
  6 |
  7 | // Runs once on mount across the whole app to apply persisted theme before first render flash

The export DEFAULTS was not found in module [project]/hooks/use-settings.ts [app-ssr] (ecmascript).
Did you mean to import useSettings?
All exports of the module are statically known (It doesn't have dynamic exports). So it's known statically that the requested export doesn't exist.

Import traces:
  Client Component Browser:
    ./components/settings/theme-applier.tsx [Client Component Browser]
    ./components/providers.tsx [Client Component Browser]
    ./components/providers.tsx [Server Component]
    ./app/layout.tsx [Server Component]

  Client Component SSR:
    ./components/settings/theme-applier.tsx [Client Component SSR]
    ./components/providers.tsx [Client Component SSR]
    ./components/providers.tsx [Server Component]
    ./app/layout.tsx [Server Component] @ http://localhost:3005/_next/static/chunks/node_modules_next_dist_b0a279d5._.js:1945
[  308487ms] [ERROR] ./components/settings/theme-applier.tsx:4:1
Export DEFAULTS doesn't exist in target module
  2 |
  3 | import { useEffect } from 'react'
> 4 | import { applyThemeToDOM, DEFAULTS } from '@/hooks/use-settings'
    | ^^^^^^^^^^^^^^^^^^^^^^^^^^^^^^^^^^^^^^^^^^^^^^^^^^^^^^^^^^^^^^^^
  5 | import type { AppSettings } from '@/hooks/use-settings'
  6 |
  7 | // Runs once on mount across the whole app to apply persisted theme before first render flash

The export DEFAULTS was not found in module [project]/hooks/use-settings.ts [app-client] (ecmascript).
Did you mean to import useSettings?
All exports of the module are statically known (It doesn't have dynamic exports). So it's known statically that the requested export doesn't exist.

Import traces:
  Client Component Browser:
    ./components/settings/theme-applier.tsx [Client Component Browser]
    ./components/providers.tsx [Client Component Browser]
    ./components/providers.tsx [Server Component]
    ./app/layout.tsx [Server Component]

  Client Component SSR:
    ./components/settings/theme-applier.tsx [Client Component SSR]
    ./components/providers.tsx [Client Component SSR]
    ./components/providers.tsx [Server Component]
    ./app/layout.tsx [Server Component] @ http://localhost:3005/_next/static/chunks/node_modules_next_dist_b0a279d5._.js:1945
[  308487ms] [ERROR] ./components/settings/theme-applier.tsx:4:1
Export DEFAULTS doesn't exist in target module
  2 |
  3 | import { useEffect } from 'react'
> 4 | import { applyThemeToDOM, DEFAULTS } from '@/hooks/use-settings'
    | ^^^^^^^^^^^^^^^^^^^^^^^^^^^^^^^^^^^^^^^^^^^^^^^^^^^^^^^^^^^^^^^^
  5 | import type { AppSettings } from '@/hooks/use-settings'
  6 |
  7 | // Runs once on mount across the whole app to apply persisted theme before first render flash

The export DEFAULTS was not found in module [project]/hooks/use-settings.ts [app-ssr] (ecmascript).
Did you mean to import useSettings?
All exports of the module are statically known (It doesn't have dynamic exports). So it's known statically that the requested export doesn't exist.

Import traces:
  Client Component Browser:
    ./components/settings/theme-applier.tsx [Client Component Browser]
    ./components/providers.tsx [Client Component Browser]
    ./components/providers.tsx [Server Component]
    ./app/layout.tsx [Server Component]

  Client Component SSR:
    ./components/settings/theme-applier.tsx [Client Component SSR]
    ./components/providers.tsx [Client Component SSR]
    ./components/providers.tsx [Server Component]
    ./app/layout.tsx [Server Component] @ http://localhost:3005/_next/static/chunks/node_modules_next_dist_b0a279d5._.js:1945
[  308547ms] [ERROR] ./components/settings/theme-applier.tsx:4:1
Export DEFAULTS doesn't exist in target module
  2 |
  3 | import { useEffect } from 'react'
> 4 | import { applyThemeToDOM, DEFAULTS } from '@/hooks/use-settings'
    | ^^^^^^^^^^^^^^^^^^^^^^^^^^^^^^^^^^^^^^^^^^^^^^^^^^^^^^^^^^^^^^^^
  5 | import type { AppSettings } from '@/hooks/use-settings'
  6 |
  7 | // Runs once on mount across the whole app to apply persisted theme before first render flash

The export DEFAULTS was not found in module [project]/hooks/use-settings.ts [app-client] (ecmascript).
Did you mean to import useSettings?
All exports of the module are statically known (It doesn't have dynamic exports). So it's known statically that the requested export doesn't exist.

Import traces:
  Client Component Browser:
    ./components/settings/theme-applier.tsx [Client Component Browser]
    ./components/providers.tsx [Client Component Browser]
    ./components/providers.tsx [Server Component]
    ./app/layout.tsx [Server Component]

  Client Component SSR:
    ./components/settings/theme-applier.tsx [Client Component SSR]
    ./components/providers.tsx [Client Component SSR]
    ./components/providers.tsx [Server Component]
    ./app/layout.tsx [Server Component] @ http://localhost:3005/_next/static/chunks/node_modules_next_dist_b0a279d5._.js:1945
[  308547ms] [ERROR] ./components/settings/theme-applier.tsx:4:1
Export DEFAULTS doesn't exist in target module
  2 |
  3 | import { useEffect } from 'react'
> 4 | import { applyThemeToDOM, DEFAULTS } from '@/hooks/use-settings'
    | ^^^^^^^^^^^^^^^^^^^^^^^^^^^^^^^^^^^^^^^^^^^^^^^^^^^^^^^^^^^^^^^^
  5 | import type { AppSettings } from '@/hooks/use-settings'
  6 |
  7 | // Runs once on mount across the whole app to apply persisted theme before first render flash

The export DEFAULTS was not found in module [project]/hooks/use-settings.ts [app-ssr] (ecmascript).
Did you mean to import useSettings?
All exports of the module are statically known (It doesn't have dynamic exports). So it's known statically that the requested export doesn't exist.

Import traces:
  Client Component Browser:
    ./components/settings/theme-applier.tsx [Client Component Browser]
    ./components/providers.tsx [Client Component Browser]
    ./components/providers.tsx [Server Component]
    ./app/layout.tsx [Server Component]

  Client Component SSR:
    ./components/settings/theme-applier.tsx [Client Component SSR]
    ./components/providers.tsx [Client Component SSR]
    ./components/providers.tsx [Server Component]
    ./app/layout.tsx [Server Component] @ http://localhost:3005/_next/static/chunks/node_modules_next_dist_b0a279d5._.js:1945
[  308610ms] [ERROR] ./components/settings/theme-applier.tsx:4:1
Export DEFAULTS doesn't exist in target module
  2 |
  3 | import { useEffect } from 'react'
> 4 | import { applyThemeToDOM, DEFAULTS } from '@/hooks/use-settings'
    | ^^^^^^^^^^^^^^^^^^^^^^^^^^^^^^^^^^^^^^^^^^^^^^^^^^^^^^^^^^^^^^^^
  5 | import type { AppSettings } from '@/hooks/use-settings'
  6 |
  7 | // Runs once on mount across the whole app to apply persisted theme before first render flash

The export DEFAULTS was not found in module [project]/hooks/use-settings.ts [app-client] (ecmascript).
Did you mean to import useSettings?
All exports of the module are statically known (It doesn't have dynamic exports). So it's known statically that the requested export doesn't exist.

Import traces:
  Client Component Browser:
    ./components/settings/theme-applier.tsx [Client Component Browser]
    ./components/providers.tsx [Client Component Browser]
    ./components/providers.tsx [Server Component]
    ./app/layout.tsx [Server Component]

  Client Component SSR:
    ./components/settings/theme-applier.tsx [Client Component SSR]
    ./components/providers.tsx [Client Component SSR]
    ./components/providers.tsx [Server Component]
    ./app/layout.tsx [Server Component] @ http://localhost:3005/_next/static/chunks/node_modules_next_dist_b0a279d5._.js:1945
[  308610ms] [ERROR] ./components/settings/theme-applier.tsx:4:1
Export DEFAULTS doesn't exist in target module
  2 |
  3 | import { useEffect } from 'react'
> 4 | import { applyThemeToDOM, DEFAULTS } from '@/hooks/use-settings'
    | ^^^^^^^^^^^^^^^^^^^^^^^^^^^^^^^^^^^^^^^^^^^^^^^^^^^^^^^^^^^^^^^^
  5 | import type { AppSettings } from '@/hooks/use-settings'
  6 |
  7 | // Runs once on mount across the whole app to apply persisted theme before first render flash

The export DEFAULTS was not found in module [project]/hooks/use-settings.ts [app-ssr] (ecmascript).
Did you mean to import useSettings?
All exports of the module are statically known (It doesn't have dynamic exports). So it's known statically that the requested export doesn't exist.

Import traces:
  Client Component Browser:
    ./components/settings/theme-applier.tsx [Client Component Browser]
    ./components/providers.tsx [Client Component Browser]
    ./components/providers.tsx [Server Component]
    ./app/layout.tsx [Server Component]

  Client Component SSR:
    ./components/settings/theme-applier.tsx [Client Component SSR]
    ./components/providers.tsx [Client Component SSR]
    ./components/providers.tsx [Server Component]
    ./app/layout.tsx [Server Component] @ http://localhost:3005/_next/static/chunks/node_modules_next_dist_b0a279d5._.js:1945
[  308674ms] [ERROR] ./components/settings/theme-applier.tsx:4:1
Export DEFAULTS doesn't exist in target module
  2 |
  3 | import { useEffect } from 'react'
> 4 | import { applyThemeToDOM, DEFAULTS } from '@/hooks/use-settings'
    | ^^^^^^^^^^^^^^^^^^^^^^^^^^^^^^^^^^^^^^^^^^^^^^^^^^^^^^^^^^^^^^^^
  5 | import type { AppSettings } from '@/hooks/use-settings'
  6 |
  7 | // Runs once on mount across the whole app to apply persisted theme before first render flash

The export DEFAULTS was not found in module [project]/hooks/use-settings.ts [app-client] (ecmascript).
Did you mean to import useSettings?
All exports of the module are statically known (It doesn't have dynamic exports). So it's known statically that the requested export doesn't exist.

Import traces:
  Client Component Browser:
    ./components/settings/theme-applier.tsx [Client Component Browser]
    ./components/providers.tsx [Client Component Browser]
    ./components/providers.tsx [Server Component]
    ./app/layout.tsx [Server Component]

  Client Component SSR:
    ./components/settings/theme-applier.tsx [Client Component SSR]
    ./components/providers.tsx [Client Component SSR]
    ./components/providers.tsx [Server Component]
    ./app/layout.tsx [Server Component] @ http://localhost:3005/_next/static/chunks/node_modules_next_dist_b0a279d5._.js:1945
[  308674ms] [ERROR] ./components/settings/theme-applier.tsx:4:1
Export DEFAULTS doesn't exist in target module
  2 |
  3 | import { useEffect } from 'react'
> 4 | import { applyThemeToDOM, DEFAULTS } from '@/hooks/use-settings'
    | ^^^^^^^^^^^^^^^^^^^^^^^^^^^^^^^^^^^^^^^^^^^^^^^^^^^^^^^^^^^^^^^^
  5 | import type { AppSettings } from '@/hooks/use-settings'
  6 |
  7 | // Runs once on mount across the whole app to apply persisted theme before first render flash

The export DEFAULTS was not found in module [project]/hooks/use-settings.ts [app-ssr] (ecmascript).
Did you mean to import useSettings?
All exports of the module are statically known (It doesn't have dynamic exports). So it's known statically that the requested export doesn't exist.

Import traces:
  Client Component Browser:
    ./components/settings/theme-applier.tsx [Client Component Browser]
    ./components/providers.tsx [Client Component Browser]
    ./components/providers.tsx [Server Component]
    ./app/layout.tsx [Server Component]

  Client Component SSR:
    ./components/settings/theme-applier.tsx [Client Component SSR]
    ./components/providers.tsx [Client Component SSR]
    ./components/providers.tsx [Server Component]
    ./app/layout.tsx [Server Component] @ http://localhost:3005/_next/static/chunks/node_modules_next_dist_b0a279d5._.js:1945
[  308736ms] [ERROR] ./components/settings/theme-applier.tsx:4:1
Export DEFAULTS doesn't exist in target module
  2 |
  3 | import { useEffect } from 'react'
> 4 | import { applyThemeToDOM, DEFAULTS } from '@/hooks/use-settings'
    | ^^^^^^^^^^^^^^^^^^^^^^^^^^^^^^^^^^^^^^^^^^^^^^^^^^^^^^^^^^^^^^^^
  5 | import type { AppSettings } from '@/hooks/use-settings'
  6 |
  7 | // Runs once on mount across the whole app to apply persisted theme before first render flash

The export DEFAULTS was not found in module [project]/hooks/use-settings.ts [app-client] (ecmascript).
Did you mean to import useSettings?
All exports of the module are statically known (It doesn't have dynamic exports). So it's known statically that the requested export doesn't exist.

Import traces:
  Client Component Browser:
    ./components/settings/theme-applier.tsx [Client Component Browser]
    ./components/providers.tsx [Client Component Browser]
    ./components/providers.tsx [Server Component]
    ./app/layout.tsx [Server Component]

  Client Component SSR:
    ./components/settings/theme-applier.tsx [Client Component SSR]
    ./components/providers.tsx [Client Component SSR]
    ./components/providers.tsx [Server Component]
    ./app/layout.tsx [Server Component] @ http://localhost:3005/_next/static/chunks/node_modules_next_dist_b0a279d5._.js:1945
[  308737ms] [ERROR] ./components/settings/theme-applier.tsx:4:1
Export DEFAULTS doesn't exist in target module
  2 |
  3 | import { useEffect } from 'react'
> 4 | import { applyThemeToDOM, DEFAULTS } from '@/hooks/use-settings'
    | ^^^^^^^^^^^^^^^^^^^^^^^^^^^^^^^^^^^^^^^^^^^^^^^^^^^^^^^^^^^^^^^^
  5 | import type { AppSettings } from '@/hooks/use-settings'
  6 |
  7 | // Runs once on mount across the whole app to apply persisted theme before first render flash

The export DEFAULTS was not found in module [project]/hooks/use-settings.ts [app-ssr] (ecmascript).
Did you mean to import useSettings?
All exports of the module are statically known (It doesn't have dynamic exports). So it's known statically that the requested export doesn't exist.

Import traces:
  Client Component Browser:
    ./components/settings/theme-applier.tsx [Client Component Browser]
    ./components/providers.tsx [Client Component Browser]
    ./components/providers.tsx [Server Component]
    ./app/layout.tsx [Server Component]

  Client Component SSR:
    ./components/settings/theme-applier.tsx [Client Component SSR]
    ./components/providers.tsx [Client Component SSR]
    ./components/providers.tsx [Server Component]
    ./app/layout.tsx [Server Component] @ http://localhost:3005/_next/static/chunks/node_modules_next_dist_b0a279d5._.js:1945
[  308799ms] [ERROR] ./components/settings/theme-applier.tsx:4:1
Export DEFAULTS doesn't exist in target module
  2 |
  3 | import { useEffect } from 'react'
> 4 | import { applyThemeToDOM, DEFAULTS } from '@/hooks/use-settings'
    | ^^^^^^^^^^^^^^^^^^^^^^^^^^^^^^^^^^^^^^^^^^^^^^^^^^^^^^^^^^^^^^^^
  5 | import type { AppSettings } from '@/hooks/use-settings'
  6 |
  7 | // Runs once on mount across the whole app to apply persisted theme before first render flash

The export DEFAULTS was not found in module [project]/hooks/use-settings.ts [app-client] (ecmascript).
Did you mean to import useSettings?
All exports of the module are statically known (It doesn't have dynamic exports). So it's known statically that the requested export doesn't exist.

Import traces:
  Client Component Browser:
    ./components/settings/theme-applier.tsx [Client Component Browser]
    ./components/providers.tsx [Client Component Browser]
    ./components/providers.tsx [Server Component]
    ./app/layout.tsx [Server Component]

  Client Component SSR:
    ./components/settings/theme-applier.tsx [Client Component SSR]
    ./components/providers.tsx [Client Component SSR]
    ./components/providers.tsx [Server Component]
    ./app/layout.tsx [Server Component] @ http://localhost:3005/_next/static/chunks/node_modules_next_dist_b0a279d5._.js:1945
[  308799ms] [ERROR] ./components/settings/theme-applier.tsx:4:1
Export DEFAULTS doesn't exist in target module
  2 |
  3 | import { useEffect } from 'react'
> 4 | import { applyThemeToDOM, DEFAULTS } from '@/hooks/use-settings'
    | ^^^^^^^^^^^^^^^^^^^^^^^^^^^^^^^^^^^^^^^^^^^^^^^^^^^^^^^^^^^^^^^^
  5 | import type { AppSettings } from '@/hooks/use-settings'
  6 |
  7 | // Runs once on mount across the whole app to apply persisted theme before first render flash

The export DEFAULTS was not found in module [project]/hooks/use-settings.ts [app-ssr] (ecmascript).
Did you mean to import useSettings?
All exports of the module are statically known (It doesn't have dynamic exports). So it's known statically that the requested export doesn't exist.

Import traces:
  Client Component Browser:
    ./components/settings/theme-applier.tsx [Client Component Browser]
    ./components/providers.tsx [Client Component Browser]
    ./components/providers.tsx [Server Component]
    ./app/layout.tsx [Server Component]

  Client Component SSR:
    ./components/settings/theme-applier.tsx [Client Component SSR]
    ./components/providers.tsx [Client Component SSR]
    ./components/providers.tsx [Server Component]
    ./app/layout.tsx [Server Component] @ http://localhost:3005/_next/static/chunks/node_modules_next_dist_b0a279d5._.js:1945
[  308862ms] [ERROR] ./components/settings/theme-applier.tsx:4:1
Export DEFAULTS doesn't exist in target module
  2 |
  3 | import { useEffect } from 'react'
> 4 | import { applyThemeToDOM, DEFAULTS } from '@/hooks/use-settings'
    | ^^^^^^^^^^^^^^^^^^^^^^^^^^^^^^^^^^^^^^^^^^^^^^^^^^^^^^^^^^^^^^^^
  5 | import type { AppSettings } from '@/hooks/use-settings'
  6 |
  7 | // Runs once on mount across the whole app to apply persisted theme before first render flash

The export DEFAULTS was not found in module [project]/hooks/use-settings.ts [app-client] (ecmascript).
Did you mean to import useSettings?
All exports of the module are statically known (It doesn't have dynamic exports). So it's known statically that the requested export doesn't exist.

Import traces:
  Client Component Browser:
    ./components/settings/theme-applier.tsx [Client Component Browser]
    ./components/providers.tsx [Client Component Browser]
    ./components/providers.tsx [Server Component]
    ./app/layout.tsx [Server Component]

  Client Component SSR:
    ./components/settings/theme-applier.tsx [Client Component SSR]
    ./components/providers.tsx [Client Component SSR]
    ./components/providers.tsx [Server Component]
    ./app/layout.tsx [Server Component] @ http://localhost:3005/_next/static/chunks/node_modules_next_dist_b0a279d5._.js:1945
[  308862ms] [ERROR] ./components/settings/theme-applier.tsx:4:1
Export DEFAULTS doesn't exist in target module
  2 |
  3 | import { useEffect } from 'react'
> 4 | import { applyThemeToDOM, DEFAULTS } from '@/hooks/use-settings'
    | ^^^^^^^^^^^^^^^^^^^^^^^^^^^^^^^^^^^^^^^^^^^^^^^^^^^^^^^^^^^^^^^^
  5 | import type { AppSettings } from '@/hooks/use-settings'
  6 |
  7 | // Runs once on mount across the whole app to apply persisted theme before first render flash

The export DEFAULTS was not found in module [project]/hooks/use-settings.ts [app-ssr] (ecmascript).
Did you mean to import useSettings?
All exports of the module are statically known (It doesn't have dynamic exports). So it's known statically that the requested export doesn't exist.

Import traces:
  Client Component Browser:
    ./components/settings/theme-applier.tsx [Client Component Browser]
    ./components/providers.tsx [Client Component Browser]
    ./components/providers.tsx [Server Component]
    ./app/layout.tsx [Server Component]

  Client Component SSR:
    ./components/settings/theme-applier.tsx [Client Component SSR]
    ./components/providers.tsx [Client Component SSR]
    ./components/providers.tsx [Server Component]
    ./app/layout.tsx [Server Component] @ http://localhost:3005/_next/static/chunks/node_modules_next_dist_b0a279d5._.js:1945
[  308925ms] [ERROR] ./components/settings/theme-applier.tsx:4:1
Export DEFAULTS doesn't exist in target module
  2 |
  3 | import { useEffect } from 'react'
> 4 | import { applyThemeToDOM, DEFAULTS } from '@/hooks/use-settings'
    | ^^^^^^^^^^^^^^^^^^^^^^^^^^^^^^^^^^^^^^^^^^^^^^^^^^^^^^^^^^^^^^^^
  5 | import type { AppSettings } from '@/hooks/use-settings'
  6 |
  7 | // Runs once on mount across the whole app to apply persisted theme before first render flash

The export DEFAULTS was not found in module [project]/hooks/use-settings.ts [app-client] (ecmascript).
Did you mean to import useSettings?
All exports of the module are statically known (It doesn't have dynamic exports). So it's known statically that the requested export doesn't exist.

Import traces:
  Client Component Browser:
    ./components/settings/theme-applier.tsx [Client Component Browser]
    ./components/providers.tsx [Client Component Browser]
    ./components/providers.tsx [Server Component]
    ./app/layout.tsx [Server Component]

  Client Component SSR:
    ./components/settings/theme-applier.tsx [Client Component SSR]
    ./components/providers.tsx [Client Component SSR]
    ./components/providers.tsx [Server Component]
    ./app/layout.tsx [Server Component] @ http://localhost:3005/_next/static/chunks/node_modules_next_dist_b0a279d5._.js:1945
[  308926ms] [ERROR] ./components/settings/theme-applier.tsx:4:1
Export DEFAULTS doesn't exist in target module
  2 |
  3 | import { useEffect } from 'react'
> 4 | import { applyThemeToDOM, DEFAULTS } from '@/hooks/use-settings'
    | ^^^^^^^^^^^^^^^^^^^^^^^^^^^^^^^^^^^^^^^^^^^^^^^^^^^^^^^^^^^^^^^^
  5 | import type { AppSettings } from '@/hooks/use-settings'
  6 |
  7 | // Runs once on mount across the whole app to apply persisted theme before first render flash

The export DEFAULTS was not found in module [project]/hooks/use-settings.ts [app-ssr] (ecmascript).
Did you mean to import useSettings?
All exports of the module are statically known (It doesn't have dynamic exports). So it's known statically that the requested export doesn't exist.

Import traces:
  Client Component Browser:
    ./components/settings/theme-applier.tsx [Client Component Browser]
    ./components/providers.tsx [Client Component Browser]
    ./components/providers.tsx [Server Component]
    ./app/layout.tsx [Server Component]

  Client Component SSR:
    ./components/settings/theme-applier.tsx [Client Component SSR]
    ./components/providers.tsx [Client Component SSR]
    ./components/providers.tsx [Server Component]
    ./app/layout.tsx [Server Component] @ http://localhost:3005/_next/static/chunks/node_modules_next_dist_b0a279d5._.js:1945
[  308985ms] [ERROR] ./components/settings/theme-applier.tsx:4:1
Export DEFAULTS doesn't exist in target module
  2 |
  3 | import { useEffect } from 'react'
> 4 | import { applyThemeToDOM, DEFAULTS } from '@/hooks/use-settings'
    | ^^^^^^^^^^^^^^^^^^^^^^^^^^^^^^^^^^^^^^^^^^^^^^^^^^^^^^^^^^^^^^^^
  5 | import type { AppSettings } from '@/hooks/use-settings'
  6 |
  7 | // Runs once on mount across the whole app to apply persisted theme before first render flash

The export DEFAULTS was not found in module [project]/hooks/use-settings.ts [app-client] (ecmascript).
Did you mean to import useSettings?
All exports of the module are statically known (It doesn't have dynamic exports). So it's known statically that the requested export doesn't exist.

Import traces:
  Client Component Browser:
    ./components/settings/theme-applier.tsx [Client Component Browser]
    ./components/providers.tsx [Client Component Browser]
    ./components/providers.tsx [Server Component]
    ./app/layout.tsx [Server Component]

  Client Component SSR:
    ./components/settings/theme-applier.tsx [Client Component SSR]
    ./components/providers.tsx [Client Component SSR]
    ./components/providers.tsx [Server Component]
    ./app/layout.tsx [Server Component] @ http://localhost:3005/_next/static/chunks/node_modules_next_dist_b0a279d5._.js:1945
[  308985ms] [ERROR] ./components/settings/theme-applier.tsx:4:1
Export DEFAULTS doesn't exist in target module
  2 |
  3 | import { useEffect } from 'react'
> 4 | import { applyThemeToDOM, DEFAULTS } from '@/hooks/use-settings'
    | ^^^^^^^^^^^^^^^^^^^^^^^^^^^^^^^^^^^^^^^^^^^^^^^^^^^^^^^^^^^^^^^^
  5 | import type { AppSettings } from '@/hooks/use-settings'
  6 |
  7 | // Runs once on mount across the whole app to apply persisted theme before first render flash

The export DEFAULTS was not found in module [project]/hooks/use-settings.ts [app-ssr] (ecmascript).
Did you mean to import useSettings?
All exports of the module are statically known (It doesn't have dynamic exports). So it's known statically that the requested export doesn't exist.

Import traces:
  Client Component Browser:
    ./components/settings/theme-applier.tsx [Client Component Browser]
    ./components/providers.tsx [Client Component Browser]
    ./components/providers.tsx [Server Component]
    ./app/layout.tsx [Server Component]

  Client Component SSR:
    ./components/settings/theme-applier.tsx [Client Component SSR]
    ./components/providers.tsx [Client Component SSR]
    ./components/providers.tsx [Server Component]
    ./app/layout.tsx [Server Component] @ http://localhost:3005/_next/static/chunks/node_modules_next_dist_b0a279d5._.js:1945
[  309046ms] [ERROR] ./components/settings/theme-applier.tsx:4:1
Export DEFAULTS doesn't exist in target module
  2 |
  3 | import { useEffect } from 'react'
> 4 | import { applyThemeToDOM, DEFAULTS } from '@/hooks/use-settings'
    | ^^^^^^^^^^^^^^^^^^^^^^^^^^^^^^^^^^^^^^^^^^^^^^^^^^^^^^^^^^^^^^^^
  5 | import type { AppSettings } from '@/hooks/use-settings'
  6 |
  7 | // Runs once on mount across the whole app to apply persisted theme before first render flash

The export DEFAULTS was not found in module [project]/hooks/use-settings.ts [app-client] (ecmascript).
Did you mean to import useSettings?
All exports of the module are statically known (It doesn't have dynamic exports). So it's known statically that the requested export doesn't exist.

Import traces:
  Client Component Browser:
    ./components/settings/theme-applier.tsx [Client Component Browser]
    ./components/providers.tsx [Client Component Browser]
    ./components/providers.tsx [Server Component]
    ./app/layout.tsx [Server Component]

  Client Component SSR:
    ./components/settings/theme-applier.tsx [Client Component SSR]
    ./components/providers.tsx [Client Component SSR]
    ./components/providers.tsx [Server Component]
    ./app/layout.tsx [Server Component] @ http://localhost:3005/_next/static/chunks/node_modules_next_dist_b0a279d5._.js:1945
[  309046ms] [ERROR] ./components/settings/theme-applier.tsx:4:1
Export DEFAULTS doesn't exist in target module
  2 |
  3 | import { useEffect } from 'react'
> 4 | import { applyThemeToDOM, DEFAULTS } from '@/hooks/use-settings'
    | ^^^^^^^^^^^^^^^^^^^^^^^^^^^^^^^^^^^^^^^^^^^^^^^^^^^^^^^^^^^^^^^^
  5 | import type { AppSettings } from '@/hooks/use-settings'
  6 |
  7 | // Runs once on mount across the whole app to apply persisted theme before first render flash

The export DEFAULTS was not found in module [project]/hooks/use-settings.ts [app-ssr] (ecmascript).
Did you mean to import useSettings?
All exports of the module are statically known (It doesn't have dynamic exports). So it's known statically that the requested export doesn't exist.

Import traces:
  Client Component Browser:
    ./components/settings/theme-applier.tsx [Client Component Browser]
    ./components/providers.tsx [Client Component Browser]
    ./components/providers.tsx [Server Component]
    ./app/layout.tsx [Server Component]

  Client Component SSR:
    ./components/settings/theme-applier.tsx [Client Component SSR]
    ./components/providers.tsx [Client Component SSR]
    ./components/providers.tsx [Server Component]
    ./app/layout.tsx [Server Component] @ http://localhost:3005/_next/static/chunks/node_modules_next_dist_b0a279d5._.js:1945
[  309110ms] [ERROR] ./components/settings/theme-applier.tsx:4:1
Export DEFAULTS doesn't exist in target module
  2 |
  3 | import { useEffect } from 'react'
> 4 | import { applyThemeToDOM, DEFAULTS } from '@/hooks/use-settings'
    | ^^^^^^^^^^^^^^^^^^^^^^^^^^^^^^^^^^^^^^^^^^^^^^^^^^^^^^^^^^^^^^^^
  5 | import type { AppSettings } from '@/hooks/use-settings'
  6 |
  7 | // Runs once on mount across the whole app to apply persisted theme before first render flash

The export DEFAULTS was not found in module [project]/hooks/use-settings.ts [app-client] (ecmascript).
Did you mean to import useSettings?
All exports of the module are statically known (It doesn't have dynamic exports). So it's known statically that the requested export doesn't exist.

Import traces:
  Client Component Browser:
    ./components/settings/theme-applier.tsx [Client Component Browser]
    ./components/providers.tsx [Client Component Browser]
    ./components/providers.tsx [Server Component]
    ./app/layout.tsx [Server Component]

  Client Component SSR:
    ./components/settings/theme-applier.tsx [Client Component SSR]
    ./components/providers.tsx [Client Component SSR]
    ./components/providers.tsx [Server Component]
    ./app/layout.tsx [Server Component] @ http://localhost:3005/_next/static/chunks/node_modules_next_dist_b0a279d5._.js:1945
[  309110ms] [ERROR] ./components/settings/theme-applier.tsx:4:1
Export DEFAULTS doesn't exist in target module
  2 |
  3 | import { useEffect } from 'react'
> 4 | import { applyThemeToDOM, DEFAULTS } from '@/hooks/use-settings'
    | ^^^^^^^^^^^^^^^^^^^^^^^^^^^^^^^^^^^^^^^^^^^^^^^^^^^^^^^^^^^^^^^^
  5 | import type { AppSettings } from '@/hooks/use-settings'
  6 |
  7 | // Runs once on mount across the whole app to apply persisted theme before first render flash

The export DEFAULTS was not found in module [project]/hooks/use-settings.ts [app-ssr] (ecmascript).
Did you mean to import useSettings?
All exports of the module are statically known (It doesn't have dynamic exports). So it's known statically that the requested export doesn't exist.

Import traces:
  Client Component Browser:
    ./components/settings/theme-applier.tsx [Client Component Browser]
    ./components/providers.tsx [Client Component Browser]
    ./components/providers.tsx [Server Component]
    ./app/layout.tsx [Server Component]

  Client Component SSR:
    ./components/settings/theme-applier.tsx [Client Component SSR]
    ./components/providers.tsx [Client Component SSR]
    ./components/providers.tsx [Server Component]
    ./app/layout.tsx [Server Component] @ http://localhost:3005/_next/static/chunks/node_modules_next_dist_b0a279d5._.js:1945
[  309172ms] [ERROR] ./components/settings/theme-applier.tsx:4:1
Export DEFAULTS doesn't exist in target module
  2 |
  3 | import { useEffect } from 'react'
> 4 | import { applyThemeToDOM, DEFAULTS } from '@/hooks/use-settings'
    | ^^^^^^^^^^^^^^^^^^^^^^^^^^^^^^^^^^^^^^^^^^^^^^^^^^^^^^^^^^^^^^^^
  5 | import type { AppSettings } from '@/hooks/use-settings'
  6 |
  7 | // Runs once on mount across the whole app to apply persisted theme before first render flash

The export DEFAULTS was not found in module [project]/hooks/use-settings.ts [app-client] (ecmascript).
Did you mean to import useSettings?
All exports of the module are statically known (It doesn't have dynamic exports). So it's known statically that the requested export doesn't exist.

Import traces:
  Client Component Browser:
    ./components/settings/theme-applier.tsx [Client Component Browser]
    ./components/providers.tsx [Client Component Browser]
    ./components/providers.tsx [Server Component]
    ./app/layout.tsx [Server Component]

  Client Component SSR:
    ./components/settings/theme-applier.tsx [Client Component SSR]
    ./components/providers.tsx [Client Component SSR]
    ./components/providers.tsx [Server Component]
    ./app/layout.tsx [Server Component] @ http://localhost:3005/_next/static/chunks/node_modules_next_dist_b0a279d5._.js:1945
[  309173ms] [ERROR] ./components/settings/theme-applier.tsx:4:1
Export DEFAULTS doesn't exist in target module
  2 |
  3 | import { useEffect } from 'react'
> 4 | import { applyThemeToDOM, DEFAULTS } from '@/hooks/use-settings'
    | ^^^^^^^^^^^^^^^^^^^^^^^^^^^^^^^^^^^^^^^^^^^^^^^^^^^^^^^^^^^^^^^^
  5 | import type { AppSettings } from '@/hooks/use-settings'
  6 |
  7 | // Runs once on mount across the whole app to apply persisted theme before first render flash

The export DEFAULTS was not found in module [project]/hooks/use-settings.ts [app-ssr] (ecmascript).
Did you mean to import useSettings?
All exports of the module are statically known (It doesn't have dynamic exports). So it's known statically that the requested export doesn't exist.

Import traces:
  Client Component Browser:
    ./components/settings/theme-applier.tsx [Client Component Browser]
    ./components/providers.tsx [Client Component Browser]
    ./components/providers.tsx [Server Component]
    ./app/layout.tsx [Server Component]

  Client Component SSR:
    ./components/settings/theme-applier.tsx [Client Component SSR]
    ./components/providers.tsx [Client Component SSR]
    ./components/providers.tsx [Server Component]
    ./app/layout.tsx [Server Component] @ http://localhost:3005/_next/static/chunks/node_modules_next_dist_b0a279d5._.js:1945
[  309235ms] [ERROR] ./components/settings/theme-applier.tsx:4:1
Export DEFAULTS doesn't exist in target module
  2 |
  3 | import { useEffect } from 'react'
> 4 | import { applyThemeToDOM, DEFAULTS } from '@/hooks/use-settings'
    | ^^^^^^^^^^^^^^^^^^^^^^^^^^^^^^^^^^^^^^^^^^^^^^^^^^^^^^^^^^^^^^^^
  5 | import type { AppSettings } from '@/hooks/use-settings'
  6 |
  7 | // Runs once on mount across the whole app to apply persisted theme before first render flash

The export DEFAULTS was not found in module [project]/hooks/use-settings.ts [app-client] (ecmascript).
Did you mean to import useSettings?
All exports of the module are statically known (It doesn't have dynamic exports). So it's known statically that the requested export doesn't exist.

Import traces:
  Client Component Browser:
    ./components/settings/theme-applier.tsx [Client Component Browser]
    ./components/providers.tsx [Client Component Browser]
    ./components/providers.tsx [Server Component]
    ./app/layout.tsx [Server Component]

  Client Component SSR:
    ./components/settings/theme-applier.tsx [Client Component SSR]
    ./components/providers.tsx [Client Component SSR]
    ./components/providers.tsx [Server Component]
    ./app/layout.tsx [Server Component] @ http://localhost:3005/_next/static/chunks/node_modules_next_dist_b0a279d5._.js:1945
[  309235ms] [ERROR] ./components/settings/theme-applier.tsx:4:1
Export DEFAULTS doesn't exist in target module
  2 |
  3 | import { useEffect } from 'react'
> 4 | import { applyThemeToDOM, DEFAULTS } from '@/hooks/use-settings'
    | ^^^^^^^^^^^^^^^^^^^^^^^^^^^^^^^^^^^^^^^^^^^^^^^^^^^^^^^^^^^^^^^^
  5 | import type { AppSettings } from '@/hooks/use-settings'
  6 |
  7 | // Runs once on mount across the whole app to apply persisted theme before first render flash

The export DEFAULTS was not found in module [project]/hooks/use-settings.ts [app-ssr] (ecmascript).
Did you mean to import useSettings?
All exports of the module are statically known (It doesn't have dynamic exports). So it's known statically that the requested export doesn't exist.

Import traces:
  Client Component Browser:
    ./components/settings/theme-applier.tsx [Client Component Browser]
    ./components/providers.tsx [Client Component Browser]
    ./components/providers.tsx [Server Component]
    ./app/layout.tsx [Server Component]

  Client Component SSR:
    ./components/settings/theme-applier.tsx [Client Component SSR]
    ./components/providers.tsx [Client Component SSR]
    ./components/providers.tsx [Server Component]
    ./app/layout.tsx [Server Component] @ http://localhost:3005/_next/static/chunks/node_modules_next_dist_b0a279d5._.js:1945
[  309297ms] [ERROR] ./components/settings/theme-applier.tsx:4:1
Export DEFAULTS doesn't exist in target module
  2 |
  3 | import { useEffect } from 'react'
> 4 | import { applyThemeToDOM, DEFAULTS } from '@/hooks/use-settings'
    | ^^^^^^^^^^^^^^^^^^^^^^^^^^^^^^^^^^^^^^^^^^^^^^^^^^^^^^^^^^^^^^^^
  5 | import type { AppSettings } from '@/hooks/use-settings'
  6 |
  7 | // Runs once on mount across the whole app to apply persisted theme before first render flash

The export DEFAULTS was not found in module [project]/hooks/use-settings.ts [app-client] (ecmascript).
Did you mean to import useSettings?
All exports of the module are statically known (It doesn't have dynamic exports). So it's known statically that the requested export doesn't exist.

Import traces:
  Client Component Browser:
    ./components/settings/theme-applier.tsx [Client Component Browser]
    ./components/providers.tsx [Client Component Browser]
    ./components/providers.tsx [Server Component]
    ./app/layout.tsx [Server Component]

  Client Component SSR:
    ./components/settings/theme-applier.tsx [Client Component SSR]
    ./components/providers.tsx [Client Component SSR]
    ./components/providers.tsx [Server Component]
    ./app/layout.tsx [Server Component] @ http://localhost:3005/_next/static/chunks/node_modules_next_dist_b0a279d5._.js:1945
[  309298ms] [ERROR] ./components/settings/theme-applier.tsx:4:1
Export DEFAULTS doesn't exist in target module
  2 |
  3 | import { useEffect } from 'react'
> 4 | import { applyThemeToDOM, DEFAULTS } from '@/hooks/use-settings'
    | ^^^^^^^^^^^^^^^^^^^^^^^^^^^^^^^^^^^^^^^^^^^^^^^^^^^^^^^^^^^^^^^^
  5 | import type { AppSettings } from '@/hooks/use-settings'
  6 |
  7 | // Runs once on mount across the whole app to apply persisted theme before first render flash

The export DEFAULTS was not found in module [project]/hooks/use-settings.ts [app-ssr] (ecmascript).
Did you mean to import useSettings?
All exports of the module are statically known (It doesn't have dynamic exports). So it's known statically that the requested export doesn't exist.

Import traces:
  Client Component Browser:
    ./components/settings/theme-applier.tsx [Client Component Browser]
    ./components/providers.tsx [Client Component Browser]
    ./components/providers.tsx [Server Component]
    ./app/layout.tsx [Server Component]

  Client Component SSR:
    ./components/settings/theme-applier.tsx [Client Component SSR]
    ./components/providers.tsx [Client Component SSR]
    ./components/providers.tsx [Server Component]
    ./app/layout.tsx [Server Component] @ http://localhost:3005/_next/static/chunks/node_modules_next_dist_b0a279d5._.js:1945
[  309360ms] [ERROR] ./components/settings/theme-applier.tsx:4:1
Export DEFAULTS doesn't exist in target module
  2 |
  3 | import { useEffect } from 'react'
> 4 | import { applyThemeToDOM, DEFAULTS } from '@/hooks/use-settings'
    | ^^^^^^^^^^^^^^^^^^^^^^^^^^^^^^^^^^^^^^^^^^^^^^^^^^^^^^^^^^^^^^^^
  5 | import type { AppSettings } from '@/hooks/use-settings'
  6 |
  7 | // Runs once on mount across the whole app to apply persisted theme before first render flash

The export DEFAULTS was not found in module [project]/hooks/use-settings.ts [app-client] (ecmascript).
Did you mean to import useSettings?
All exports of the module are statically known (It doesn't have dynamic exports). So it's known statically that the requested export doesn't exist.

Import traces:
  Client Component Browser:
    ./components/settings/theme-applier.tsx [Client Component Browser]
    ./components/providers.tsx [Client Component Browser]
    ./components/providers.tsx [Server Component]
    ./app/layout.tsx [Server Component]

  Client Component SSR:
    ./components/settings/theme-applier.tsx [Client Component SSR]
    ./components/providers.tsx [Client Component SSR]
    ./components/providers.tsx [Server Component]
    ./app/layout.tsx [Server Component] @ http://localhost:3005/_next/static/chunks/node_modules_next_dist_b0a279d5._.js:1945
[  309360ms] [ERROR] ./components/settings/theme-applier.tsx:4:1
Export DEFAULTS doesn't exist in target module
  2 |
  3 | import { useEffect } from 'react'
> 4 | import { applyThemeToDOM, DEFAULTS } from '@/hooks/use-settings'
    | ^^^^^^^^^^^^^^^^^^^^^^^^^^^^^^^^^^^^^^^^^^^^^^^^^^^^^^^^^^^^^^^^
  5 | import type { AppSettings } from '@/hooks/use-settings'
  6 |
  7 | // Runs once on mount across the whole app to apply persisted theme before first render flash

The export DEFAULTS was not found in module [project]/hooks/use-settings.ts [app-ssr] (ecmascript).
Did you mean to import useSettings?
All exports of the module are statically known (It doesn't have dynamic exports). So it's known statically that the requested export doesn't exist.

Import traces:
  Client Component Browser:
    ./components/settings/theme-applier.tsx [Client Component Browser]
    ./components/providers.tsx [Client Component Browser]
    ./components/providers.tsx [Server Component]
    ./app/layout.tsx [Server Component]

  Client Component SSR:
    ./components/settings/theme-applier.tsx [Client Component SSR]
    ./components/providers.tsx [Client Component SSR]
    ./components/providers.tsx [Server Component]
    ./app/layout.tsx [Server Component] @ http://localhost:3005/_next/static/chunks/node_modules_next_dist_b0a279d5._.js:1945
[  309423ms] [ERROR] ./components/settings/theme-applier.tsx:4:1
Export DEFAULTS doesn't exist in target module
  2 |
  3 | import { useEffect } from 'react'
> 4 | import { applyThemeToDOM, DEFAULTS } from '@/hooks/use-settings'
    | ^^^^^^^^^^^^^^^^^^^^^^^^^^^^^^^^^^^^^^^^^^^^^^^^^^^^^^^^^^^^^^^^
  5 | import type { AppSettings } from '@/hooks/use-settings'
  6 |
  7 | // Runs once on mount across the whole app to apply persisted theme before first render flash

The export DEFAULTS was not found in module [project]/hooks/use-settings.ts [app-client] (ecmascript).
Did you mean to import useSettings?
All exports of the module are statically known (It doesn't have dynamic exports). So it's known statically that the requested export doesn't exist.

Import traces:
  Client Component Browser:
    ./components/settings/theme-applier.tsx [Client Component Browser]
    ./components/providers.tsx [Client Component Browser]
    ./components/providers.tsx [Server Component]
    ./app/layout.tsx [Server Component]

  Client Component SSR:
    ./components/settings/theme-applier.tsx [Client Component SSR]
    ./components/providers.tsx [Client Component SSR]
    ./components/providers.tsx [Server Component]
    ./app/layout.tsx [Server Component] @ http://localhost:3005/_next/static/chunks/node_modules_next_dist_b0a279d5._.js:1945
[  309423ms] [ERROR] ./components/settings/theme-applier.tsx:4:1
Export DEFAULTS doesn't exist in target module
  2 |
  3 | import { useEffect } from 'react'
> 4 | import { applyThemeToDOM, DEFAULTS } from '@/hooks/use-settings'
    | ^^^^^^^^^^^^^^^^^^^^^^^^^^^^^^^^^^^^^^^^^^^^^^^^^^^^^^^^^^^^^^^^
  5 | import type { AppSettings } from '@/hooks/use-settings'
  6 |
  7 | // Runs once on mount across the whole app to apply persisted theme before first render flash

The export DEFAULTS was not found in module [project]/hooks/use-settings.ts [app-ssr] (ecmascript).
Did you mean to import useSettings?
All exports of the module are statically known (It doesn't have dynamic exports). So it's known statically that the requested export doesn't exist.

Import traces:
  Client Component Browser:
    ./components/settings/theme-applier.tsx [Client Component Browser]
    ./components/providers.tsx [Client Component Browser]
    ./components/providers.tsx [Server Component]
    ./app/layout.tsx [Server Component]

  Client Component SSR:
    ./components/settings/theme-applier.tsx [Client Component SSR]
    ./components/providers.tsx [Client Component SSR]
    ./components/providers.tsx [Server Component]
    ./app/layout.tsx [Server Component] @ http://localhost:3005/_next/static/chunks/node_modules_next_dist_b0a279d5._.js:1945
[  309485ms] [ERROR] ./components/settings/theme-applier.tsx:4:1
Export DEFAULTS doesn't exist in target module
  2 |
  3 | import { useEffect } from 'react'
> 4 | import { applyThemeToDOM, DEFAULTS } from '@/hooks/use-settings'
    | ^^^^^^^^^^^^^^^^^^^^^^^^^^^^^^^^^^^^^^^^^^^^^^^^^^^^^^^^^^^^^^^^
  5 | import type { AppSettings } from '@/hooks/use-settings'
  6 |
  7 | // Runs once on mount across the whole app to apply persisted theme before first render flash

The export DEFAULTS was not found in module [project]/hooks/use-settings.ts [app-client] (ecmascript).
Did you mean to import useSettings?
All exports of the module are statically known (It doesn't have dynamic exports). So it's known statically that the requested export doesn't exist.

Import traces:
  Client Component Browser:
    ./components/settings/theme-applier.tsx [Client Component Browser]
    ./components/providers.tsx [Client Component Browser]
    ./components/providers.tsx [Server Component]
    ./app/layout.tsx [Server Component]

  Client Component SSR:
    ./components/settings/theme-applier.tsx [Client Component SSR]
    ./components/providers.tsx [Client Component SSR]
    ./components/providers.tsx [Server Component]
    ./app/layout.tsx [Server Component] @ http://localhost:3005/_next/static/chunks/node_modules_next_dist_b0a279d5._.js:1945
[  309485ms] [ERROR] ./components/settings/theme-applier.tsx:4:1
Export DEFAULTS doesn't exist in target module
  2 |
  3 | import { useEffect } from 'react'
> 4 | import { applyThemeToDOM, DEFAULTS } from '@/hooks/use-settings'
    | ^^^^^^^^^^^^^^^^^^^^^^^^^^^^^^^^^^^^^^^^^^^^^^^^^^^^^^^^^^^^^^^^
  5 | import type { AppSettings } from '@/hooks/use-settings'
  6 |
  7 | // Runs once on mount across the whole app to apply persisted theme before first render flash

The export DEFAULTS was not found in module [project]/hooks/use-settings.ts [app-ssr] (ecmascript).
Did you mean to import useSettings?
All exports of the module are statically known (It doesn't have dynamic exports). So it's known statically that the requested export doesn't exist.

Import traces:
  Client Component Browser:
    ./components/settings/theme-applier.tsx [Client Component Browser]
    ./components/providers.tsx [Client Component Browser]
    ./components/providers.tsx [Server Component]
    ./app/layout.tsx [Server Component]

  Client Component SSR:
    ./components/settings/theme-applier.tsx [Client Component SSR]
    ./components/providers.tsx [Client Component SSR]
    ./components/providers.tsx [Server Component]
    ./app/layout.tsx [Server Component] @ http://localhost:3005/_next/static/chunks/node_modules_next_dist_b0a279d5._.js:1945
[  309547ms] [ERROR] ./components/settings/theme-applier.tsx:4:1
Export DEFAULTS doesn't exist in target module
  2 |
  3 | import { useEffect } from 'react'
> 4 | import { applyThemeToDOM, DEFAULTS } from '@/hooks/use-settings'
    | ^^^^^^^^^^^^^^^^^^^^^^^^^^^^^^^^^^^^^^^^^^^^^^^^^^^^^^^^^^^^^^^^
  5 | import type { AppSettings } from '@/hooks/use-settings'
  6 |
  7 | // Runs once on mount across the whole app to apply persisted theme before first render flash

The export DEFAULTS was not found in module [project]/hooks/use-settings.ts [app-client] (ecmascript).
Did you mean to import useSettings?
All exports of the module are statically known (It doesn't have dynamic exports). So it's known statically that the requested export doesn't exist.

Import traces:
  Client Component Browser:
    ./components/settings/theme-applier.tsx [Client Component Browser]
    ./components/providers.tsx [Client Component Browser]
    ./components/providers.tsx [Server Component]
    ./app/layout.tsx [Server Component]

  Client Component SSR:
    ./components/settings/theme-applier.tsx [Client Component SSR]
    ./components/providers.tsx [Client Component SSR]
    ./components/providers.tsx [Server Component]
    ./app/layout.tsx [Server Component] @ http://localhost:3005/_next/static/chunks/node_modules_next_dist_b0a279d5._.js:1945
[  309547ms] [ERROR] ./components/settings/theme-applier.tsx:4:1
Export DEFAULTS doesn't exist in target module
  2 |
  3 | import { useEffect } from 'react'
> 4 | import { applyThemeToDOM, DEFAULTS } from '@/hooks/use-settings'
    | ^^^^^^^^^^^^^^^^^^^^^^^^^^^^^^^^^^^^^^^^^^^^^^^^^^^^^^^^^^^^^^^^
  5 | import type { AppSettings } from '@/hooks/use-settings'
  6 |
  7 | // Runs once on mount across the whole app to apply persisted theme before first render flash

The export DEFAULTS was not found in module [project]/hooks/use-settings.ts [app-ssr] (ecmascript).
Did you mean to import useSettings?
All exports of the module are statically known (It doesn't have dynamic exports). So it's known statically that the requested export doesn't exist.

Import traces:
  Client Component Browser:
    ./components/settings/theme-applier.tsx [Client Component Browser]
    ./components/providers.tsx [Client Component Browser]
    ./components/providers.tsx [Server Component]
    ./app/layout.tsx [Server Component]

  Client Component SSR:
    ./components/settings/theme-applier.tsx [Client Component SSR]
    ./components/providers.tsx [Client Component SSR]
    ./components/providers.tsx [Server Component]
    ./app/layout.tsx [Server Component] @ http://localhost:3005/_next/static/chunks/node_modules_next_dist_b0a279d5._.js:1945
[  309614ms] [ERROR] ./components/settings/theme-applier.tsx:4:1
Export DEFAULTS doesn't exist in target module
  2 |
  3 | import { useEffect } from 'react'
> 4 | import { applyThemeToDOM, DEFAULTS } from '@/hooks/use-settings'
    | ^^^^^^^^^^^^^^^^^^^^^^^^^^^^^^^^^^^^^^^^^^^^^^^^^^^^^^^^^^^^^^^^
  5 | import type { AppSettings } from '@/hooks/use-settings'
  6 |
  7 | // Runs once on mount across the whole app to apply persisted theme before first render flash

The export DEFAULTS was not found in module [project]/hooks/use-settings.ts [app-client] (ecmascript).
Did you mean to import useSettings?
All exports of the module are statically known (It doesn't have dynamic exports). So it's known statically that the requested export doesn't exist.

Import traces:
  Client Component Browser:
    ./components/settings/theme-applier.tsx [Client Component Browser]
    ./components/providers.tsx [Client Component Browser]
    ./components/providers.tsx [Server Component]
    ./app/layout.tsx [Server Component]

  Client Component SSR:
    ./components/settings/theme-applier.tsx [Client Component SSR]
    ./components/providers.tsx [Client Component SSR]
    ./components/providers.tsx [Server Component]
    ./app/layout.tsx [Server Component] @ http://localhost:3005/_next/static/chunks/node_modules_next_dist_b0a279d5._.js:1945
[  309614ms] [ERROR] ./components/settings/theme-applier.tsx:4:1
Export DEFAULTS doesn't exist in target module
  2 |
  3 | import { useEffect } from 'react'
> 4 | import { applyThemeToDOM, DEFAULTS } from '@/hooks/use-settings'
    | ^^^^^^^^^^^^^^^^^^^^^^^^^^^^^^^^^^^^^^^^^^^^^^^^^^^^^^^^^^^^^^^^
  5 | import type { AppSettings } from '@/hooks/use-settings'
  6 |
  7 | // Runs once on mount across the whole app to apply persisted theme before first render flash

The export DEFAULTS was not found in module [project]/hooks/use-settings.ts [app-ssr] (ecmascript).
Did you mean to import useSettings?
All exports of the module are statically known (It doesn't have dynamic exports). So it's known statically that the requested export doesn't exist.

Import traces:
  Client Component Browser:
    ./components/settings/theme-applier.tsx [Client Component Browser]
    ./components/providers.tsx [Client Component Browser]
    ./components/providers.tsx [Server Component]
    ./app/layout.tsx [Server Component]

  Client Component SSR:
    ./components/settings/theme-applier.tsx [Client Component SSR]
    ./components/providers.tsx [Client Component SSR]
    ./components/providers.tsx [Server Component]
    ./app/layout.tsx [Server Component] @ http://localhost:3005/_next/static/chunks/node_modules_next_dist_b0a279d5._.js:1945
[  309687ms] [ERROR] ./components/settings/theme-applier.tsx:4:1
Export DEFAULTS doesn't exist in target module
  2 |
  3 | import { useEffect } from 'react'
> 4 | import { applyThemeToDOM, DEFAULTS } from '@/hooks/use-settings'
    | ^^^^^^^^^^^^^^^^^^^^^^^^^^^^^^^^^^^^^^^^^^^^^^^^^^^^^^^^^^^^^^^^
  5 | import type { AppSettings } from '@/hooks/use-settings'
  6 |
  7 | // Runs once on mount across the whole app to apply persisted theme before first render flash

The export DEFAULTS was not found in module [project]/hooks/use-settings.ts [app-client] (ecmascript).
Did you mean to import useSettings?
All exports of the module are statically known (It doesn't have dynamic exports). So it's known statically that the requested export doesn't exist.

Import traces:
  Client Component Browser:
    ./components/settings/theme-applier.tsx [Client Component Browser]
    ./components/providers.tsx [Client Component Browser]
    ./components/providers.tsx [Server Component]
    ./app/layout.tsx [Server Component]

  Client Component SSR:
    ./components/settings/theme-applier.tsx [Client Component SSR]
    ./components/providers.tsx [Client Component SSR]
    ./components/providers.tsx [Server Component]
    ./app/layout.tsx [Server Component] @ http://localhost:3005/_next/static/chunks/node_modules_next_dist_b0a279d5._.js:1945
[  309687ms] [ERROR] ./components/settings/theme-applier.tsx:4:1
Export DEFAULTS doesn't exist in target module
  2 |
  3 | import { useEffect } from 'react'
> 4 | import { applyThemeToDOM, DEFAULTS } from '@/hooks/use-settings'
    | ^^^^^^^^^^^^^^^^^^^^^^^^^^^^^^^^^^^^^^^^^^^^^^^^^^^^^^^^^^^^^^^^
  5 | import type { AppSettings } from '@/hooks/use-settings'
  6 |
  7 | // Runs once on mount across the whole app to apply persisted theme before first render flash

The export DEFAULTS was not found in module [project]/hooks/use-settings.ts [app-ssr] (ecmascript).
Did you mean to import useSettings?
All exports of the module are statically known (It doesn't have dynamic exports). So it's known statically that the requested export doesn't exist.

Import traces:
  Client Component Browser:
    ./components/settings/theme-applier.tsx [Client Component Browser]
    ./components/providers.tsx [Client Component Browser]
    ./components/providers.tsx [Server Component]
    ./app/layout.tsx [Server Component]

  Client Component SSR:
    ./components/settings/theme-applier.tsx [Client Component SSR]
    ./components/providers.tsx [Client Component SSR]
    ./components/providers.tsx [Server Component]
    ./app/layout.tsx [Server Component] @ http://localhost:3005/_next/static/chunks/node_modules_next_dist_b0a279d5._.js:1945
[  309749ms] [ERROR] ./components/settings/theme-applier.tsx:4:1
Export DEFAULTS doesn't exist in target module
  2 |
  3 | import { useEffect } from 'react'
> 4 | import { applyThemeToDOM, DEFAULTS } from '@/hooks/use-settings'
    | ^^^^^^^^^^^^^^^^^^^^^^^^^^^^^^^^^^^^^^^^^^^^^^^^^^^^^^^^^^^^^^^^
  5 | import type { AppSettings } from '@/hooks/use-settings'
  6 |
  7 | // Runs once on mount across the whole app to apply persisted theme before first render flash

The export DEFAULTS was not found in module [project]/hooks/use-settings.ts [app-client] (ecmascript).
Did you mean to import useSettings?
All exports of the module are statically known (It doesn't have dynamic exports). So it's known statically that the requested export doesn't exist.

Import traces:
  Client Component Browser:
    ./components/settings/theme-applier.tsx [Client Component Browser]
    ./components/providers.tsx [Client Component Browser]
    ./components/providers.tsx [Server Component]
    ./app/layout.tsx [Server Component]

  Client Component SSR:
    ./components/settings/theme-applier.tsx [Client Component SSR]
    ./components/providers.tsx [Client Component SSR]
    ./components/providers.tsx [Server Component]
    ./app/layout.tsx [Server Component] @ http://localhost:3005/_next/static/chunks/node_modules_next_dist_b0a279d5._.js:1945
[  309749ms] [ERROR] ./components/settings/theme-applier.tsx:4:1
Export DEFAULTS doesn't exist in target module
  2 |
  3 | import { useEffect } from 'react'
> 4 | import { applyThemeToDOM, DEFAULTS } from '@/hooks/use-settings'
    | ^^^^^^^^^^^^^^^^^^^^^^^^^^^^^^^^^^^^^^^^^^^^^^^^^^^^^^^^^^^^^^^^
  5 | import type { AppSettings } from '@/hooks/use-settings'
  6 |
  7 | // Runs once on mount across the whole app to apply persisted theme before first render flash

The export DEFAULTS was not found in module [project]/hooks/use-settings.ts [app-ssr] (ecmascript).
Did you mean to import useSettings?
All exports of the module are statically known (It doesn't have dynamic exports). So it's known statically that the requested export doesn't exist.

Import traces:
  Client Component Browser:
    ./components/settings/theme-applier.tsx [Client Component Browser]
    ./components/providers.tsx [Client Component Browser]
    ./components/providers.tsx [Server Component]
    ./app/layout.tsx [Server Component]

  Client Component SSR:
    ./components/settings/theme-applier.tsx [Client Component SSR]
    ./components/providers.tsx [Client Component SSR]
    ./components/providers.tsx [Server Component]
    ./app/layout.tsx [Server Component] @ http://localhost:3005/_next/static/chunks/node_modules_next_dist_b0a279d5._.js:1945
[  309811ms] [ERROR] ./components/settings/theme-applier.tsx:4:1
Export DEFAULTS doesn't exist in target module
  2 |
  3 | import { useEffect } from 'react'
> 4 | import { applyThemeToDOM, DEFAULTS } from '@/hooks/use-settings'
    | ^^^^^^^^^^^^^^^^^^^^^^^^^^^^^^^^^^^^^^^^^^^^^^^^^^^^^^^^^^^^^^^^
  5 | import type { AppSettings } from '@/hooks/use-settings'
  6 |
  7 | // Runs once on mount across the whole app to apply persisted theme before first render flash

The export DEFAULTS was not found in module [project]/hooks/use-settings.ts [app-client] (ecmascript).
Did you mean to import useSettings?
All exports of the module are statically known (It doesn't have dynamic exports). So it's known statically that the requested export doesn't exist.

Import traces:
  Client Component Browser:
    ./components/settings/theme-applier.tsx [Client Component Browser]
    ./components/providers.tsx [Client Component Browser]
    ./components/providers.tsx [Server Component]
    ./app/layout.tsx [Server Component]

  Client Component SSR:
    ./components/settings/theme-applier.tsx [Client Component SSR]
    ./components/providers.tsx [Client Component SSR]
    ./components/providers.tsx [Server Component]
    ./app/layout.tsx [Server Component] @ http://localhost:3005/_next/static/chunks/node_modules_next_dist_b0a279d5._.js:1945
[  309811ms] [ERROR] ./components/settings/theme-applier.tsx:4:1
Export DEFAULTS doesn't exist in target module
  2 |
  3 | import { useEffect } from 'react'
> 4 | import { applyThemeToDOM, DEFAULTS } from '@/hooks/use-settings'
    | ^^^^^^^^^^^^^^^^^^^^^^^^^^^^^^^^^^^^^^^^^^^^^^^^^^^^^^^^^^^^^^^^
  5 | import type { AppSettings } from '@/hooks/use-settings'
  6 |
  7 | // Runs once on mount across the whole app to apply persisted theme before first render flash

The export DEFAULTS was not found in module [project]/hooks/use-settings.ts [app-ssr] (ecmascript).
Did you mean to import useSettings?
All exports of the module are statically known (It doesn't have dynamic exports). So it's known statically that the requested export doesn't exist.

Import traces:
  Client Component Browser:
    ./components/settings/theme-applier.tsx [Client Component Browser]
    ./components/providers.tsx [Client Component Browser]
    ./components/providers.tsx [Server Component]
    ./app/layout.tsx [Server Component]

  Client Component SSR:
    ./components/settings/theme-applier.tsx [Client Component SSR]
    ./components/providers.tsx [Client Component SSR]
    ./components/providers.tsx [Server Component]
    ./app/layout.tsx [Server Component] @ http://localhost:3005/_next/static/chunks/node_modules_next_dist_b0a279d5._.js:1945
[  309873ms] [ERROR] ./components/settings/theme-applier.tsx:4:1
Export DEFAULTS doesn't exist in target module
  2 |
  3 | import { useEffect } from 'react'
> 4 | import { applyThemeToDOM, DEFAULTS } from '@/hooks/use-settings'
    | ^^^^^^^^^^^^^^^^^^^^^^^^^^^^^^^^^^^^^^^^^^^^^^^^^^^^^^^^^^^^^^^^
  5 | import type { AppSettings } from '@/hooks/use-settings'
  6 |
  7 | // Runs once on mount across the whole app to apply persisted theme before first render flash

The export DEFAULTS was not found in module [project]/hooks/use-settings.ts [app-client] (ecmascript).
Did you mean to import useSettings?
All exports of the module are statically known (It doesn't have dynamic exports). So it's known statically that the requested export doesn't exist.

Import traces:
  Client Component Browser:
    ./components/settings/theme-applier.tsx [Client Component Browser]
    ./components/providers.tsx [Client Component Browser]
    ./components/providers.tsx [Server Component]
    ./app/layout.tsx [Server Component]

  Client Component SSR:
    ./components/settings/theme-applier.tsx [Client Component SSR]
    ./components/providers.tsx [Client Component SSR]
    ./components/providers.tsx [Server Component]
    ./app/layout.tsx [Server Component] @ http://localhost:3005/_next/static/chunks/node_modules_next_dist_b0a279d5._.js:1945
[  309873ms] [ERROR] ./components/settings/theme-applier.tsx:4:1
Export DEFAULTS doesn't exist in target module
  2 |
  3 | import { useEffect } from 'react'
> 4 | import { applyThemeToDOM, DEFAULTS } from '@/hooks/use-settings'
    | ^^^^^^^^^^^^^^^^^^^^^^^^^^^^^^^^^^^^^^^^^^^^^^^^^^^^^^^^^^^^^^^^
  5 | import type { AppSettings } from '@/hooks/use-settings'
  6 |
  7 | // Runs once on mount across the whole app to apply persisted theme before first render flash

The export DEFAULTS was not found in module [project]/hooks/use-settings.ts [app-ssr] (ecmascript).
Did you mean to import useSettings?
All exports of the module are statically known (It doesn't have dynamic exports). So it's known statically that the requested export doesn't exist.

Import traces:
  Client Component Browser:
    ./components/settings/theme-applier.tsx [Client Component Browser]
    ./components/providers.tsx [Client Component Browser]
    ./components/providers.tsx [Server Component]
    ./app/layout.tsx [Server Component]

  Client Component SSR:
    ./components/settings/theme-applier.tsx [Client Component SSR]
    ./components/providers.tsx [Client Component SSR]
    ./components/providers.tsx [Server Component]
    ./app/layout.tsx [Server Component] @ http://localhost:3005/_next/static/chunks/node_modules_next_dist_b0a279d5._.js:1945
[  309934ms] [ERROR] ./components/settings/theme-applier.tsx:4:1
Export DEFAULTS doesn't exist in target module
  2 |
  3 | import { useEffect } from 'react'
> 4 | import { applyThemeToDOM, DEFAULTS } from '@/hooks/use-settings'
    | ^^^^^^^^^^^^^^^^^^^^^^^^^^^^^^^^^^^^^^^^^^^^^^^^^^^^^^^^^^^^^^^^
  5 | import type { AppSettings } from '@/hooks/use-settings'
  6 |
  7 | // Runs once on mount across the whole app to apply persisted theme before first render flash

The export DEFAULTS was not found in module [project]/hooks/use-settings.ts [app-client] (ecmascript).
Did you mean to import useSettings?
All exports of the module are statically known (It doesn't have dynamic exports). So it's known statically that the requested export doesn't exist.

Import traces:
  Client Component Browser:
    ./components/settings/theme-applier.tsx [Client Component Browser]
    ./components/providers.tsx [Client Component Browser]
    ./components/providers.tsx [Server Component]
    ./app/layout.tsx [Server Component]

  Client Component SSR:
    ./components/settings/theme-applier.tsx [Client Component SSR]
    ./components/providers.tsx [Client Component SSR]
    ./components/providers.tsx [Server Component]
    ./app/layout.tsx [Server Component] @ http://localhost:3005/_next/static/chunks/node_modules_next_dist_b0a279d5._.js:1945
[  309935ms] [ERROR] ./components/settings/theme-applier.tsx:4:1
Export DEFAULTS doesn't exist in target module
  2 |
  3 | import { useEffect } from 'react'
> 4 | import { applyThemeToDOM, DEFAULTS } from '@/hooks/use-settings'
    | ^^^^^^^^^^^^^^^^^^^^^^^^^^^^^^^^^^^^^^^^^^^^^^^^^^^^^^^^^^^^^^^^
  5 | import type { AppSettings } from '@/hooks/use-settings'
  6 |
  7 | // Runs once on mount across the whole app to apply persisted theme before first render flash

The export DEFAULTS was not found in module [project]/hooks/use-settings.ts [app-ssr] (ecmascript).
Did you mean to import useSettings?
All exports of the module are statically known (It doesn't have dynamic exports). So it's known statically that the requested export doesn't exist.

Import traces:
  Client Component Browser:
    ./components/settings/theme-applier.tsx [Client Component Browser]
    ./components/providers.tsx [Client Component Browser]
    ./components/providers.tsx [Server Component]
    ./app/layout.tsx [Server Component]

  Client Component SSR:
    ./components/settings/theme-applier.tsx [Client Component SSR]
    ./components/providers.tsx [Client Component SSR]
    ./components/providers.tsx [Server Component]
    ./app/layout.tsx [Server Component] @ http://localhost:3005/_next/static/chunks/node_modules_next_dist_b0a279d5._.js:1945
[  309997ms] [ERROR] ./components/settings/theme-applier.tsx:4:1
Export DEFAULTS doesn't exist in target module
  2 |
  3 | import { useEffect } from 'react'
> 4 | import { applyThemeToDOM, DEFAULTS } from '@/hooks/use-settings'
    | ^^^^^^^^^^^^^^^^^^^^^^^^^^^^^^^^^^^^^^^^^^^^^^^^^^^^^^^^^^^^^^^^
  5 | import type { AppSettings } from '@/hooks/use-settings'
  6 |
  7 | // Runs once on mount across the whole app to apply persisted theme before first render flash

The export DEFAULTS was not found in module [project]/hooks/use-settings.ts [app-client] (ecmascript).
Did you mean to import useSettings?
All exports of the module are statically known (It doesn't have dynamic exports). So it's known statically that the requested export doesn't exist.

Import traces:
  Client Component Browser:
    ./components/settings/theme-applier.tsx [Client Component Browser]
    ./components/providers.tsx [Client Component Browser]
    ./components/providers.tsx [Server Component]
    ./app/layout.tsx [Server Component]

  Client Component SSR:
    ./components/settings/theme-applier.tsx [Client Component SSR]
    ./components/providers.tsx [Client Component SSR]
    ./components/providers.tsx [Server Component]
    ./app/layout.tsx [Server Component] @ http://localhost:3005/_next/static/chunks/node_modules_next_dist_b0a279d5._.js:1945
[  309998ms] [ERROR] ./components/settings/theme-applier.tsx:4:1
Export DEFAULTS doesn't exist in target module
  2 |
  3 | import { useEffect } from 'react'
> 4 | import { applyThemeToDOM, DEFAULTS } from '@/hooks/use-settings'
    | ^^^^^^^^^^^^^^^^^^^^^^^^^^^^^^^^^^^^^^^^^^^^^^^^^^^^^^^^^^^^^^^^
  5 | import type { AppSettings } from '@/hooks/use-settings'
  6 |
  7 | // Runs once on mount across the whole app to apply persisted theme before first render flash

The export DEFAULTS was not found in module [project]/hooks/use-settings.ts [app-ssr] (ecmascript).
Did you mean to import useSettings?
All exports of the module are statically known (It doesn't have dynamic exports). So it's known statically that the requested export doesn't exist.

Import traces:
  Client Component Browser:
    ./components/settings/theme-applier.tsx [Client Component Browser]
    ./components/providers.tsx [Client Component Browser]
    ./components/providers.tsx [Server Component]
    ./app/layout.tsx [Server Component]

  Client Component SSR:
    ./components/settings/theme-applier.tsx [Client Component SSR]
    ./components/providers.tsx [Client Component SSR]
    ./components/providers.tsx [Server Component]
    ./app/layout.tsx [Server Component] @ http://localhost:3005/_next/static/chunks/node_modules_next_dist_b0a279d5._.js:1945
[  310060ms] [ERROR] ./components/settings/theme-applier.tsx:4:1
Export DEFAULTS doesn't exist in target module
  2 |
  3 | import { useEffect } from 'react'
> 4 | import { applyThemeToDOM, DEFAULTS } from '@/hooks/use-settings'
    | ^^^^^^^^^^^^^^^^^^^^^^^^^^^^^^^^^^^^^^^^^^^^^^^^^^^^^^^^^^^^^^^^
  5 | import type { AppSettings } from '@/hooks/use-settings'
  6 |
  7 | // Runs once on mount across the whole app to apply persisted theme before first render flash

The export DEFAULTS was not found in module [project]/hooks/use-settings.ts [app-client] (ecmascript).
Did you mean to import useSettings?
All exports of the module are statically known (It doesn't have dynamic exports). So it's known statically that the requested export doesn't exist.

Import traces:
  Client Component Browser:
    ./components/settings/theme-applier.tsx [Client Component Browser]
    ./components/providers.tsx [Client Component Browser]
    ./components/providers.tsx [Server Component]
    ./app/layout.tsx [Server Component]

  Client Component SSR:
    ./components/settings/theme-applier.tsx [Client Component SSR]
    ./components/providers.tsx [Client Component SSR]
    ./components/providers.tsx [Server Component]
    ./app/layout.tsx [Server Component] @ http://localhost:3005/_next/static/chunks/node_modules_next_dist_b0a279d5._.js:1945
[  310060ms] [ERROR] ./components/settings/theme-applier.tsx:4:1
Export DEFAULTS doesn't exist in target module
  2 |
  3 | import { useEffect } from 'react'
> 4 | import { applyThemeToDOM, DEFAULTS } from '@/hooks/use-settings'
    | ^^^^^^^^^^^^^^^^^^^^^^^^^^^^^^^^^^^^^^^^^^^^^^^^^^^^^^^^^^^^^^^^
  5 | import type { AppSettings } from '@/hooks/use-settings'
  6 |
  7 | // Runs once on mount across the whole app to apply persisted theme before first render flash

The export DEFAULTS was not found in module [project]/hooks/use-settings.ts [app-ssr] (ecmascript).
Did you mean to import useSettings?
All exports of the module are statically known (It doesn't have dynamic exports). So it's known statically that the requested export doesn't exist.

Import traces:
  Client Component Browser:
    ./components/settings/theme-applier.tsx [Client Component Browser]
    ./components/providers.tsx [Client Component Browser]
    ./components/providers.tsx [Server Component]
    ./app/layout.tsx [Server Component]

  Client Component SSR:
    ./components/settings/theme-applier.tsx [Client Component SSR]
    ./components/providers.tsx [Client Component SSR]
    ./components/providers.tsx [Server Component]
    ./app/layout.tsx [Server Component] @ http://localhost:3005/_next/static/chunks/node_modules_next_dist_b0a279d5._.js:1945
[  310122ms] [ERROR] ./components/settings/theme-applier.tsx:4:1
Export DEFAULTS doesn't exist in target module
  2 |
  3 | import { useEffect } from 'react'
> 4 | import { applyThemeToDOM, DEFAULTS } from '@/hooks/use-settings'
    | ^^^^^^^^^^^^^^^^^^^^^^^^^^^^^^^^^^^^^^^^^^^^^^^^^^^^^^^^^^^^^^^^
  5 | import type { AppSettings } from '@/hooks/use-settings'
  6 |
  7 | // Runs once on mount across the whole app to apply persisted theme before first render flash

The export DEFAULTS was not found in module [project]/hooks/use-settings.ts [app-client] (ecmascript).
Did you mean to import useSettings?
All exports of the module are statically known (It doesn't have dynamic exports). So it's known statically that the requested export doesn't exist.

Import traces:
  Client Component Browser:
    ./components/settings/theme-applier.tsx [Client Component Browser]
    ./components/providers.tsx [Client Component Browser]
    ./components/providers.tsx [Server Component]
    ./app/layout.tsx [Server Component]

  Client Component SSR:
    ./components/settings/theme-applier.tsx [Client Component SSR]
    ./components/providers.tsx [Client Component SSR]
    ./components/providers.tsx [Server Component]
    ./app/layout.tsx [Server Component] @ http://localhost:3005/_next/static/chunks/node_modules_next_dist_b0a279d5._.js:1945
[  310122ms] [ERROR] ./components/settings/theme-applier.tsx:4:1
Export DEFAULTS doesn't exist in target module
  2 |
  3 | import { useEffect } from 'react'
> 4 | import { applyThemeToDOM, DEFAULTS } from '@/hooks/use-settings'
    | ^^^^^^^^^^^^^^^^^^^^^^^^^^^^^^^^^^^^^^^^^^^^^^^^^^^^^^^^^^^^^^^^
  5 | import type { AppSettings } from '@/hooks/use-settings'
  6 |
  7 | // Runs once on mount across the whole app to apply persisted theme before first render flash

The export DEFAULTS was not found in module [project]/hooks/use-settings.ts [app-ssr] (ecmascript).
Did you mean to import useSettings?
All exports of the module are statically known (It doesn't have dynamic exports). So it's known statically that the requested export doesn't exist.

Import traces:
  Client Component Browser:
    ./components/settings/theme-applier.tsx [Client Component Browser]
    ./components/providers.tsx [Client Component Browser]
    ./components/providers.tsx [Server Component]
    ./app/layout.tsx [Server Component]

  Client Component SSR:
    ./components/settings/theme-applier.tsx [Client Component SSR]
    ./components/providers.tsx [Client Component SSR]
    ./components/providers.tsx [Server Component]
    ./app/layout.tsx [Server Component] @ http://localhost:3005/_next/static/chunks/node_modules_next_dist_b0a279d5._.js:1945
[  310184ms] [ERROR] ./components/settings/theme-applier.tsx:4:1
Export DEFAULTS doesn't exist in target module
  2 |
  3 | import { useEffect } from 'react'
> 4 | import { applyThemeToDOM, DEFAULTS } from '@/hooks/use-settings'
    | ^^^^^^^^^^^^^^^^^^^^^^^^^^^^^^^^^^^^^^^^^^^^^^^^^^^^^^^^^^^^^^^^
  5 | import type { AppSettings } from '@/hooks/use-settings'
  6 |
  7 | // Runs once on mount across the whole app to apply persisted theme before first render flash

The export DEFAULTS was not found in module [project]/hooks/use-settings.ts [app-client] (ecmascript).
Did you mean to import useSettings?
All exports of the module are statically known (It doesn't have dynamic exports). So it's known statically that the requested export doesn't exist.

Import traces:
  Client Component Browser:
    ./components/settings/theme-applier.tsx [Client Component Browser]
    ./components/providers.tsx [Client Component Browser]
    ./components/providers.tsx [Server Component]
    ./app/layout.tsx [Server Component]

  Client Component SSR:
    ./components/settings/theme-applier.tsx [Client Component SSR]
    ./components/providers.tsx [Client Component SSR]
    ./components/providers.tsx [Server Component]
    ./app/layout.tsx [Server Component] @ http://localhost:3005/_next/static/chunks/node_modules_next_dist_b0a279d5._.js:1945
[  310184ms] [ERROR] ./components/settings/theme-applier.tsx:4:1
Export DEFAULTS doesn't exist in target module
  2 |
  3 | import { useEffect } from 'react'
> 4 | import { applyThemeToDOM, DEFAULTS } from '@/hooks/use-settings'
    | ^^^^^^^^^^^^^^^^^^^^^^^^^^^^^^^^^^^^^^^^^^^^^^^^^^^^^^^^^^^^^^^^
  5 | import type { AppSettings } from '@/hooks/use-settings'
  6 |
  7 | // Runs once on mount across the whole app to apply persisted theme before first render flash

The export DEFAULTS was not found in module [project]/hooks/use-settings.ts [app-ssr] (ecmascript).
Did you mean to import useSettings?
All exports of the module are statically known (It doesn't have dynamic exports). So it's known statically that the requested export doesn't exist.

Import traces:
  Client Component Browser:
    ./components/settings/theme-applier.tsx [Client Component Browser]
    ./components/providers.tsx [Client Component Browser]
    ./components/providers.tsx [Server Component]
    ./app/layout.tsx [Server Component]

  Client Component SSR:
    ./components/settings/theme-applier.tsx [Client Component SSR]
    ./components/providers.tsx [Client Component SSR]
    ./components/providers.tsx [Server Component]
    ./app/layout.tsx [Server Component] @ http://localhost:3005/_next/static/chunks/node_modules_next_dist_b0a279d5._.js:1945
[  310245ms] [ERROR] ./components/settings/theme-applier.tsx:4:1
Export DEFAULTS doesn't exist in target module
  2 |
  3 | import { useEffect } from 'react'
> 4 | import { applyThemeToDOM, DEFAULTS } from '@/hooks/use-settings'
    | ^^^^^^^^^^^^^^^^^^^^^^^^^^^^^^^^^^^^^^^^^^^^^^^^^^^^^^^^^^^^^^^^
  5 | import type { AppSettings } from '@/hooks/use-settings'
  6 |
  7 | // Runs once on mount across the whole app to apply persisted theme before first render flash

The export DEFAULTS was not found in module [project]/hooks/use-settings.ts [app-client] (ecmascript).
Did you mean to import useSettings?
All exports of the module are statically known (It doesn't have dynamic exports). So it's known statically that the requested export doesn't exist.

Import traces:
  Client Component Browser:
    ./components/settings/theme-applier.tsx [Client Component Browser]
    ./components/providers.tsx [Client Component Browser]
    ./components/providers.tsx [Server Component]
    ./app/layout.tsx [Server Component]

  Client Component SSR:
    ./components/settings/theme-applier.tsx [Client Component SSR]
    ./components/providers.tsx [Client Component SSR]
    ./components/providers.tsx [Server Component]
    ./app/layout.tsx [Server Component] @ http://localhost:3005/_next/static/chunks/node_modules_next_dist_b0a279d5._.js:1945
[  310245ms] [ERROR] ./components/settings/theme-applier.tsx:4:1
Export DEFAULTS doesn't exist in target module
  2 |
  3 | import { useEffect } from 'react'
> 4 | import { applyThemeToDOM, DEFAULTS } from '@/hooks/use-settings'
    | ^^^^^^^^^^^^^^^^^^^^^^^^^^^^^^^^^^^^^^^^^^^^^^^^^^^^^^^^^^^^^^^^
  5 | import type { AppSettings } from '@/hooks/use-settings'
  6 |
  7 | // Runs once on mount across the whole app to apply persisted theme before first render flash

The export DEFAULTS was not found in module [project]/hooks/use-settings.ts [app-ssr] (ecmascript).
Did you mean to import useSettings?
All exports of the module are statically known (It doesn't have dynamic exports). So it's known statically that the requested export doesn't exist.

Import traces:
  Client Component Browser:
    ./components/settings/theme-applier.tsx [Client Component Browser]
    ./components/providers.tsx [Client Component Browser]
    ./components/providers.tsx [Server Component]
    ./app/layout.tsx [Server Component]

  Client Component SSR:
    ./components/settings/theme-applier.tsx [Client Component SSR]
    ./components/providers.tsx [Client Component SSR]
    ./components/providers.tsx [Server Component]
    ./app/layout.tsx [Server Component] @ http://localhost:3005/_next/static/chunks/node_modules_next_dist_b0a279d5._.js:1945
[  310310ms] [ERROR] ./components/settings/theme-applier.tsx:4:1
Export DEFAULTS doesn't exist in target module
  2 |
  3 | import { useEffect } from 'react'
> 4 | import { applyThemeToDOM, DEFAULTS } from '@/hooks/use-settings'
    | ^^^^^^^^^^^^^^^^^^^^^^^^^^^^^^^^^^^^^^^^^^^^^^^^^^^^^^^^^^^^^^^^
  5 | import type { AppSettings } from '@/hooks/use-settings'
  6 |
  7 | // Runs once on mount across the whole app to apply persisted theme before first render flash

The export DEFAULTS was not found in module [project]/hooks/use-settings.ts [app-client] (ecmascript).
Did you mean to import useSettings?
All exports of the module are statically known (It doesn't have dynamic exports). So it's known statically that the requested export doesn't exist.

Import traces:
  Client Component Browser:
    ./components/settings/theme-applier.tsx [Client Component Browser]
    ./components/providers.tsx [Client Component Browser]
    ./components/providers.tsx [Server Component]
    ./app/layout.tsx [Server Component]

  Client Component SSR:
    ./components/settings/theme-applier.tsx [Client Component SSR]
    ./components/providers.tsx [Client Component SSR]
    ./components/providers.tsx [Server Component]
    ./app/layout.tsx [Server Component] @ http://localhost:3005/_next/static/chunks/node_modules_next_dist_b0a279d5._.js:1945
[  310310ms] [ERROR] ./components/settings/theme-applier.tsx:4:1
Export DEFAULTS doesn't exist in target module
  2 |
  3 | import { useEffect } from 'react'
> 4 | import { applyThemeToDOM, DEFAULTS } from '@/hooks/use-settings'
    | ^^^^^^^^^^^^^^^^^^^^^^^^^^^^^^^^^^^^^^^^^^^^^^^^^^^^^^^^^^^^^^^^
  5 | import type { AppSettings } from '@/hooks/use-settings'
  6 |
  7 | // Runs once on mount across the whole app to apply persisted theme before first render flash

The export DEFAULTS was not found in module [project]/hooks/use-settings.ts [app-ssr] (ecmascript).
Did you mean to import useSettings?
All exports of the module are statically known (It doesn't have dynamic exports). So it's known statically that the requested export doesn't exist.

Import traces:
  Client Component Browser:
    ./components/settings/theme-applier.tsx [Client Component Browser]
    ./components/providers.tsx [Client Component Browser]
    ./components/providers.tsx [Server Component]
    ./app/layout.tsx [Server Component]

  Client Component SSR:
    ./components/settings/theme-applier.tsx [Client Component SSR]
    ./components/providers.tsx [Client Component SSR]
    ./components/providers.tsx [Server Component]
    ./app/layout.tsx [Server Component] @ http://localhost:3005/_next/static/chunks/node_modules_next_dist_b0a279d5._.js:1945
[  310369ms] [ERROR] ./components/settings/theme-applier.tsx:4:1
Export DEFAULTS doesn't exist in target module
  2 |
  3 | import { useEffect } from 'react'
> 4 | import { applyThemeToDOM, DEFAULTS } from '@/hooks/use-settings'
    | ^^^^^^^^^^^^^^^^^^^^^^^^^^^^^^^^^^^^^^^^^^^^^^^^^^^^^^^^^^^^^^^^
  5 | import type { AppSettings } from '@/hooks/use-settings'
  6 |
  7 | // Runs once on mount across the whole app to apply persisted theme before first render flash

The export DEFAULTS was not found in module [project]/hooks/use-settings.ts [app-client] (ecmascript).
Did you mean to import useSettings?
All exports of the module are statically known (It doesn't have dynamic exports). So it's known statically that the requested export doesn't exist.

Import traces:
  Client Component Browser:
    ./components/settings/theme-applier.tsx [Client Component Browser]
    ./components/providers.tsx [Client Component Browser]
    ./components/providers.tsx [Server Component]
    ./app/layout.tsx [Server Component]

  Client Component SSR:
    ./components/settings/theme-applier.tsx [Client Component SSR]
    ./components/providers.tsx [Client Component SSR]
    ./components/providers.tsx [Server Component]
    ./app/layout.tsx [Server Component] @ http://localhost:3005/_next/static/chunks/node_modules_next_dist_b0a279d5._.js:1945
[  310370ms] [ERROR] ./components/settings/theme-applier.tsx:4:1
Export DEFAULTS doesn't exist in target module
  2 |
  3 | import { useEffect } from 'react'
> 4 | import { applyThemeToDOM, DEFAULTS } from '@/hooks/use-settings'
    | ^^^^^^^^^^^^^^^^^^^^^^^^^^^^^^^^^^^^^^^^^^^^^^^^^^^^^^^^^^^^^^^^
  5 | import type { AppSettings } from '@/hooks/use-settings'
  6 |
  7 | // Runs once on mount across the whole app to apply persisted theme before first render flash

The export DEFAULTS was not found in module [project]/hooks/use-settings.ts [app-ssr] (ecmascript).
Did you mean to import useSettings?
All exports of the module are statically known (It doesn't have dynamic exports). So it's known statically that the requested export doesn't exist.

Import traces:
  Client Component Browser:
    ./components/settings/theme-applier.tsx [Client Component Browser]
    ./components/providers.tsx [Client Component Browser]
    ./components/providers.tsx [Server Component]
    ./app/layout.tsx [Server Component]

  Client Component SSR:
    ./components/settings/theme-applier.tsx [Client Component SSR]
    ./components/providers.tsx [Client Component SSR]
    ./components/providers.tsx [Server Component]
    ./app/layout.tsx [Server Component] @ http://localhost:3005/_next/static/chunks/node_modules_next_dist_b0a279d5._.js:1945
[  310432ms] [ERROR] ./components/settings/theme-applier.tsx:4:1
Export DEFAULTS doesn't exist in target module
  2 |
  3 | import { useEffect } from 'react'
> 4 | import { applyThemeToDOM, DEFAULTS } from '@/hooks/use-settings'
    | ^^^^^^^^^^^^^^^^^^^^^^^^^^^^^^^^^^^^^^^^^^^^^^^^^^^^^^^^^^^^^^^^
  5 | import type { AppSettings } from '@/hooks/use-settings'
  6 |
  7 | // Runs once on mount across the whole app to apply persisted theme before first render flash

The export DEFAULTS was not found in module [project]/hooks/use-settings.ts [app-client] (ecmascript).
Did you mean to import useSettings?
All exports of the module are statically known (It doesn't have dynamic exports). So it's known statically that the requested export doesn't exist.

Import traces:
  Client Component Browser:
    ./components/settings/theme-applier.tsx [Client Component Browser]
    ./components/providers.tsx [Client Component Browser]
    ./components/providers.tsx [Server Component]
    ./app/layout.tsx [Server Component]

  Client Component SSR:
    ./components/settings/theme-applier.tsx [Client Component SSR]
    ./components/providers.tsx [Client Component SSR]
    ./components/providers.tsx [Server Component]
    ./app/layout.tsx [Server Component] @ http://localhost:3005/_next/static/chunks/node_modules_next_dist_b0a279d5._.js:1945
[  310433ms] [ERROR] ./components/settings/theme-applier.tsx:4:1
Export DEFAULTS doesn't exist in target module
  2 |
  3 | import { useEffect } from 'react'
> 4 | import { applyThemeToDOM, DEFAULTS } from '@/hooks/use-settings'
    | ^^^^^^^^^^^^^^^^^^^^^^^^^^^^^^^^^^^^^^^^^^^^^^^^^^^^^^^^^^^^^^^^
  5 | import type { AppSettings } from '@/hooks/use-settings'
  6 |
  7 | // Runs once on mount across the whole app to apply persisted theme before first render flash

The export DEFAULTS was not found in module [project]/hooks/use-settings.ts [app-ssr] (ecmascript).
Did you mean to import useSettings?
All exports of the module are statically known (It doesn't have dynamic exports). So it's known statically that the requested export doesn't exist.

Import traces:
  Client Component Browser:
    ./components/settings/theme-applier.tsx [Client Component Browser]
    ./components/providers.tsx [Client Component Browser]
    ./components/providers.tsx [Server Component]
    ./app/layout.tsx [Server Component]

  Client Component SSR:
    ./components/settings/theme-applier.tsx [Client Component SSR]
    ./components/providers.tsx [Client Component SSR]
    ./components/providers.tsx [Server Component]
    ./app/layout.tsx [Server Component] @ http://localhost:3005/_next/static/chunks/node_modules_next_dist_b0a279d5._.js:1945
[  310494ms] [ERROR] ./components/settings/theme-applier.tsx:4:1
Export DEFAULTS doesn't exist in target module
  2 |
  3 | import { useEffect } from 'react'
> 4 | import { applyThemeToDOM, DEFAULTS } from '@/hooks/use-settings'
    | ^^^^^^^^^^^^^^^^^^^^^^^^^^^^^^^^^^^^^^^^^^^^^^^^^^^^^^^^^^^^^^^^
  5 | import type { AppSettings } from '@/hooks/use-settings'
  6 |
  7 | // Runs once on mount across the whole app to apply persisted theme before first render flash

The export DEFAULTS was not found in module [project]/hooks/use-settings.ts [app-client] (ecmascript).
Did you mean to import useSettings?
All exports of the module are statically known (It doesn't have dynamic exports). So it's known statically that the requested export doesn't exist.

Import traces:
  Client Component Browser:
    ./components/settings/theme-applier.tsx [Client Component Browser]
    ./components/providers.tsx [Client Component Browser]
    ./components/providers.tsx [Server Component]
    ./app/layout.tsx [Server Component]

  Client Component SSR:
    ./components/settings/theme-applier.tsx [Client Component SSR]
    ./components/providers.tsx [Client Component SSR]
    ./components/providers.tsx [Server Component]
    ./app/layout.tsx [Server Component] @ http://localhost:3005/_next/static/chunks/node_modules_next_dist_b0a279d5._.js:1945
[  310494ms] [ERROR] ./components/settings/theme-applier.tsx:4:1
Export DEFAULTS doesn't exist in target module
  2 |
  3 | import { useEffect } from 'react'
> 4 | import { applyThemeToDOM, DEFAULTS } from '@/hooks/use-settings'
    | ^^^^^^^^^^^^^^^^^^^^^^^^^^^^^^^^^^^^^^^^^^^^^^^^^^^^^^^^^^^^^^^^
  5 | import type { AppSettings } from '@/hooks/use-settings'
  6 |
  7 | // Runs once on mount across the whole app to apply persisted theme before first render flash

The export DEFAULTS was not found in module [project]/hooks/use-settings.ts [app-ssr] (ecmascript).
Did you mean to import useSettings?
All exports of the module are statically known (It doesn't have dynamic exports). So it's known statically that the requested export doesn't exist.

Import traces:
  Client Component Browser:
    ./components/settings/theme-applier.tsx [Client Component Browser]
    ./components/providers.tsx [Client Component Browser]
    ./components/providers.tsx [Server Component]
    ./app/layout.tsx [Server Component]

  Client Component SSR:
    ./components/settings/theme-applier.tsx [Client Component SSR]
    ./components/providers.tsx [Client Component SSR]
    ./components/providers.tsx [Server Component]
    ./app/layout.tsx [Server Component] @ http://localhost:3005/_next/static/chunks/node_modules_next_dist_b0a279d5._.js:1945
[  310555ms] [ERROR] ./components/settings/theme-applier.tsx:4:1
Export DEFAULTS doesn't exist in target module
  2 |
  3 | import { useEffect } from 'react'
> 4 | import { applyThemeToDOM, DEFAULTS } from '@/hooks/use-settings'
    | ^^^^^^^^^^^^^^^^^^^^^^^^^^^^^^^^^^^^^^^^^^^^^^^^^^^^^^^^^^^^^^^^
  5 | import type { AppSettings } from '@/hooks/use-settings'
  6 |
  7 | // Runs once on mount across the whole app to apply persisted theme before first render flash

The export DEFAULTS was not found in module [project]/hooks/use-settings.ts [app-client] (ecmascript).
Did you mean to import useSettings?
All exports of the module are statically known (It doesn't have dynamic exports). So it's known statically that the requested export doesn't exist.

Import traces:
  Client Component Browser:
    ./components/settings/theme-applier.tsx [Client Component Browser]
    ./components/providers.tsx [Client Component Browser]
    ./components/providers.tsx [Server Component]
    ./app/layout.tsx [Server Component]

  Client Component SSR:
    ./components/settings/theme-applier.tsx [Client Component SSR]
    ./components/providers.tsx [Client Component SSR]
    ./components/providers.tsx [Server Component]
    ./app/layout.tsx [Server Component] @ http://localhost:3005/_next/static/chunks/node_modules_next_dist_b0a279d5._.js:1945
[  310555ms] [ERROR] ./components/settings/theme-applier.tsx:4:1
Export DEFAULTS doesn't exist in target module
  2 |
  3 | import { useEffect } from 'react'
> 4 | import { applyThemeToDOM, DEFAULTS } from '@/hooks/use-settings'
    | ^^^^^^^^^^^^^^^^^^^^^^^^^^^^^^^^^^^^^^^^^^^^^^^^^^^^^^^^^^^^^^^^
  5 | import type { AppSettings } from '@/hooks/use-settings'
  6 |
  7 | // Runs once on mount across the whole app to apply persisted theme before first render flash

The export DEFAULTS was not found in module [project]/hooks/use-settings.ts [app-ssr] (ecmascript).
Did you mean to import useSettings?
All exports of the module are statically known (It doesn't have dynamic exports). So it's known statically that the requested export doesn't exist.

Import traces:
  Client Component Browser:
    ./components/settings/theme-applier.tsx [Client Component Browser]
    ./components/providers.tsx [Client Component Browser]
    ./components/providers.tsx [Server Component]
    ./app/layout.tsx [Server Component]

  Client Component SSR:
    ./components/settings/theme-applier.tsx [Client Component SSR]
    ./components/providers.tsx [Client Component SSR]
    ./components/providers.tsx [Server Component]
    ./app/layout.tsx [Server Component] @ http://localhost:3005/_next/static/chunks/node_modules_next_dist_b0a279d5._.js:1945
[  310617ms] [ERROR] ./components/settings/theme-applier.tsx:4:1
Export DEFAULTS doesn't exist in target module
  2 |
  3 | import { useEffect } from 'react'
> 4 | import { applyThemeToDOM, DEFAULTS } from '@/hooks/use-settings'
    | ^^^^^^^^^^^^^^^^^^^^^^^^^^^^^^^^^^^^^^^^^^^^^^^^^^^^^^^^^^^^^^^^
  5 | import type { AppSettings } from '@/hooks/use-settings'
  6 |
  7 | // Runs once on mount across the whole app to apply persisted theme before first render flash

The export DEFAULTS was not found in module [project]/hooks/use-settings.ts [app-client] (ecmascript).
Did you mean to import useSettings?
All exports of the module are statically known (It doesn't have dynamic exports). So it's known statically that the requested export doesn't exist.

Import traces:
  Client Component Browser:
    ./components/settings/theme-applier.tsx [Client Component Browser]
    ./components/providers.tsx [Client Component Browser]
    ./components/providers.tsx [Server Component]
    ./app/layout.tsx [Server Component]

  Client Component SSR:
    ./components/settings/theme-applier.tsx [Client Component SSR]
    ./components/providers.tsx [Client Component SSR]
    ./components/providers.tsx [Server Component]
    ./app/layout.tsx [Server Component] @ http://localhost:3005/_next/static/chunks/node_modules_next_dist_b0a279d5._.js:1945
[  310617ms] [ERROR] ./components/settings/theme-applier.tsx:4:1
Export DEFAULTS doesn't exist in target module
  2 |
  3 | import { useEffect } from 'react'
> 4 | import { applyThemeToDOM, DEFAULTS } from '@/hooks/use-settings'
    | ^^^^^^^^^^^^^^^^^^^^^^^^^^^^^^^^^^^^^^^^^^^^^^^^^^^^^^^^^^^^^^^^
  5 | import type { AppSettings } from '@/hooks/use-settings'
  6 |
  7 | // Runs once on mount across the whole app to apply persisted theme before first render flash

The export DEFAULTS was not found in module [project]/hooks/use-settings.ts [app-ssr] (ecmascript).
Did you mean to import useSettings?
All exports of the module are statically known (It doesn't have dynamic exports). So it's known statically that the requested export doesn't exist.

Import traces:
  Client Component Browser:
    ./components/settings/theme-applier.tsx [Client Component Browser]
    ./components/providers.tsx [Client Component Browser]
    ./components/providers.tsx [Server Component]
    ./app/layout.tsx [Server Component]

  Client Component SSR:
    ./components/settings/theme-applier.tsx [Client Component SSR]
    ./components/providers.tsx [Client Component SSR]
    ./components/providers.tsx [Server Component]
    ./app/layout.tsx [Server Component] @ http://localhost:3005/_next/static/chunks/node_modules_next_dist_b0a279d5._.js:1945
[  310679ms] [ERROR] ./components/settings/theme-applier.tsx:4:1
Export DEFAULTS doesn't exist in target module
  2 |
  3 | import { useEffect } from 'react'
> 4 | import { applyThemeToDOM, DEFAULTS } from '@/hooks/use-settings'
    | ^^^^^^^^^^^^^^^^^^^^^^^^^^^^^^^^^^^^^^^^^^^^^^^^^^^^^^^^^^^^^^^^
  5 | import type { AppSettings } from '@/hooks/use-settings'
  6 |
  7 | // Runs once on mount across the whole app to apply persisted theme before first render flash

The export DEFAULTS was not found in module [project]/hooks/use-settings.ts [app-client] (ecmascript).
Did you mean to import useSettings?
All exports of the module are statically known (It doesn't have dynamic exports). So it's known statically that the requested export doesn't exist.

Import traces:
  Client Component Browser:
    ./components/settings/theme-applier.tsx [Client Component Browser]
    ./components/providers.tsx [Client Component Browser]
    ./components/providers.tsx [Server Component]
    ./app/layout.tsx [Server Component]

  Client Component SSR:
    ./components/settings/theme-applier.tsx [Client Component SSR]
    ./components/providers.tsx [Client Component SSR]
    ./components/providers.tsx [Server Component]
    ./app/layout.tsx [Server Component] @ http://localhost:3005/_next/static/chunks/node_modules_next_dist_b0a279d5._.js:1945
[  310680ms] [ERROR] ./components/settings/theme-applier.tsx:4:1
Export DEFAULTS doesn't exist in target module
  2 |
  3 | import { useEffect } from 'react'
> 4 | import { applyThemeToDOM, DEFAULTS } from '@/hooks/use-settings'
    | ^^^^^^^^^^^^^^^^^^^^^^^^^^^^^^^^^^^^^^^^^^^^^^^^^^^^^^^^^^^^^^^^
  5 | import type { AppSettings } from '@/hooks/use-settings'
  6 |
  7 | // Runs once on mount across the whole app to apply persisted theme before first render flash

The export DEFAULTS was not found in module [project]/hooks/use-settings.ts [app-ssr] (ecmascript).
Did you mean to import useSettings?
All exports of the module are statically known (It doesn't have dynamic exports). So it's known statically that the requested export doesn't exist.

Import traces:
  Client Component Browser:
    ./components/settings/theme-applier.tsx [Client Component Browser]
    ./components/providers.tsx [Client Component Browser]
    ./components/providers.tsx [Server Component]
    ./app/layout.tsx [Server Component]

  Client Component SSR:
    ./components/settings/theme-applier.tsx [Client Component SSR]
    ./components/providers.tsx [Client Component SSR]
    ./components/providers.tsx [Server Component]
    ./app/layout.tsx [Server Component] @ http://localhost:3005/_next/static/chunks/node_modules_next_dist_b0a279d5._.js:1945
[  310743ms] [ERROR] ./components/settings/theme-applier.tsx:4:1
Export DEFAULTS doesn't exist in target module
  2 |
  3 | import { useEffect } from 'react'
> 4 | import { applyThemeToDOM, DEFAULTS } from '@/hooks/use-settings'
    | ^^^^^^^^^^^^^^^^^^^^^^^^^^^^^^^^^^^^^^^^^^^^^^^^^^^^^^^^^^^^^^^^
  5 | import type { AppSettings } from '@/hooks/use-settings'
  6 |
  7 | // Runs once on mount across the whole app to apply persisted theme before first render flash

The export DEFAULTS was not found in module [project]/hooks/use-settings.ts [app-client] (ecmascript).
Did you mean to import useSettings?
All exports of the module are statically known (It doesn't have dynamic exports). So it's known statically that the requested export doesn't exist.

Import traces:
  Client Component Browser:
    ./components/settings/theme-applier.tsx [Client Component Browser]
    ./components/providers.tsx [Client Component Browser]
    ./components/providers.tsx [Server Component]
    ./app/layout.tsx [Server Component]

  Client Component SSR:
    ./components/settings/theme-applier.tsx [Client Component SSR]
    ./components/providers.tsx [Client Component SSR]
    ./components/providers.tsx [Server Component]
    ./app/layout.tsx [Server Component] @ http://localhost:3005/_next/static/chunks/node_modules_next_dist_b0a279d5._.js:1945
[  310743ms] [ERROR] ./components/settings/theme-applier.tsx:4:1
Export DEFAULTS doesn't exist in target module
  2 |
  3 | import { useEffect } from 'react'
> 4 | import { applyThemeToDOM, DEFAULTS } from '@/hooks/use-settings'
    | ^^^^^^^^^^^^^^^^^^^^^^^^^^^^^^^^^^^^^^^^^^^^^^^^^^^^^^^^^^^^^^^^
  5 | import type { AppSettings } from '@/hooks/use-settings'
  6 |
  7 | // Runs once on mount across the whole app to apply persisted theme before first render flash

The export DEFAULTS was not found in module [project]/hooks/use-settings.ts [app-ssr] (ecmascript).
Did you mean to import useSettings?
All exports of the module are statically known (It doesn't have dynamic exports). So it's known statically that the requested export doesn't exist.

Import traces:
  Client Component Browser:
    ./components/settings/theme-applier.tsx [Client Component Browser]
    ./components/providers.tsx [Client Component Browser]
    ./components/providers.tsx [Server Component]
    ./app/layout.tsx [Server Component]

  Client Component SSR:
    ./components/settings/theme-applier.tsx [Client Component SSR]
    ./components/providers.tsx [Client Component SSR]
    ./components/providers.tsx [Server Component]
    ./app/layout.tsx [Server Component] @ http://localhost:3005/_next/static/chunks/node_modules_next_dist_b0a279d5._.js:1945
[  310806ms] [ERROR] ./components/settings/theme-applier.tsx:4:1
Export DEFAULTS doesn't exist in target module
  2 |
  3 | import { useEffect } from 'react'
> 4 | import { applyThemeToDOM, DEFAULTS } from '@/hooks/use-settings'
    | ^^^^^^^^^^^^^^^^^^^^^^^^^^^^^^^^^^^^^^^^^^^^^^^^^^^^^^^^^^^^^^^^
  5 | import type { AppSettings } from '@/hooks/use-settings'
  6 |
  7 | // Runs once on mount across the whole app to apply persisted theme before first render flash

The export DEFAULTS was not found in module [project]/hooks/use-settings.ts [app-client] (ecmascript).
Did you mean to import useSettings?
All exports of the module are statically known (It doesn't have dynamic exports). So it's known statically that the requested export doesn't exist.

Import traces:
  Client Component Browser:
    ./components/settings/theme-applier.tsx [Client Component Browser]
    ./components/providers.tsx [Client Component Browser]
    ./components/providers.tsx [Server Component]
    ./app/layout.tsx [Server Component]

  Client Component SSR:
    ./components/settings/theme-applier.tsx [Client Component SSR]
    ./components/providers.tsx [Client Component SSR]
    ./components/providers.tsx [Server Component]
    ./app/layout.tsx [Server Component] @ http://localhost:3005/_next/static/chunks/node_modules_next_dist_b0a279d5._.js:1945
[  310806ms] [ERROR] ./components/settings/theme-applier.tsx:4:1
Export DEFAULTS doesn't exist in target module
  2 |
  3 | import { useEffect } from 'react'
> 4 | import { applyThemeToDOM, DEFAULTS } from '@/hooks/use-settings'
    | ^^^^^^^^^^^^^^^^^^^^^^^^^^^^^^^^^^^^^^^^^^^^^^^^^^^^^^^^^^^^^^^^
  5 | import type { AppSettings } from '@/hooks/use-settings'
  6 |
  7 | // Runs once on mount across the whole app to apply persisted theme before first render flash

The export DEFAULTS was not found in module [project]/hooks/use-settings.ts [app-ssr] (ecmascript).
Did you mean to import useSettings?
All exports of the module are statically known (It doesn't have dynamic exports). So it's known statically that the requested export doesn't exist.

Import traces:
  Client Component Browser:
    ./components/settings/theme-applier.tsx [Client Component Browser]
    ./components/providers.tsx [Client Component Browser]
    ./components/providers.tsx [Server Component]
    ./app/layout.tsx [Server Component]

  Client Component SSR:
    ./components/settings/theme-applier.tsx [Client Component SSR]
    ./components/providers.tsx [Client Component SSR]
    ./components/providers.tsx [Server Component]
    ./app/layout.tsx [Server Component] @ http://localhost:3005/_next/static/chunks/node_modules_next_dist_b0a279d5._.js:1945
[  310868ms] [ERROR] ./components/settings/theme-applier.tsx:4:1
Export DEFAULTS doesn't exist in target module
  2 |
  3 | import { useEffect } from 'react'
> 4 | import { applyThemeToDOM, DEFAULTS } from '@/hooks/use-settings'
    | ^^^^^^^^^^^^^^^^^^^^^^^^^^^^^^^^^^^^^^^^^^^^^^^^^^^^^^^^^^^^^^^^
  5 | import type { AppSettings } from '@/hooks/use-settings'
  6 |
  7 | // Runs once on mount across the whole app to apply persisted theme before first render flash

The export DEFAULTS was not found in module [project]/hooks/use-settings.ts [app-client] (ecmascript).
Did you mean to import useSettings?
All exports of the module are statically known (It doesn't have dynamic exports). So it's known statically that the requested export doesn't exist.

Import traces:
  Client Component Browser:
    ./components/settings/theme-applier.tsx [Client Component Browser]
    ./components/providers.tsx [Client Component Browser]
    ./components/providers.tsx [Server Component]
    ./app/layout.tsx [Server Component]

  Client Component SSR:
    ./components/settings/theme-applier.tsx [Client Component SSR]
    ./components/providers.tsx [Client Component SSR]
    ./components/providers.tsx [Server Component]
    ./app/layout.tsx [Server Component] @ http://localhost:3005/_next/static/chunks/node_modules_next_dist_b0a279d5._.js:1945
[  310868ms] [ERROR] ./components/settings/theme-applier.tsx:4:1
Export DEFAULTS doesn't exist in target module
  2 |
  3 | import { useEffect } from 'react'
> 4 | import { applyThemeToDOM, DEFAULTS } from '@/hooks/use-settings'
    | ^^^^^^^^^^^^^^^^^^^^^^^^^^^^^^^^^^^^^^^^^^^^^^^^^^^^^^^^^^^^^^^^
  5 | import type { AppSettings } from '@/hooks/use-settings'
  6 |
  7 | // Runs once on mount across the whole app to apply persisted theme before first render flash

The export DEFAULTS was not found in module [project]/hooks/use-settings.ts [app-ssr] (ecmascript).
Did you mean to import useSettings?
All exports of the module are statically known (It doesn't have dynamic exports). So it's known statically that the requested export doesn't exist.

Import traces:
  Client Component Browser:
    ./components/settings/theme-applier.tsx [Client Component Browser]
    ./components/providers.tsx [Client Component Browser]
    ./components/providers.tsx [Server Component]
    ./app/layout.tsx [Server Component]

  Client Component SSR:
    ./components/settings/theme-applier.tsx [Client Component SSR]
    ./components/providers.tsx [Client Component SSR]
    ./components/providers.tsx [Server Component]
    ./app/layout.tsx [Server Component] @ http://localhost:3005/_next/static/chunks/node_modules_next_dist_b0a279d5._.js:1945
[  310930ms] [ERROR] ./components/settings/theme-applier.tsx:4:1
Export DEFAULTS doesn't exist in target module
  2 |
  3 | import { useEffect } from 'react'
> 4 | import { applyThemeToDOM, DEFAULTS } from '@/hooks/use-settings'
    | ^^^^^^^^^^^^^^^^^^^^^^^^^^^^^^^^^^^^^^^^^^^^^^^^^^^^^^^^^^^^^^^^
  5 | import type { AppSettings } from '@/hooks/use-settings'
  6 |
  7 | // Runs once on mount across the whole app to apply persisted theme before first render flash

The export DEFAULTS was not found in module [project]/hooks/use-settings.ts [app-client] (ecmascript).
Did you mean to import useSettings?
All exports of the module are statically known (It doesn't have dynamic exports). So it's known statically that the requested export doesn't exist.

Import traces:
  Client Component Browser:
    ./components/settings/theme-applier.tsx [Client Component Browser]
    ./components/providers.tsx [Client Component Browser]
    ./components/providers.tsx [Server Component]
    ./app/layout.tsx [Server Component]

  Client Component SSR:
    ./components/settings/theme-applier.tsx [Client Component SSR]
    ./components/providers.tsx [Client Component SSR]
    ./components/providers.tsx [Server Component]
    ./app/layout.tsx [Server Component] @ http://localhost:3005/_next/static/chunks/node_modules_next_dist_b0a279d5._.js:1945
[  310930ms] [ERROR] ./components/settings/theme-applier.tsx:4:1
Export DEFAULTS doesn't exist in target module
  2 |
  3 | import { useEffect } from 'react'
> 4 | import { applyThemeToDOM, DEFAULTS } from '@/hooks/use-settings'
    | ^^^^^^^^^^^^^^^^^^^^^^^^^^^^^^^^^^^^^^^^^^^^^^^^^^^^^^^^^^^^^^^^
  5 | import type { AppSettings } from '@/hooks/use-settings'
  6 |
  7 | // Runs once on mount across the whole app to apply persisted theme before first render flash

The export DEFAULTS was not found in module [project]/hooks/use-settings.ts [app-ssr] (ecmascript).
Did you mean to import useSettings?
All exports of the module are statically known (It doesn't have dynamic exports). So it's known statically that the requested export doesn't exist.

Import traces:
  Client Component Browser:
    ./components/settings/theme-applier.tsx [Client Component Browser]
    ./components/providers.tsx [Client Component Browser]
    ./components/providers.tsx [Server Component]
    ./app/layout.tsx [Server Component]

  Client Component SSR:
    ./components/settings/theme-applier.tsx [Client Component SSR]
    ./components/providers.tsx [Client Component SSR]
    ./components/providers.tsx [Server Component]
    ./app/layout.tsx [Server Component] @ http://localhost:3005/_next/static/chunks/node_modules_next_dist_b0a279d5._.js:1945
[  310993ms] [ERROR] ./components/settings/theme-applier.tsx:4:1
Export DEFAULTS doesn't exist in target module
  2 |
  3 | import { useEffect } from 'react'
> 4 | import { applyThemeToDOM, DEFAULTS } from '@/hooks/use-settings'
    | ^^^^^^^^^^^^^^^^^^^^^^^^^^^^^^^^^^^^^^^^^^^^^^^^^^^^^^^^^^^^^^^^
  5 | import type { AppSettings } from '@/hooks/use-settings'
  6 |
  7 | // Runs once on mount across the whole app to apply persisted theme before first render flash

The export DEFAULTS was not found in module [project]/hooks/use-settings.ts [app-client] (ecmascript).
Did you mean to import useSettings?
All exports of the module are statically known (It doesn't have dynamic exports). So it's known statically that the requested export doesn't exist.

Import traces:
  Client Component Browser:
    ./components/settings/theme-applier.tsx [Client Component Browser]
    ./components/providers.tsx [Client Component Browser]
    ./components/providers.tsx [Server Component]
    ./app/layout.tsx [Server Component]

  Client Component SSR:
    ./components/settings/theme-applier.tsx [Client Component SSR]
    ./components/providers.tsx [Client Component SSR]
    ./components/providers.tsx [Server Component]
    ./app/layout.tsx [Server Component] @ http://localhost:3005/_next/static/chunks/node_modules_next_dist_b0a279d5._.js:1945
[  310993ms] [ERROR] ./components/settings/theme-applier.tsx:4:1
Export DEFAULTS doesn't exist in target module
  2 |
  3 | import { useEffect } from 'react'
> 4 | import { applyThemeToDOM, DEFAULTS } from '@/hooks/use-settings'
    | ^^^^^^^^^^^^^^^^^^^^^^^^^^^^^^^^^^^^^^^^^^^^^^^^^^^^^^^^^^^^^^^^
  5 | import type { AppSettings } from '@/hooks/use-settings'
  6 |
  7 | // Runs once on mount across the whole app to apply persisted theme before first render flash

The export DEFAULTS was not found in module [project]/hooks/use-settings.ts [app-ssr] (ecmascript).
Did you mean to import useSettings?
All exports of the module are statically known (It doesn't have dynamic exports). So it's known statically that the requested export doesn't exist.

Import traces:
  Client Component Browser:
    ./components/settings/theme-applier.tsx [Client Component Browser]
    ./components/providers.tsx [Client Component Browser]
    ./components/providers.tsx [Server Component]
    ./app/layout.tsx [Server Component]

  Client Component SSR:
    ./components/settings/theme-applier.tsx [Client Component SSR]
    ./components/providers.tsx [Client Component SSR]
    ./components/providers.tsx [Server Component]
    ./app/layout.tsx [Server Component] @ http://localhost:3005/_next/static/chunks/node_modules_next_dist_b0a279d5._.js:1945
[  311055ms] [ERROR] ./components/settings/theme-applier.tsx:4:1
Export DEFAULTS doesn't exist in target module
  2 |
  3 | import { useEffect } from 'react'
> 4 | import { applyThemeToDOM, DEFAULTS } from '@/hooks/use-settings'
    | ^^^^^^^^^^^^^^^^^^^^^^^^^^^^^^^^^^^^^^^^^^^^^^^^^^^^^^^^^^^^^^^^
  5 | import type { AppSettings } from '@/hooks/use-settings'
  6 |
  7 | // Runs once on mount across the whole app to apply persisted theme before first render flash

The export DEFAULTS was not found in module [project]/hooks/use-settings.ts [app-client] (ecmascript).
Did you mean to import useSettings?
All exports of the module are statically known (It doesn't have dynamic exports). So it's known statically that the requested export doesn't exist.

Import traces:
  Client Component Browser:
    ./components/settings/theme-applier.tsx [Client Component Browser]
    ./components/providers.tsx [Client Component Browser]
    ./components/providers.tsx [Server Component]
    ./app/layout.tsx [Server Component]

  Client Component SSR:
    ./components/settings/theme-applier.tsx [Client Component SSR]
    ./components/providers.tsx [Client Component SSR]
    ./components/providers.tsx [Server Component]
    ./app/layout.tsx [Server Component] @ http://localhost:3005/_next/static/chunks/node_modules_next_dist_b0a279d5._.js:1945
[  311055ms] [ERROR] ./components/settings/theme-applier.tsx:4:1
Export DEFAULTS doesn't exist in target module
  2 |
  3 | import { useEffect } from 'react'
> 4 | import { applyThemeToDOM, DEFAULTS } from '@/hooks/use-settings'
    | ^^^^^^^^^^^^^^^^^^^^^^^^^^^^^^^^^^^^^^^^^^^^^^^^^^^^^^^^^^^^^^^^
  5 | import type { AppSettings } from '@/hooks/use-settings'
  6 |
  7 | // Runs once on mount across the whole app to apply persisted theme before first render flash

The export DEFAULTS was not found in module [project]/hooks/use-settings.ts [app-ssr] (ecmascript).
Did you mean to import useSettings?
All exports of the module are statically known (It doesn't have dynamic exports). So it's known statically that the requested export doesn't exist.

Import traces:
  Client Component Browser:
    ./components/settings/theme-applier.tsx [Client Component Browser]
    ./components/providers.tsx [Client Component Browser]
    ./components/providers.tsx [Server Component]
    ./app/layout.tsx [Server Component]

  Client Component SSR:
    ./components/settings/theme-applier.tsx [Client Component SSR]
    ./components/providers.tsx [Client Component SSR]
    ./components/providers.tsx [Server Component]
    ./app/layout.tsx [Server Component] @ http://localhost:3005/_next/static/chunks/node_modules_next_dist_b0a279d5._.js:1945
[  311116ms] [ERROR] ./components/settings/theme-applier.tsx:4:1
Export DEFAULTS doesn't exist in target module
  2 |
  3 | import { useEffect } from 'react'
> 4 | import { applyThemeToDOM, DEFAULTS } from '@/hooks/use-settings'
    | ^^^^^^^^^^^^^^^^^^^^^^^^^^^^^^^^^^^^^^^^^^^^^^^^^^^^^^^^^^^^^^^^
  5 | import type { AppSettings } from '@/hooks/use-settings'
  6 |
  7 | // Runs once on mount across the whole app to apply persisted theme before first render flash

The export DEFAULTS was not found in module [project]/hooks/use-settings.ts [app-client] (ecmascript).
Did you mean to import useSettings?
All exports of the module are statically known (It doesn't have dynamic exports). So it's known statically that the requested export doesn't exist.

Import traces:
  Client Component Browser:
    ./components/settings/theme-applier.tsx [Client Component Browser]
    ./components/providers.tsx [Client Component Browser]
    ./components/providers.tsx [Server Component]
    ./app/layout.tsx [Server Component]

  Client Component SSR:
    ./components/settings/theme-applier.tsx [Client Component SSR]
    ./components/providers.tsx [Client Component SSR]
    ./components/providers.tsx [Server Component]
    ./app/layout.tsx [Server Component] @ http://localhost:3005/_next/static/chunks/node_modules_next_dist_b0a279d5._.js:1945
[  311116ms] [ERROR] ./components/settings/theme-applier.tsx:4:1
Export DEFAULTS doesn't exist in target module
  2 |
  3 | import { useEffect } from 'react'
> 4 | import { applyThemeToDOM, DEFAULTS } from '@/hooks/use-settings'
    | ^^^^^^^^^^^^^^^^^^^^^^^^^^^^^^^^^^^^^^^^^^^^^^^^^^^^^^^^^^^^^^^^
  5 | import type { AppSettings } from '@/hooks/use-settings'
  6 |
  7 | // Runs once on mount across the whole app to apply persisted theme before first render flash

The export DEFAULTS was not found in module [project]/hooks/use-settings.ts [app-ssr] (ecmascript).
Did you mean to import useSettings?
All exports of the module are statically known (It doesn't have dynamic exports). So it's known statically that the requested export doesn't exist.

Import traces:
  Client Component Browser:
    ./components/settings/theme-applier.tsx [Client Component Browser]
    ./components/providers.tsx [Client Component Browser]
    ./components/providers.tsx [Server Component]
    ./app/layout.tsx [Server Component]

  Client Component SSR:
    ./components/settings/theme-applier.tsx [Client Component SSR]
    ./components/providers.tsx [Client Component SSR]
    ./components/providers.tsx [Server Component]
    ./app/layout.tsx [Server Component] @ http://localhost:3005/_next/static/chunks/node_modules_next_dist_b0a279d5._.js:1945
[  311179ms] [ERROR] ./components/settings/theme-applier.tsx:4:1
Export DEFAULTS doesn't exist in target module
  2 |
  3 | import { useEffect } from 'react'
> 4 | import { applyThemeToDOM, DEFAULTS } from '@/hooks/use-settings'
    | ^^^^^^^^^^^^^^^^^^^^^^^^^^^^^^^^^^^^^^^^^^^^^^^^^^^^^^^^^^^^^^^^
  5 | import type { AppSettings } from '@/hooks/use-settings'
  6 |
  7 | // Runs once on mount across the whole app to apply persisted theme before first render flash

The export DEFAULTS was not found in module [project]/hooks/use-settings.ts [app-client] (ecmascript).
Did you mean to import useSettings?
All exports of the module are statically known (It doesn't have dynamic exports). So it's known statically that the requested export doesn't exist.

Import traces:
  Client Component Browser:
    ./components/settings/theme-applier.tsx [Client Component Browser]
    ./components/providers.tsx [Client Component Browser]
    ./components/providers.tsx [Server Component]
    ./app/layout.tsx [Server Component]

  Client Component SSR:
    ./components/settings/theme-applier.tsx [Client Component SSR]
    ./components/providers.tsx [Client Component SSR]
    ./components/providers.tsx [Server Component]
    ./app/layout.tsx [Server Component] @ http://localhost:3005/_next/static/chunks/node_modules_next_dist_b0a279d5._.js:1945
[  311179ms] [ERROR] ./components/settings/theme-applier.tsx:4:1
Export DEFAULTS doesn't exist in target module
  2 |
  3 | import { useEffect } from 'react'
> 4 | import { applyThemeToDOM, DEFAULTS } from '@/hooks/use-settings'
    | ^^^^^^^^^^^^^^^^^^^^^^^^^^^^^^^^^^^^^^^^^^^^^^^^^^^^^^^^^^^^^^^^
  5 | import type { AppSettings } from '@/hooks/use-settings'
  6 |
  7 | // Runs once on mount across the whole app to apply persisted theme before first render flash

The export DEFAULTS was not found in module [project]/hooks/use-settings.ts [app-ssr] (ecmascript).
Did you mean to import useSettings?
All exports of the module are statically known (It doesn't have dynamic exports). So it's known statically that the requested export doesn't exist.

Import traces:
  Client Component Browser:
    ./components/settings/theme-applier.tsx [Client Component Browser]
    ./components/providers.tsx [Client Component Browser]
    ./components/providers.tsx [Server Component]
    ./app/layout.tsx [Server Component]

  Client Component SSR:
    ./components/settings/theme-applier.tsx [Client Component SSR]
    ./components/providers.tsx [Client Component SSR]
    ./components/providers.tsx [Server Component]
    ./app/layout.tsx [Server Component] @ http://localhost:3005/_next/static/chunks/node_modules_next_dist_b0a279d5._.js:1945
[  311241ms] [ERROR] ./components/settings/theme-applier.tsx:4:1
Export DEFAULTS doesn't exist in target module
  2 |
  3 | import { useEffect } from 'react'
> 4 | import { applyThemeToDOM, DEFAULTS } from '@/hooks/use-settings'
    | ^^^^^^^^^^^^^^^^^^^^^^^^^^^^^^^^^^^^^^^^^^^^^^^^^^^^^^^^^^^^^^^^
  5 | import type { AppSettings } from '@/hooks/use-settings'
  6 |
  7 | // Runs once on mount across the whole app to apply persisted theme before first render flash

The export DEFAULTS was not found in module [project]/hooks/use-settings.ts [app-client] (ecmascript).
Did you mean to import useSettings?
All exports of the module are statically known (It doesn't have dynamic exports). So it's known statically that the requested export doesn't exist.

Import traces:
  Client Component Browser:
    ./components/settings/theme-applier.tsx [Client Component Browser]
    ./components/providers.tsx [Client Component Browser]
    ./components/providers.tsx [Server Component]
    ./app/layout.tsx [Server Component]

  Client Component SSR:
    ./components/settings/theme-applier.tsx [Client Component SSR]
    ./components/providers.tsx [Client Component SSR]
    ./components/providers.tsx [Server Component]
    ./app/layout.tsx [Server Component] @ http://localhost:3005/_next/static/chunks/node_modules_next_dist_b0a279d5._.js:1945
[  311242ms] [ERROR] ./components/settings/theme-applier.tsx:4:1
Export DEFAULTS doesn't exist in target module
  2 |
  3 | import { useEffect } from 'react'
> 4 | import { applyThemeToDOM, DEFAULTS } from '@/hooks/use-settings'
    | ^^^^^^^^^^^^^^^^^^^^^^^^^^^^^^^^^^^^^^^^^^^^^^^^^^^^^^^^^^^^^^^^
  5 | import type { AppSettings } from '@/hooks/use-settings'
  6 |
  7 | // Runs once on mount across the whole app to apply persisted theme before first render flash

The export DEFAULTS was not found in module [project]/hooks/use-settings.ts [app-ssr] (ecmascript).
Did you mean to import useSettings?
All exports of the module are statically known (It doesn't have dynamic exports). So it's known statically that the requested export doesn't exist.

Import traces:
  Client Component Browser:
    ./components/settings/theme-applier.tsx [Client Component Browser]
    ./components/providers.tsx [Client Component Browser]
    ./components/providers.tsx [Server Component]
    ./app/layout.tsx [Server Component]

  Client Component SSR:
    ./components/settings/theme-applier.tsx [Client Component SSR]
    ./components/providers.tsx [Client Component SSR]
    ./components/providers.tsx [Server Component]
    ./app/layout.tsx [Server Component] @ http://localhost:3005/_next/static/chunks/node_modules_next_dist_b0a279d5._.js:1945
[  311307ms] [ERROR] ./components/settings/theme-applier.tsx:4:1
Export DEFAULTS doesn't exist in target module
  2 |
  3 | import { useEffect } from 'react'
> 4 | import { applyThemeToDOM, DEFAULTS } from '@/hooks/use-settings'
    | ^^^^^^^^^^^^^^^^^^^^^^^^^^^^^^^^^^^^^^^^^^^^^^^^^^^^^^^^^^^^^^^^
  5 | import type { AppSettings } from '@/hooks/use-settings'
  6 |
  7 | // Runs once on mount across the whole app to apply persisted theme before first render flash

The export DEFAULTS was not found in module [project]/hooks/use-settings.ts [app-client] (ecmascript).
Did you mean to import useSettings?
All exports of the module are statically known (It doesn't have dynamic exports). So it's known statically that the requested export doesn't exist.

Import traces:
  Client Component Browser:
    ./components/settings/theme-applier.tsx [Client Component Browser]
    ./components/providers.tsx [Client Component Browser]
    ./components/providers.tsx [Server Component]
    ./app/layout.tsx [Server Component]

  Client Component SSR:
    ./components/settings/theme-applier.tsx [Client Component SSR]
    ./components/providers.tsx [Client Component SSR]
    ./components/providers.tsx [Server Component]
    ./app/layout.tsx [Server Component] @ http://localhost:3005/_next/static/chunks/node_modules_next_dist_b0a279d5._.js:1945
[  311308ms] [ERROR] ./components/settings/theme-applier.tsx:4:1
Export DEFAULTS doesn't exist in target module
  2 |
  3 | import { useEffect } from 'react'
> 4 | import { applyThemeToDOM, DEFAULTS } from '@/hooks/use-settings'
    | ^^^^^^^^^^^^^^^^^^^^^^^^^^^^^^^^^^^^^^^^^^^^^^^^^^^^^^^^^^^^^^^^
  5 | import type { AppSettings } from '@/hooks/use-settings'
  6 |
  7 | // Runs once on mount across the whole app to apply persisted theme before first render flash

The export DEFAULTS was not found in module [project]/hooks/use-settings.ts [app-ssr] (ecmascript).
Did you mean to import useSettings?
All exports of the module are statically known (It doesn't have dynamic exports). So it's known statically that the requested export doesn't exist.

Import traces:
  Client Component Browser:
    ./components/settings/theme-applier.tsx [Client Component Browser]
    ./components/providers.tsx [Client Component Browser]
    ./components/providers.tsx [Server Component]
    ./app/layout.tsx [Server Component]

  Client Component SSR:
    ./components/settings/theme-applier.tsx [Client Component SSR]
    ./components/providers.tsx [Client Component SSR]
    ./components/providers.tsx [Server Component]
    ./app/layout.tsx [Server Component] @ http://localhost:3005/_next/static/chunks/node_modules_next_dist_b0a279d5._.js:1945
[  311368ms] [ERROR] ./components/settings/theme-applier.tsx:4:1
Export DEFAULTS doesn't exist in target module
  2 |
  3 | import { useEffect } from 'react'
> 4 | import { applyThemeToDOM, DEFAULTS } from '@/hooks/use-settings'
    | ^^^^^^^^^^^^^^^^^^^^^^^^^^^^^^^^^^^^^^^^^^^^^^^^^^^^^^^^^^^^^^^^
  5 | import type { AppSettings } from '@/hooks/use-settings'
  6 |
  7 | // Runs once on mount across the whole app to apply persisted theme before first render flash

The export DEFAULTS was not found in module [project]/hooks/use-settings.ts [app-client] (ecmascript).
Did you mean to import useSettings?
All exports of the module are statically known (It doesn't have dynamic exports). So it's known statically that the requested export doesn't exist.

Import traces:
  Client Component Browser:
    ./components/settings/theme-applier.tsx [Client Component Browser]
    ./components/providers.tsx [Client Component Browser]
    ./components/providers.tsx [Server Component]
    ./app/layout.tsx [Server Component]

  Client Component SSR:
    ./components/settings/theme-applier.tsx [Client Component SSR]
    ./components/providers.tsx [Client Component SSR]
    ./components/providers.tsx [Server Component]
    ./app/layout.tsx [Server Component] @ http://localhost:3005/_next/static/chunks/node_modules_next_dist_b0a279d5._.js:1945
[  311368ms] [ERROR] ./components/settings/theme-applier.tsx:4:1
Export DEFAULTS doesn't exist in target module
  2 |
  3 | import { useEffect } from 'react'
> 4 | import { applyThemeToDOM, DEFAULTS } from '@/hooks/use-settings'
    | ^^^^^^^^^^^^^^^^^^^^^^^^^^^^^^^^^^^^^^^^^^^^^^^^^^^^^^^^^^^^^^^^
  5 | import type { AppSettings } from '@/hooks/use-settings'
  6 |
  7 | // Runs once on mount across the whole app to apply persisted theme before first render flash

The export DEFAULTS was not found in module [project]/hooks/use-settings.ts [app-ssr] (ecmascript).
Did you mean to import useSettings?
All exports of the module are statically known (It doesn't have dynamic exports). So it's known statically that the requested export doesn't exist.

Import traces:
  Client Component Browser:
    ./components/settings/theme-applier.tsx [Client Component Browser]
    ./components/providers.tsx [Client Component Browser]
    ./components/providers.tsx [Server Component]
    ./app/layout.tsx [Server Component]

  Client Component SSR:
    ./components/settings/theme-applier.tsx [Client Component SSR]
    ./components/providers.tsx [Client Component SSR]
    ./components/providers.tsx [Server Component]
    ./app/layout.tsx [Server Component] @ http://localhost:3005/_next/static/chunks/node_modules_next_dist_b0a279d5._.js:1945
[  311430ms] [ERROR] ./components/settings/theme-applier.tsx:4:1
Export DEFAULTS doesn't exist in target module
  2 |
  3 | import { useEffect } from 'react'
> 4 | import { applyThemeToDOM, DEFAULTS } from '@/hooks/use-settings'
    | ^^^^^^^^^^^^^^^^^^^^^^^^^^^^^^^^^^^^^^^^^^^^^^^^^^^^^^^^^^^^^^^^
  5 | import type { AppSettings } from '@/hooks/use-settings'
  6 |
  7 | // Runs once on mount across the whole app to apply persisted theme before first render flash

The export DEFAULTS was not found in module [project]/hooks/use-settings.ts [app-client] (ecmascript).
Did you mean to import useSettings?
All exports of the module are statically known (It doesn't have dynamic exports). So it's known statically that the requested export doesn't exist.

Import traces:
  Client Component Browser:
    ./components/settings/theme-applier.tsx [Client Component Browser]
    ./components/providers.tsx [Client Component Browser]
    ./components/providers.tsx [Server Component]
    ./app/layout.tsx [Server Component]

  Client Component SSR:
    ./components/settings/theme-applier.tsx [Client Component SSR]
    ./components/providers.tsx [Client Component SSR]
    ./components/providers.tsx [Server Component]
    ./app/layout.tsx [Server Component] @ http://localhost:3005/_next/static/chunks/node_modules_next_dist_b0a279d5._.js:1945
[  311430ms] [ERROR] ./components/settings/theme-applier.tsx:4:1
Export DEFAULTS doesn't exist in target module
  2 |
  3 | import { useEffect } from 'react'
> 4 | import { applyThemeToDOM, DEFAULTS } from '@/hooks/use-settings'
    | ^^^^^^^^^^^^^^^^^^^^^^^^^^^^^^^^^^^^^^^^^^^^^^^^^^^^^^^^^^^^^^^^
  5 | import type { AppSettings } from '@/hooks/use-settings'
  6 |
  7 | // Runs once on mount across the whole app to apply persisted theme before first render flash

The export DEFAULTS was not found in module [project]/hooks/use-settings.ts [app-ssr] (ecmascript).
Did you mean to import useSettings?
All exports of the module are statically known (It doesn't have dynamic exports). So it's known statically that the requested export doesn't exist.

Import traces:
  Client Component Browser:
    ./components/settings/theme-applier.tsx [Client Component Browser]
    ./components/providers.tsx [Client Component Browser]
    ./components/providers.tsx [Server Component]
    ./app/layout.tsx [Server Component]

  Client Component SSR:
    ./components/settings/theme-applier.tsx [Client Component SSR]
    ./components/providers.tsx [Client Component SSR]
    ./components/providers.tsx [Server Component]
    ./app/layout.tsx [Server Component] @ http://localhost:3005/_next/static/chunks/node_modules_next_dist_b0a279d5._.js:1945
[  311493ms] [ERROR] ./components/settings/theme-applier.tsx:4:1
Export DEFAULTS doesn't exist in target module
  2 |
  3 | import { useEffect } from 'react'
> 4 | import { applyThemeToDOM, DEFAULTS } from '@/hooks/use-settings'
    | ^^^^^^^^^^^^^^^^^^^^^^^^^^^^^^^^^^^^^^^^^^^^^^^^^^^^^^^^^^^^^^^^
  5 | import type { AppSettings } from '@/hooks/use-settings'
  6 |
  7 | // Runs once on mount across the whole app to apply persisted theme before first render flash

The export DEFAULTS was not found in module [project]/hooks/use-settings.ts [app-client] (ecmascript).
Did you mean to import useSettings?
All exports of the module are statically known (It doesn't have dynamic exports). So it's known statically that the requested export doesn't exist.

Import traces:
  Client Component Browser:
    ./components/settings/theme-applier.tsx [Client Component Browser]
    ./components/providers.tsx [Client Component Browser]
    ./components/providers.tsx [Server Component]
    ./app/layout.tsx [Server Component]

  Client Component SSR:
    ./components/settings/theme-applier.tsx [Client Component SSR]
    ./components/providers.tsx [Client Component SSR]
    ./components/providers.tsx [Server Component]
    ./app/layout.tsx [Server Component] @ http://localhost:3005/_next/static/chunks/node_modules_next_dist_b0a279d5._.js:1945
[  311493ms] [ERROR] ./components/settings/theme-applier.tsx:4:1
Export DEFAULTS doesn't exist in target module
  2 |
  3 | import { useEffect } from 'react'
> 4 | import { applyThemeToDOM, DEFAULTS } from '@/hooks/use-settings'
    | ^^^^^^^^^^^^^^^^^^^^^^^^^^^^^^^^^^^^^^^^^^^^^^^^^^^^^^^^^^^^^^^^
  5 | import type { AppSettings } from '@/hooks/use-settings'
  6 |
  7 | // Runs once on mount across the whole app to apply persisted theme before first render flash

The export DEFAULTS was not found in module [project]/hooks/use-settings.ts [app-ssr] (ecmascript).
Did you mean to import useSettings?
All exports of the module are statically known (It doesn't have dynamic exports). So it's known statically that the requested export doesn't exist.

Import traces:
  Client Component Browser:
    ./components/settings/theme-applier.tsx [Client Component Browser]
    ./components/providers.tsx [Client Component Browser]
    ./components/providers.tsx [Server Component]
    ./app/layout.tsx [Server Component]

  Client Component SSR:
    ./components/settings/theme-applier.tsx [Client Component SSR]
    ./components/providers.tsx [Client Component SSR]
    ./components/providers.tsx [Server Component]
    ./app/layout.tsx [Server Component] @ http://localhost:3005/_next/static/chunks/node_modules_next_dist_b0a279d5._.js:1945
[  311555ms] [ERROR] ./components/settings/theme-applier.tsx:4:1
Export DEFAULTS doesn't exist in target module
  2 |
  3 | import { useEffect } from 'react'
> 4 | import { applyThemeToDOM, DEFAULTS } from '@/hooks/use-settings'
    | ^^^^^^^^^^^^^^^^^^^^^^^^^^^^^^^^^^^^^^^^^^^^^^^^^^^^^^^^^^^^^^^^
  5 | import type { AppSettings } from '@/hooks/use-settings'
  6 |
  7 | // Runs once on mount across the whole app to apply persisted theme before first render flash

The export DEFAULTS was not found in module [project]/hooks/use-settings.ts [app-client] (ecmascript).
Did you mean to import useSettings?
All exports of the module are statically known (It doesn't have dynamic exports). So it's known statically that the requested export doesn't exist.

Import traces:
  Client Component Browser:
    ./components/settings/theme-applier.tsx [Client Component Browser]
    ./components/providers.tsx [Client Component Browser]
    ./components/providers.tsx [Server Component]
    ./app/layout.tsx [Server Component]

  Client Component SSR:
    ./components/settings/theme-applier.tsx [Client Component SSR]
    ./components/providers.tsx [Client Component SSR]
    ./components/providers.tsx [Server Component]
    ./app/layout.tsx [Server Component] @ http://localhost:3005/_next/static/chunks/node_modules_next_dist_b0a279d5._.js:1945
[  311556ms] [ERROR] ./components/settings/theme-applier.tsx:4:1
Export DEFAULTS doesn't exist in target module
  2 |
  3 | import { useEffect } from 'react'
> 4 | import { applyThemeToDOM, DEFAULTS } from '@/hooks/use-settings'
    | ^^^^^^^^^^^^^^^^^^^^^^^^^^^^^^^^^^^^^^^^^^^^^^^^^^^^^^^^^^^^^^^^
  5 | import type { AppSettings } from '@/hooks/use-settings'
  6 |
  7 | // Runs once on mount across the whole app to apply persisted theme before first render flash

The export DEFAULTS was not found in module [project]/hooks/use-settings.ts [app-ssr] (ecmascript).
Did you mean to import useSettings?
All exports of the module are statically known (It doesn't have dynamic exports). So it's known statically that the requested export doesn't exist.

Import traces:
  Client Component Browser:
    ./components/settings/theme-applier.tsx [Client Component Browser]
    ./components/providers.tsx [Client Component Browser]
    ./components/providers.tsx [Server Component]
    ./app/layout.tsx [Server Component]

  Client Component SSR:
    ./components/settings/theme-applier.tsx [Client Component SSR]
    ./components/providers.tsx [Client Component SSR]
    ./components/providers.tsx [Server Component]
    ./app/layout.tsx [Server Component] @ http://localhost:3005/_next/static/chunks/node_modules_next_dist_b0a279d5._.js:1945
[  311621ms] [ERROR] ./components/settings/theme-applier.tsx:4:1
Export DEFAULTS doesn't exist in target module
  2 |
  3 | import { useEffect } from 'react'
> 4 | import { applyThemeToDOM, DEFAULTS } from '@/hooks/use-settings'
    | ^^^^^^^^^^^^^^^^^^^^^^^^^^^^^^^^^^^^^^^^^^^^^^^^^^^^^^^^^^^^^^^^
  5 | import type { AppSettings } from '@/hooks/use-settings'
  6 |
  7 | // Runs once on mount across the whole app to apply persisted theme before first render flash

The export DEFAULTS was not found in module [project]/hooks/use-settings.ts [app-client] (ecmascript).
Did you mean to import useSettings?
All exports of the module are statically known (It doesn't have dynamic exports). So it's known statically that the requested export doesn't exist.

Import traces:
  Client Component Browser:
    ./components/settings/theme-applier.tsx [Client Component Browser]
    ./components/providers.tsx [Client Component Browser]
    ./components/providers.tsx [Server Component]
    ./app/layout.tsx [Server Component]

  Client Component SSR:
    ./components/settings/theme-applier.tsx [Client Component SSR]
    ./components/providers.tsx [Client Component SSR]
    ./components/providers.tsx [Server Component]
    ./app/layout.tsx [Server Component] @ http://localhost:3005/_next/static/chunks/node_modules_next_dist_b0a279d5._.js:1945
[  311622ms] [ERROR] ./components/settings/theme-applier.tsx:4:1
Export DEFAULTS doesn't exist in target module
  2 |
  3 | import { useEffect } from 'react'
> 4 | import { applyThemeToDOM, DEFAULTS } from '@/hooks/use-settings'
    | ^^^^^^^^^^^^^^^^^^^^^^^^^^^^^^^^^^^^^^^^^^^^^^^^^^^^^^^^^^^^^^^^
  5 | import type { AppSettings } from '@/hooks/use-settings'
  6 |
  7 | // Runs once on mount across the whole app to apply persisted theme before first render flash

The export DEFAULTS was not found in module [project]/hooks/use-settings.ts [app-ssr] (ecmascript).
Did you mean to import useSettings?
All exports of the module are statically known (It doesn't have dynamic exports). So it's known statically that the requested export doesn't exist.

Import traces:
  Client Component Browser:
    ./components/settings/theme-applier.tsx [Client Component Browser]
    ./components/providers.tsx [Client Component Browser]
    ./components/providers.tsx [Server Component]
    ./app/layout.tsx [Server Component]

  Client Component SSR:
    ./components/settings/theme-applier.tsx [Client Component SSR]
    ./components/providers.tsx [Client Component SSR]
    ./components/providers.tsx [Server Component]
    ./app/layout.tsx [Server Component] @ http://localhost:3005/_next/static/chunks/node_modules_next_dist_b0a279d5._.js:1945
[  311682ms] [ERROR] ./components/settings/theme-applier.tsx:4:1
Export DEFAULTS doesn't exist in target module
  2 |
  3 | import { useEffect } from 'react'
> 4 | import { applyThemeToDOM, DEFAULTS } from '@/hooks/use-settings'
    | ^^^^^^^^^^^^^^^^^^^^^^^^^^^^^^^^^^^^^^^^^^^^^^^^^^^^^^^^^^^^^^^^
  5 | import type { AppSettings } from '@/hooks/use-settings'
  6 |
  7 | // Runs once on mount across the whole app to apply persisted theme before first render flash

The export DEFAULTS was not found in module [project]/hooks/use-settings.ts [app-client] (ecmascript).
Did you mean to import useSettings?
All exports of the module are statically known (It doesn't have dynamic exports). So it's known statically that the requested export doesn't exist.

Import traces:
  Client Component Browser:
    ./components/settings/theme-applier.tsx [Client Component Browser]
    ./components/providers.tsx [Client Component Browser]
    ./components/providers.tsx [Server Component]
    ./app/layout.tsx [Server Component]

  Client Component SSR:
    ./components/settings/theme-applier.tsx [Client Component SSR]
    ./components/providers.tsx [Client Component SSR]
    ./components/providers.tsx [Server Component]
    ./app/layout.tsx [Server Component] @ http://localhost:3005/_next/static/chunks/node_modules_next_dist_b0a279d5._.js:1945
[  311682ms] [ERROR] ./components/settings/theme-applier.tsx:4:1
Export DEFAULTS doesn't exist in target module
  2 |
  3 | import { useEffect } from 'react'
> 4 | import { applyThemeToDOM, DEFAULTS } from '@/hooks/use-settings'
    | ^^^^^^^^^^^^^^^^^^^^^^^^^^^^^^^^^^^^^^^^^^^^^^^^^^^^^^^^^^^^^^^^
  5 | import type { AppSettings } from '@/hooks/use-settings'
  6 |
  7 | // Runs once on mount across the whole app to apply persisted theme before first render flash

The export DEFAULTS was not found in module [project]/hooks/use-settings.ts [app-ssr] (ecmascript).
Did you mean to import useSettings?
All exports of the module are statically known (It doesn't have dynamic exports). So it's known statically that the requested export doesn't exist.

Import traces:
  Client Component Browser:
    ./components/settings/theme-applier.tsx [Client Component Browser]
    ./components/providers.tsx [Client Component Browser]
    ./components/providers.tsx [Server Component]
    ./app/layout.tsx [Server Component]

  Client Component SSR:
    ./components/settings/theme-applier.tsx [Client Component SSR]
    ./components/providers.tsx [Client Component SSR]
    ./components/providers.tsx [Server Component]
    ./app/layout.tsx [Server Component] @ http://localhost:3005/_next/static/chunks/node_modules_next_dist_b0a279d5._.js:1945
[  311745ms] [ERROR] ./components/settings/theme-applier.tsx:4:1
Export DEFAULTS doesn't exist in target module
  2 |
  3 | import { useEffect } from 'react'
> 4 | import { applyThemeToDOM, DEFAULTS } from '@/hooks/use-settings'
    | ^^^^^^^^^^^^^^^^^^^^^^^^^^^^^^^^^^^^^^^^^^^^^^^^^^^^^^^^^^^^^^^^
  5 | import type { AppSettings } from '@/hooks/use-settings'
  6 |
  7 | // Runs once on mount across the whole app to apply persisted theme before first render flash

The export DEFAULTS was not found in module [project]/hooks/use-settings.ts [app-client] (ecmascript).
Did you mean to import useSettings?
All exports of the module are statically known (It doesn't have dynamic exports). So it's known statically that the requested export doesn't exist.

Import traces:
  Client Component Browser:
    ./components/settings/theme-applier.tsx [Client Component Browser]
    ./components/providers.tsx [Client Component Browser]
    ./components/providers.tsx [Server Component]
    ./app/layout.tsx [Server Component]

  Client Component SSR:
    ./components/settings/theme-applier.tsx [Client Component SSR]
    ./components/providers.tsx [Client Component SSR]
    ./components/providers.tsx [Server Component]
    ./app/layout.tsx [Server Component] @ http://localhost:3005/_next/static/chunks/node_modules_next_dist_b0a279d5._.js:1945
[  311745ms] [ERROR] ./components/settings/theme-applier.tsx:4:1
Export DEFAULTS doesn't exist in target module
  2 |
  3 | import { useEffect } from 'react'
> 4 | import { applyThemeToDOM, DEFAULTS } from '@/hooks/use-settings'
    | ^^^^^^^^^^^^^^^^^^^^^^^^^^^^^^^^^^^^^^^^^^^^^^^^^^^^^^^^^^^^^^^^
  5 | import type { AppSettings } from '@/hooks/use-settings'
  6 |
  7 | // Runs once on mount across the whole app to apply persisted theme before first render flash

The export DEFAULTS was not found in module [project]/hooks/use-settings.ts [app-ssr] (ecmascript).
Did you mean to import useSettings?
All exports of the module are statically known (It doesn't have dynamic exports). So it's known statically that the requested export doesn't exist.

Import traces:
  Client Component Browser:
    ./components/settings/theme-applier.tsx [Client Component Browser]
    ./components/providers.tsx [Client Component Browser]
    ./components/providers.tsx [Server Component]
    ./app/layout.tsx [Server Component]

  Client Component SSR:
    ./components/settings/theme-applier.tsx [Client Component SSR]
    ./components/providers.tsx [Client Component SSR]
    ./components/providers.tsx [Server Component]
    ./app/layout.tsx [Server Component] @ http://localhost:3005/_next/static/chunks/node_modules_next_dist_b0a279d5._.js:1945
[  311807ms] [ERROR] ./components/settings/theme-applier.tsx:4:1
Export DEFAULTS doesn't exist in target module
  2 |
  3 | import { useEffect } from 'react'
> 4 | import { applyThemeToDOM, DEFAULTS } from '@/hooks/use-settings'
    | ^^^^^^^^^^^^^^^^^^^^^^^^^^^^^^^^^^^^^^^^^^^^^^^^^^^^^^^^^^^^^^^^
  5 | import type { AppSettings } from '@/hooks/use-settings'
  6 |
  7 | // Runs once on mount across the whole app to apply persisted theme before first render flash

The export DEFAULTS was not found in module [project]/hooks/use-settings.ts [app-client] (ecmascript).
Did you mean to import useSettings?
All exports of the module are statically known (It doesn't have dynamic exports). So it's known statically that the requested export doesn't exist.

Import traces:
  Client Component Browser:
    ./components/settings/theme-applier.tsx [Client Component Browser]
    ./components/providers.tsx [Client Component Browser]
    ./components/providers.tsx [Server Component]
    ./app/layout.tsx [Server Component]

  Client Component SSR:
    ./components/settings/theme-applier.tsx [Client Component SSR]
    ./components/providers.tsx [Client Component SSR]
    ./components/providers.tsx [Server Component]
    ./app/layout.tsx [Server Component] @ http://localhost:3005/_next/static/chunks/node_modules_next_dist_b0a279d5._.js:1945
[  311807ms] [ERROR] ./components/settings/theme-applier.tsx:4:1
Export DEFAULTS doesn't exist in target module
  2 |
  3 | import { useEffect } from 'react'
> 4 | import { applyThemeToDOM, DEFAULTS } from '@/hooks/use-settings'
    | ^^^^^^^^^^^^^^^^^^^^^^^^^^^^^^^^^^^^^^^^^^^^^^^^^^^^^^^^^^^^^^^^
  5 | import type { AppSettings } from '@/hooks/use-settings'
  6 |
  7 | // Runs once on mount across the whole app to apply persisted theme before first render flash

The export DEFAULTS was not found in module [project]/hooks/use-settings.ts [app-ssr] (ecmascript).
Did you mean to import useSettings?
All exports of the module are statically known (It doesn't have dynamic exports). So it's known statically that the requested export doesn't exist.

Import traces:
  Client Component Browser:
    ./components/settings/theme-applier.tsx [Client Component Browser]
    ./components/providers.tsx [Client Component Browser]
    ./components/providers.tsx [Server Component]
    ./app/layout.tsx [Server Component]

  Client Component SSR:
    ./components/settings/theme-applier.tsx [Client Component SSR]
    ./components/providers.tsx [Client Component SSR]
    ./components/providers.tsx [Server Component]
    ./app/layout.tsx [Server Component] @ http://localhost:3005/_next/static/chunks/node_modules_next_dist_b0a279d5._.js:1945
[  311869ms] [ERROR] ./components/settings/theme-applier.tsx:4:1
Export DEFAULTS doesn't exist in target module
  2 |
  3 | import { useEffect } from 'react'
> 4 | import { applyThemeToDOM, DEFAULTS } from '@/hooks/use-settings'
    | ^^^^^^^^^^^^^^^^^^^^^^^^^^^^^^^^^^^^^^^^^^^^^^^^^^^^^^^^^^^^^^^^
  5 | import type { AppSettings } from '@/hooks/use-settings'
  6 |
  7 | // Runs once on mount across the whole app to apply persisted theme before first render flash

The export DEFAULTS was not found in module [project]/hooks/use-settings.ts [app-client] (ecmascript).
Did you mean to import useSettings?
All exports of the module are statically known (It doesn't have dynamic exports). So it's known statically that the requested export doesn't exist.

Import traces:
  Client Component Browser:
    ./components/settings/theme-applier.tsx [Client Component Browser]
    ./components/providers.tsx [Client Component Browser]
    ./components/providers.tsx [Server Component]
    ./app/layout.tsx [Server Component]

  Client Component SSR:
    ./components/settings/theme-applier.tsx [Client Component SSR]
    ./components/providers.tsx [Client Component SSR]
    ./components/providers.tsx [Server Component]
    ./app/layout.tsx [Server Component] @ http://localhost:3005/_next/static/chunks/node_modules_next_dist_b0a279d5._.js:1945
[  311869ms] [ERROR] ./components/settings/theme-applier.tsx:4:1
Export DEFAULTS doesn't exist in target module
  2 |
  3 | import { useEffect } from 'react'
> 4 | import { applyThemeToDOM, DEFAULTS } from '@/hooks/use-settings'
    | ^^^^^^^^^^^^^^^^^^^^^^^^^^^^^^^^^^^^^^^^^^^^^^^^^^^^^^^^^^^^^^^^
  5 | import type { AppSettings } from '@/hooks/use-settings'
  6 |
  7 | // Runs once on mount across the whole app to apply persisted theme before first render flash

The export DEFAULTS was not found in module [project]/hooks/use-settings.ts [app-ssr] (ecmascript).
Did you mean to import useSettings?
All exports of the module are statically known (It doesn't have dynamic exports). So it's known statically that the requested export doesn't exist.

Import traces:
  Client Component Browser:
    ./components/settings/theme-applier.tsx [Client Component Browser]
    ./components/providers.tsx [Client Component Browser]
    ./components/providers.tsx [Server Component]
    ./app/layout.tsx [Server Component]

  Client Component SSR:
    ./components/settings/theme-applier.tsx [Client Component SSR]
    ./components/providers.tsx [Client Component SSR]
    ./components/providers.tsx [Server Component]
    ./app/layout.tsx [Server Component] @ http://localhost:3005/_next/static/chunks/node_modules_next_dist_b0a279d5._.js:1945
[  311936ms] [ERROR] ./components/settings/theme-applier.tsx:4:1
Export DEFAULTS doesn't exist in target module
  2 |
  3 | import { useEffect } from 'react'
> 4 | import { applyThemeToDOM, DEFAULTS } from '@/hooks/use-settings'
    | ^^^^^^^^^^^^^^^^^^^^^^^^^^^^^^^^^^^^^^^^^^^^^^^^^^^^^^^^^^^^^^^^
  5 | import type { AppSettings } from '@/hooks/use-settings'
  6 |
  7 | // Runs once on mount across the whole app to apply persisted theme before first render flash

The export DEFAULTS was not found in module [project]/hooks/use-settings.ts [app-client] (ecmascript).
Did you mean to import useSettings?
All exports of the module are statically known (It doesn't have dynamic exports). So it's known statically that the requested export doesn't exist.

Import traces:
  Client Component Browser:
    ./components/settings/theme-applier.tsx [Client Component Browser]
    ./components/providers.tsx [Client Component Browser]
    ./components/providers.tsx [Server Component]
    ./app/layout.tsx [Server Component]

  Client Component SSR:
    ./components/settings/theme-applier.tsx [Client Component SSR]
    ./components/providers.tsx [Client Component SSR]
    ./components/providers.tsx [Server Component]
    ./app/layout.tsx [Server Component] @ http://localhost:3005/_next/static/chunks/node_modules_next_dist_b0a279d5._.js:1945
[  311936ms] [ERROR] ./components/settings/theme-applier.tsx:4:1
Export DEFAULTS doesn't exist in target module
  2 |
  3 | import { useEffect } from 'react'
> 4 | import { applyThemeToDOM, DEFAULTS } from '@/hooks/use-settings'
    | ^^^^^^^^^^^^^^^^^^^^^^^^^^^^^^^^^^^^^^^^^^^^^^^^^^^^^^^^^^^^^^^^
  5 | import type { AppSettings } from '@/hooks/use-settings'
  6 |
  7 | // Runs once on mount across the whole app to apply persisted theme before first render flash

The export DEFAULTS was not found in module [project]/hooks/use-settings.ts [app-ssr] (ecmascript).
Did you mean to import useSettings?
All exports of the module are statically known (It doesn't have dynamic exports). So it's known statically that the requested export doesn't exist.

Import traces:
  Client Component Browser:
    ./components/settings/theme-applier.tsx [Client Component Browser]
    ./components/providers.tsx [Client Component Browser]
    ./components/providers.tsx [Server Component]
    ./app/layout.tsx [Server Component]

  Client Component SSR:
    ./components/settings/theme-applier.tsx [Client Component SSR]
    ./components/providers.tsx [Client Component SSR]
    ./components/providers.tsx [Server Component]
    ./app/layout.tsx [Server Component] @ http://localhost:3005/_next/static/chunks/node_modules_next_dist_b0a279d5._.js:1945
[  312103ms] [ERROR] ./components/settings/theme-applier.tsx:4:1
Export DEFAULTS doesn't exist in target module
  2 |
  3 | import { useEffect } from 'react'
> 4 | import { applyThemeToDOM, DEFAULTS } from '@/hooks/use-settings'
    | ^^^^^^^^^^^^^^^^^^^^^^^^^^^^^^^^^^^^^^^^^^^^^^^^^^^^^^^^^^^^^^^^
  5 | import type { AppSettings } from '@/hooks/use-settings'
  6 |
  7 | // Runs once on mount across the whole app to apply persisted theme before first render flash

The export DEFAULTS was not found in module [project]/hooks/use-settings.ts [app-client] (ecmascript).
Did you mean to import useSettings?
All exports of the module are statically known (It doesn't have dynamic exports). So it's known statically that the requested export doesn't exist.

Import traces:
  Client Component Browser:
    ./components/settings/theme-applier.tsx [Client Component Browser]
    ./components/providers.tsx [Client Component Browser]
    ./components/providers.tsx [Server Component]
    ./app/layout.tsx [Server Component]

  Client Component SSR:
    ./components/settings/theme-applier.tsx [Client Component SSR]
    ./components/providers.tsx [Client Component SSR]
    ./components/providers.tsx [Server Component]
    ./app/layout.tsx [Server Component] @ http://localhost:3005/_next/static/chunks/node_modules_next_dist_b0a279d5._.js:1945
[  312103ms] [ERROR] ./components/settings/theme-applier.tsx:4:1
Export DEFAULTS doesn't exist in target module
  2 |
  3 | import { useEffect } from 'react'
> 4 | import { applyThemeToDOM, DEFAULTS } from '@/hooks/use-settings'
    | ^^^^^^^^^^^^^^^^^^^^^^^^^^^^^^^^^^^^^^^^^^^^^^^^^^^^^^^^^^^^^^^^
  5 | import type { AppSettings } from '@/hooks/use-settings'
  6 |
  7 | // Runs once on mount across the whole app to apply persisted theme before first render flash

The export DEFAULTS was not found in module [project]/hooks/use-settings.ts [app-ssr] (ecmascript).
Did you mean to import useSettings?
All exports of the module are statically known (It doesn't have dynamic exports). So it's known statically that the requested export doesn't exist.

Import traces:
  Client Component Browser:
    ./components/settings/theme-applier.tsx [Client Component Browser]
    ./components/providers.tsx [Client Component Browser]
    ./components/providers.tsx [Server Component]
    ./app/layout.tsx [Server Component]

  Client Component SSR:
    ./components/settings/theme-applier.tsx [Client Component SSR]
    ./components/providers.tsx [Client Component SSR]
    ./components/providers.tsx [Server Component]
    ./app/layout.tsx [Server Component] @ http://localhost:3005/_next/static/chunks/node_modules_next_dist_b0a279d5._.js:1945
[  312166ms] [ERROR] ./components/settings/theme-applier.tsx:4:1
Export DEFAULTS doesn't exist in target module
  2 |
  3 | import { useEffect } from 'react'
> 4 | import { applyThemeToDOM, DEFAULTS } from '@/hooks/use-settings'
    | ^^^^^^^^^^^^^^^^^^^^^^^^^^^^^^^^^^^^^^^^^^^^^^^^^^^^^^^^^^^^^^^^
  5 | import type { AppSettings } from '@/hooks/use-settings'
  6 |
  7 | // Runs once on mount across the whole app to apply persisted theme before first render flash

The export DEFAULTS was not found in module [project]/hooks/use-settings.ts [app-client] (ecmascript).
Did you mean to import useSettings?
All exports of the module are statically known (It doesn't have dynamic exports). So it's known statically that the requested export doesn't exist.

Import traces:
  Client Component Browser:
    ./components/settings/theme-applier.tsx [Client Component Browser]
    ./components/providers.tsx [Client Component Browser]
    ./components/providers.tsx [Server Component]
    ./app/layout.tsx [Server Component]

  Client Component SSR:
    ./components/settings/theme-applier.tsx [Client Component SSR]
    ./components/providers.tsx [Client Component SSR]
    ./components/providers.tsx [Server Component]
    ./app/layout.tsx [Server Component] @ http://localhost:3005/_next/static/chunks/node_modules_next_dist_b0a279d5._.js:1945
[  312166ms] [ERROR] ./components/settings/theme-applier.tsx:4:1
Export DEFAULTS doesn't exist in target module
  2 |
  3 | import { useEffect } from 'react'
> 4 | import { applyThemeToDOM, DEFAULTS } from '@/hooks/use-settings'
    | ^^^^^^^^^^^^^^^^^^^^^^^^^^^^^^^^^^^^^^^^^^^^^^^^^^^^^^^^^^^^^^^^
  5 | import type { AppSettings } from '@/hooks/use-settings'
  6 |
  7 | // Runs once on mount across the whole app to apply persisted theme before first render flash

The export DEFAULTS was not found in module [project]/hooks/use-settings.ts [app-ssr] (ecmascript).
Did you mean to import useSettings?
All exports of the module are statically known (It doesn't have dynamic exports). So it's known statically that the requested export doesn't exist.

Import traces:
  Client Component Browser:
    ./components/settings/theme-applier.tsx [Client Component Browser]
    ./components/providers.tsx [Client Component Browser]
    ./components/providers.tsx [Server Component]
    ./app/layout.tsx [Server Component]

  Client Component SSR:
    ./components/settings/theme-applier.tsx [Client Component SSR]
    ./components/providers.tsx [Client Component SSR]
    ./components/providers.tsx [Server Component]
    ./app/layout.tsx [Server Component] @ http://localhost:3005/_next/static/chunks/node_modules_next_dist_b0a279d5._.js:1945
[  312231ms] [ERROR] ./components/settings/theme-applier.tsx:4:1
Export DEFAULTS doesn't exist in target module
  2 |
  3 | import { useEffect } from 'react'
> 4 | import { applyThemeToDOM, DEFAULTS } from '@/hooks/use-settings'
    | ^^^^^^^^^^^^^^^^^^^^^^^^^^^^^^^^^^^^^^^^^^^^^^^^^^^^^^^^^^^^^^^^
  5 | import type { AppSettings } from '@/hooks/use-settings'
  6 |
  7 | // Runs once on mount across the whole app to apply persisted theme before first render flash

The export DEFAULTS was not found in module [project]/hooks/use-settings.ts [app-client] (ecmascript).
Did you mean to import useSettings?
All exports of the module are statically known (It doesn't have dynamic exports). So it's known statically that the requested export doesn't exist.

Import traces:
  Client Component Browser:
    ./components/settings/theme-applier.tsx [Client Component Browser]
    ./components/providers.tsx [Client Component Browser]
    ./components/providers.tsx [Server Component]
    ./app/layout.tsx [Server Component]

  Client Component SSR:
    ./components/settings/theme-applier.tsx [Client Component SSR]
    ./components/providers.tsx [Client Component SSR]
    ./components/providers.tsx [Server Component]
    ./app/layout.tsx [Server Component] @ http://localhost:3005/_next/static/chunks/node_modules_next_dist_b0a279d5._.js:1945
[  312231ms] [ERROR] ./components/settings/theme-applier.tsx:4:1
Export DEFAULTS doesn't exist in target module
  2 |
  3 | import { useEffect } from 'react'
> 4 | import { applyThemeToDOM, DEFAULTS } from '@/hooks/use-settings'
    | ^^^^^^^^^^^^^^^^^^^^^^^^^^^^^^^^^^^^^^^^^^^^^^^^^^^^^^^^^^^^^^^^
  5 | import type { AppSettings } from '@/hooks/use-settings'
  6 |
  7 | // Runs once on mount across the whole app to apply persisted theme before first render flash

The export DEFAULTS was not found in module [project]/hooks/use-settings.ts [app-ssr] (ecmascript).
Did you mean to import useSettings?
All exports of the module are statically known (It doesn't have dynamic exports). So it's known statically that the requested export doesn't exist.

Import traces:
  Client Component Browser:
    ./components/settings/theme-applier.tsx [Client Component Browser]
    ./components/providers.tsx [Client Component Browser]
    ./components/providers.tsx [Server Component]
    ./app/layout.tsx [Server Component]

  Client Component SSR:
    ./components/settings/theme-applier.tsx [Client Component SSR]
    ./components/providers.tsx [Client Component SSR]
    ./components/providers.tsx [Server Component]
    ./app/layout.tsx [Server Component] @ http://localhost:3005/_next/static/chunks/node_modules_next_dist_b0a279d5._.js:1945
[  312306ms] [ERROR] ./components/settings/theme-applier.tsx:4:1
Export DEFAULTS doesn't exist in target module
  2 |
  3 | import { useEffect } from 'react'
> 4 | import { applyThemeToDOM, DEFAULTS } from '@/hooks/use-settings'
    | ^^^^^^^^^^^^^^^^^^^^^^^^^^^^^^^^^^^^^^^^^^^^^^^^^^^^^^^^^^^^^^^^
  5 | import type { AppSettings } from '@/hooks/use-settings'
  6 |
  7 | // Runs once on mount across the whole app to apply persisted theme before first render flash

The export DEFAULTS was not found in module [project]/hooks/use-settings.ts [app-client] (ecmascript).
Did you mean to import useSettings?
All exports of the module are statically known (It doesn't have dynamic exports). So it's known statically that the requested export doesn't exist.

Import traces:
  Client Component Browser:
    ./components/settings/theme-applier.tsx [Client Component Browser]
    ./components/providers.tsx [Client Component Browser]
    ./components/providers.tsx [Server Component]
    ./app/layout.tsx [Server Component]

  Client Component SSR:
    ./components/settings/theme-applier.tsx [Client Component SSR]
    ./components/providers.tsx [Client Component SSR]
    ./components/providers.tsx [Server Component]
    ./app/layout.tsx [Server Component] @ http://localhost:3005/_next/static/chunks/node_modules_next_dist_b0a279d5._.js:1945
[  312307ms] [ERROR] ./components/settings/theme-applier.tsx:4:1
Export DEFAULTS doesn't exist in target module
  2 |
  3 | import { useEffect } from 'react'
> 4 | import { applyThemeToDOM, DEFAULTS } from '@/hooks/use-settings'
    | ^^^^^^^^^^^^^^^^^^^^^^^^^^^^^^^^^^^^^^^^^^^^^^^^^^^^^^^^^^^^^^^^
  5 | import type { AppSettings } from '@/hooks/use-settings'
  6 |
  7 | // Runs once on mount across the whole app to apply persisted theme before first render flash

The export DEFAULTS was not found in module [project]/hooks/use-settings.ts [app-ssr] (ecmascript).
Did you mean to import useSettings?
All exports of the module are statically known (It doesn't have dynamic exports). So it's known statically that the requested export doesn't exist.

Import traces:
  Client Component Browser:
    ./components/settings/theme-applier.tsx [Client Component Browser]
    ./components/providers.tsx [Client Component Browser]
    ./components/providers.tsx [Server Component]
    ./app/layout.tsx [Server Component]

  Client Component SSR:
    ./components/settings/theme-applier.tsx [Client Component SSR]
    ./components/providers.tsx [Client Component SSR]
    ./components/providers.tsx [Server Component]
    ./app/layout.tsx [Server Component] @ http://localhost:3005/_next/static/chunks/node_modules_next_dist_b0a279d5._.js:1945
[  312368ms] [ERROR] ./components/settings/theme-applier.tsx:4:1
Export DEFAULTS doesn't exist in target module
  2 |
  3 | import { useEffect } from 'react'
> 4 | import { applyThemeToDOM, DEFAULTS } from '@/hooks/use-settings'
    | ^^^^^^^^^^^^^^^^^^^^^^^^^^^^^^^^^^^^^^^^^^^^^^^^^^^^^^^^^^^^^^^^
  5 | import type { AppSettings } from '@/hooks/use-settings'
  6 |
  7 | // Runs once on mount across the whole app to apply persisted theme before first render flash

The export DEFAULTS was not found in module [project]/hooks/use-settings.ts [app-client] (ecmascript).
Did you mean to import useSettings?
All exports of the module are statically known (It doesn't have dynamic exports). So it's known statically that the requested export doesn't exist.

Import traces:
  Client Component Browser:
    ./components/settings/theme-applier.tsx [Client Component Browser]
    ./components/providers.tsx [Client Component Browser]
    ./components/providers.tsx [Server Component]
    ./app/layout.tsx [Server Component]

  Client Component SSR:
    ./components/settings/theme-applier.tsx [Client Component SSR]
    ./components/providers.tsx [Client Component SSR]
    ./components/providers.tsx [Server Component]
    ./app/layout.tsx [Server Component] @ http://localhost:3005/_next/static/chunks/node_modules_next_dist_b0a279d5._.js:1945
[  312368ms] [ERROR] ./components/settings/theme-applier.tsx:4:1
Export DEFAULTS doesn't exist in target module
  2 |
  3 | import { useEffect } from 'react'
> 4 | import { applyThemeToDOM, DEFAULTS } from '@/hooks/use-settings'
    | ^^^^^^^^^^^^^^^^^^^^^^^^^^^^^^^^^^^^^^^^^^^^^^^^^^^^^^^^^^^^^^^^
  5 | import type { AppSettings } from '@/hooks/use-settings'
  6 |
  7 | // Runs once on mount across the whole app to apply persisted theme before first render flash

The export DEFAULTS was not found in module [project]/hooks/use-settings.ts [app-ssr] (ecmascript).
Did you mean to import useSettings?
All exports of the module are statically known (It doesn't have dynamic exports). So it's known statically that the requested export doesn't exist.

Import traces:
  Client Component Browser:
    ./components/settings/theme-applier.tsx [Client Component Browser]
    ./components/providers.tsx [Client Component Browser]
    ./components/providers.tsx [Server Component]
    ./app/layout.tsx [Server Component]

  Client Component SSR:
    ./components/settings/theme-applier.tsx [Client Component SSR]
    ./components/providers.tsx [Client Component SSR]
    ./components/providers.tsx [Server Component]
    ./app/layout.tsx [Server Component] @ http://localhost:3005/_next/static/chunks/node_modules_next_dist_b0a279d5._.js:1945
[  312430ms] [ERROR] ./components/settings/theme-applier.tsx:4:1
Export DEFAULTS doesn't exist in target module
  2 |
  3 | import { useEffect } from 'react'
> 4 | import { applyThemeToDOM, DEFAULTS } from '@/hooks/use-settings'
    | ^^^^^^^^^^^^^^^^^^^^^^^^^^^^^^^^^^^^^^^^^^^^^^^^^^^^^^^^^^^^^^^^
  5 | import type { AppSettings } from '@/hooks/use-settings'
  6 |
  7 | // Runs once on mount across the whole app to apply persisted theme before first render flash

The export DEFAULTS was not found in module [project]/hooks/use-settings.ts [app-client] (ecmascript).
Did you mean to import useSettings?
All exports of the module are statically known (It doesn't have dynamic exports). So it's known statically that the requested export doesn't exist.

Import traces:
  Client Component Browser:
    ./components/settings/theme-applier.tsx [Client Component Browser]
    ./components/providers.tsx [Client Component Browser]
    ./components/providers.tsx [Server Component]
    ./app/layout.tsx [Server Component]

  Client Component SSR:
    ./components/settings/theme-applier.tsx [Client Component SSR]
    ./components/providers.tsx [Client Component SSR]
    ./components/providers.tsx [Server Component]
    ./app/layout.tsx [Server Component] @ http://localhost:3005/_next/static/chunks/node_modules_next_dist_b0a279d5._.js:1945
[  312430ms] [ERROR] ./components/settings/theme-applier.tsx:4:1
Export DEFAULTS doesn't exist in target module
  2 |
  3 | import { useEffect } from 'react'
> 4 | import { applyThemeToDOM, DEFAULTS } from '@/hooks/use-settings'
    | ^^^^^^^^^^^^^^^^^^^^^^^^^^^^^^^^^^^^^^^^^^^^^^^^^^^^^^^^^^^^^^^^
  5 | import type { AppSettings } from '@/hooks/use-settings'
  6 |
  7 | // Runs once on mount across the whole app to apply persisted theme before first render flash

The export DEFAULTS was not found in module [project]/hooks/use-settings.ts [app-ssr] (ecmascript).
Did you mean to import useSettings?
All exports of the module are statically known (It doesn't have dynamic exports). So it's known statically that the requested export doesn't exist.

Import traces:
  Client Component Browser:
    ./components/settings/theme-applier.tsx [Client Component Browser]
    ./components/providers.tsx [Client Component Browser]
    ./components/providers.tsx [Server Component]
    ./app/layout.tsx [Server Component]

  Client Component SSR:
    ./components/settings/theme-applier.tsx [Client Component SSR]
    ./components/providers.tsx [Client Component SSR]
    ./components/providers.tsx [Server Component]
    ./app/layout.tsx [Server Component] @ http://localhost:3005/_next/static/chunks/node_modules_next_dist_b0a279d5._.js:1945
[  312494ms] [ERROR] ./components/settings/theme-applier.tsx:4:1
Export DEFAULTS doesn't exist in target module
  2 |
  3 | import { useEffect } from 'react'
> 4 | import { applyThemeToDOM, DEFAULTS } from '@/hooks/use-settings'
    | ^^^^^^^^^^^^^^^^^^^^^^^^^^^^^^^^^^^^^^^^^^^^^^^^^^^^^^^^^^^^^^^^
  5 | import type { AppSettings } from '@/hooks/use-settings'
  6 |
  7 | // Runs once on mount across the whole app to apply persisted theme before first render flash

The export DEFAULTS was not found in module [project]/hooks/use-settings.ts [app-client] (ecmascript).
Did you mean to import useSettings?
All exports of the module are statically known (It doesn't have dynamic exports). So it's known statically that the requested export doesn't exist.

Import traces:
  Client Component Browser:
    ./components/settings/theme-applier.tsx [Client Component Browser]
    ./components/providers.tsx [Client Component Browser]
    ./components/providers.tsx [Server Component]
    ./app/layout.tsx [Server Component]

  Client Component SSR:
    ./components/settings/theme-applier.tsx [Client Component SSR]
    ./components/providers.tsx [Client Component SSR]
    ./components/providers.tsx [Server Component]
    ./app/layout.tsx [Server Component] @ http://localhost:3005/_next/static/chunks/node_modules_next_dist_b0a279d5._.js:1945
[  312495ms] [ERROR] ./components/settings/theme-applier.tsx:4:1
Export DEFAULTS doesn't exist in target module
  2 |
  3 | import { useEffect } from 'react'
> 4 | import { applyThemeToDOM, DEFAULTS } from '@/hooks/use-settings'
    | ^^^^^^^^^^^^^^^^^^^^^^^^^^^^^^^^^^^^^^^^^^^^^^^^^^^^^^^^^^^^^^^^
  5 | import type { AppSettings } from '@/hooks/use-settings'
  6 |
  7 | // Runs once on mount across the whole app to apply persisted theme before first render flash

The export DEFAULTS was not found in module [project]/hooks/use-settings.ts [app-ssr] (ecmascript).
Did you mean to import useSettings?
All exports of the module are statically known (It doesn't have dynamic exports). So it's known statically that the requested export doesn't exist.

Import traces:
  Client Component Browser:
    ./components/settings/theme-applier.tsx [Client Component Browser]
    ./components/providers.tsx [Client Component Browser]
    ./components/providers.tsx [Server Component]
    ./app/layout.tsx [Server Component]

  Client Component SSR:
    ./components/settings/theme-applier.tsx [Client Component SSR]
    ./components/providers.tsx [Client Component SSR]
    ./components/providers.tsx [Server Component]
    ./app/layout.tsx [Server Component] @ http://localhost:3005/_next/static/chunks/node_modules_next_dist_b0a279d5._.js:1945
[  312554ms] [ERROR] ./components/settings/theme-applier.tsx:4:1
Export DEFAULTS doesn't exist in target module
  2 |
  3 | import { useEffect } from 'react'
> 4 | import { applyThemeToDOM, DEFAULTS } from '@/hooks/use-settings'
    | ^^^^^^^^^^^^^^^^^^^^^^^^^^^^^^^^^^^^^^^^^^^^^^^^^^^^^^^^^^^^^^^^
  5 | import type { AppSettings } from '@/hooks/use-settings'
  6 |
  7 | // Runs once on mount across the whole app to apply persisted theme before first render flash

The export DEFAULTS was not found in module [project]/hooks/use-settings.ts [app-client] (ecmascript).
Did you mean to import useSettings?
All exports of the module are statically known (It doesn't have dynamic exports). So it's known statically that the requested export doesn't exist.

Import traces:
  Client Component Browser:
    ./components/settings/theme-applier.tsx [Client Component Browser]
    ./components/providers.tsx [Client Component Browser]
    ./components/providers.tsx [Server Component]
    ./app/layout.tsx [Server Component]

  Client Component SSR:
    ./components/settings/theme-applier.tsx [Client Component SSR]
    ./components/providers.tsx [Client Component SSR]
    ./components/providers.tsx [Server Component]
    ./app/layout.tsx [Server Component] @ http://localhost:3005/_next/static/chunks/node_modules_next_dist_b0a279d5._.js:1945
[  312554ms] [ERROR] ./components/settings/theme-applier.tsx:4:1
Export DEFAULTS doesn't exist in target module
  2 |
  3 | import { useEffect } from 'react'
> 4 | import { applyThemeToDOM, DEFAULTS } from '@/hooks/use-settings'
    | ^^^^^^^^^^^^^^^^^^^^^^^^^^^^^^^^^^^^^^^^^^^^^^^^^^^^^^^^^^^^^^^^
  5 | import type { AppSettings } from '@/hooks/use-settings'
  6 |
  7 | // Runs once on mount across the whole app to apply persisted theme before first render flash

The export DEFAULTS was not found in module [project]/hooks/use-settings.ts [app-ssr] (ecmascript).
Did you mean to import useSettings?
All exports of the module are statically known (It doesn't have dynamic exports). So it's known statically that the requested export doesn't exist.

Import traces:
  Client Component Browser:
    ./components/settings/theme-applier.tsx [Client Component Browser]
    ./components/providers.tsx [Client Component Browser]
    ./components/providers.tsx [Server Component]
    ./app/layout.tsx [Server Component]

  Client Component SSR:
    ./components/settings/theme-applier.tsx [Client Component SSR]
    ./components/providers.tsx [Client Component SSR]
    ./components/providers.tsx [Server Component]
    ./app/layout.tsx [Server Component] @ http://localhost:3005/_next/static/chunks/node_modules_next_dist_b0a279d5._.js:1945
[  312637ms] [ERROR] ./components/settings/theme-applier.tsx:4:1
Export DEFAULTS doesn't exist in target module
  2 |
  3 | import { useEffect } from 'react'
> 4 | import { applyThemeToDOM, DEFAULTS } from '@/hooks/use-settings'
    | ^^^^^^^^^^^^^^^^^^^^^^^^^^^^^^^^^^^^^^^^^^^^^^^^^^^^^^^^^^^^^^^^
  5 | import type { AppSettings } from '@/hooks/use-settings'
  6 |
  7 | // Runs once on mount across the whole app to apply persisted theme before first render flash

The export DEFAULTS was not found in module [project]/hooks/use-settings.ts [app-client] (ecmascript).
Did you mean to import useSettings?
All exports of the module are statically known (It doesn't have dynamic exports). So it's known statically that the requested export doesn't exist.

Import traces:
  Client Component Browser:
    ./components/settings/theme-applier.tsx [Client Component Browser]
    ./components/providers.tsx [Client Component Browser]
    ./components/providers.tsx [Server Component]
    ./app/layout.tsx [Server Component]

  Client Component SSR:
    ./components/settings/theme-applier.tsx [Client Component SSR]
    ./components/providers.tsx [Client Component SSR]
    ./components/providers.tsx [Server Component]
    ./app/layout.tsx [Server Component] @ http://localhost:3005/_next/static/chunks/node_modules_next_dist_b0a279d5._.js:1945
[  312637ms] [ERROR] ./components/settings/theme-applier.tsx:4:1
Export DEFAULTS doesn't exist in target module
  2 |
  3 | import { useEffect } from 'react'
> 4 | import { applyThemeToDOM, DEFAULTS } from '@/hooks/use-settings'
    | ^^^^^^^^^^^^^^^^^^^^^^^^^^^^^^^^^^^^^^^^^^^^^^^^^^^^^^^^^^^^^^^^
  5 | import type { AppSettings } from '@/hooks/use-settings'
  6 |
  7 | // Runs once on mount across the whole app to apply persisted theme before first render flash

The export DEFAULTS was not found in module [project]/hooks/use-settings.ts [app-ssr] (ecmascript).
Did you mean to import useSettings?
All exports of the module are statically known (It doesn't have dynamic exports). So it's known statically that the requested export doesn't exist.

Import traces:
  Client Component Browser:
    ./components/settings/theme-applier.tsx [Client Component Browser]
    ./components/providers.tsx [Client Component Browser]
    ./components/providers.tsx [Server Component]
    ./app/layout.tsx [Server Component]

  Client Component SSR:
    ./components/settings/theme-applier.tsx [Client Component SSR]
    ./components/providers.tsx [Client Component SSR]
    ./components/providers.tsx [Server Component]
    ./app/layout.tsx [Server Component] @ http://localhost:3005/_next/static/chunks/node_modules_next_dist_b0a279d5._.js:1945
[  312710ms] [ERROR] ./components/settings/theme-applier.tsx:4:1
Export DEFAULTS doesn't exist in target module
  2 |
  3 | import { useEffect } from 'react'
> 4 | import { applyThemeToDOM, DEFAULTS } from '@/hooks/use-settings'
    | ^^^^^^^^^^^^^^^^^^^^^^^^^^^^^^^^^^^^^^^^^^^^^^^^^^^^^^^^^^^^^^^^
  5 | import type { AppSettings } from '@/hooks/use-settings'
  6 |
  7 | // Runs once on mount across the whole app to apply persisted theme before first render flash

The export DEFAULTS was not found in module [project]/hooks/use-settings.ts [app-client] (ecmascript).
Did you mean to import useSettings?
All exports of the module are statically known (It doesn't have dynamic exports). So it's known statically that the requested export doesn't exist.

Import traces:
  Client Component Browser:
    ./components/settings/theme-applier.tsx [Client Component Browser]
    ./components/providers.tsx [Client Component Browser]
    ./components/providers.tsx [Server Component]
    ./app/layout.tsx [Server Component]

  Client Component SSR:
    ./components/settings/theme-applier.tsx [Client Component SSR]
    ./components/providers.tsx [Client Component SSR]
    ./components/providers.tsx [Server Component]
    ./app/layout.tsx [Server Component] @ http://localhost:3005/_next/static/chunks/node_modules_next_dist_b0a279d5._.js:1945
[  312711ms] [ERROR] ./components/settings/theme-applier.tsx:4:1
Export DEFAULTS doesn't exist in target module
  2 |
  3 | import { useEffect } from 'react'
> 4 | import { applyThemeToDOM, DEFAULTS } from '@/hooks/use-settings'
    | ^^^^^^^^^^^^^^^^^^^^^^^^^^^^^^^^^^^^^^^^^^^^^^^^^^^^^^^^^^^^^^^^
  5 | import type { AppSettings } from '@/hooks/use-settings'
  6 |
  7 | // Runs once on mount across the whole app to apply persisted theme before first render flash

The export DEFAULTS was not found in module [project]/hooks/use-settings.ts [app-ssr] (ecmascript).
Did you mean to import useSettings?
All exports of the module are statically known (It doesn't have dynamic exports). So it's known statically that the requested export doesn't exist.

Import traces:
  Client Component Browser:
    ./components/settings/theme-applier.tsx [Client Component Browser]
    ./components/providers.tsx [Client Component Browser]
    ./components/providers.tsx [Server Component]
    ./app/layout.tsx [Server Component]

  Client Component SSR:
    ./components/settings/theme-applier.tsx [Client Component SSR]
    ./components/providers.tsx [Client Component SSR]
    ./components/providers.tsx [Server Component]
    ./app/layout.tsx [Server Component] @ http://localhost:3005/_next/static/chunks/node_modules_next_dist_b0a279d5._.js:1945
[  312772ms] [ERROR] ./components/settings/theme-applier.tsx:4:1
Export DEFAULTS doesn't exist in target module
  2 |
  3 | import { useEffect } from 'react'
> 4 | import { applyThemeToDOM, DEFAULTS } from '@/hooks/use-settings'
    | ^^^^^^^^^^^^^^^^^^^^^^^^^^^^^^^^^^^^^^^^^^^^^^^^^^^^^^^^^^^^^^^^
  5 | import type { AppSettings } from '@/hooks/use-settings'
  6 |
  7 | // Runs once on mount across the whole app to apply persisted theme before first render flash

The export DEFAULTS was not found in module [project]/hooks/use-settings.ts [app-client] (ecmascript).
Did you mean to import useSettings?
All exports of the module are statically known (It doesn't have dynamic exports). So it's known statically that the requested export doesn't exist.

Import traces:
  Client Component Browser:
    ./components/settings/theme-applier.tsx [Client Component Browser]
    ./components/providers.tsx [Client Component Browser]
    ./components/providers.tsx [Server Component]
    ./app/layout.tsx [Server Component]

  Client Component SSR:
    ./components/settings/theme-applier.tsx [Client Component SSR]
    ./components/providers.tsx [Client Component SSR]
    ./components/providers.tsx [Server Component]
    ./app/layout.tsx [Server Component] @ http://localhost:3005/_next/static/chunks/node_modules_next_dist_b0a279d5._.js:1945
[  312773ms] [ERROR] ./components/settings/theme-applier.tsx:4:1
Export DEFAULTS doesn't exist in target module
  2 |
  3 | import { useEffect } from 'react'
> 4 | import { applyThemeToDOM, DEFAULTS } from '@/hooks/use-settings'
    | ^^^^^^^^^^^^^^^^^^^^^^^^^^^^^^^^^^^^^^^^^^^^^^^^^^^^^^^^^^^^^^^^
  5 | import type { AppSettings } from '@/hooks/use-settings'
  6 |
  7 | // Runs once on mount across the whole app to apply persisted theme before first render flash

The export DEFAULTS was not found in module [project]/hooks/use-settings.ts [app-ssr] (ecmascript).
Did you mean to import useSettings?
All exports of the module are statically known (It doesn't have dynamic exports). So it's known statically that the requested export doesn't exist.

Import traces:
  Client Component Browser:
    ./components/settings/theme-applier.tsx [Client Component Browser]
    ./components/providers.tsx [Client Component Browser]
    ./components/providers.tsx [Server Component]
    ./app/layout.tsx [Server Component]

  Client Component SSR:
    ./components/settings/theme-applier.tsx [Client Component SSR]
    ./components/providers.tsx [Client Component SSR]
    ./components/providers.tsx [Server Component]
    ./app/layout.tsx [Server Component] @ http://localhost:3005/_next/static/chunks/node_modules_next_dist_b0a279d5._.js:1945
[  312833ms] [ERROR] ./components/settings/theme-applier.tsx:4:1
Export DEFAULTS doesn't exist in target module
  2 |
  3 | import { useEffect } from 'react'
> 4 | import { applyThemeToDOM, DEFAULTS } from '@/hooks/use-settings'
    | ^^^^^^^^^^^^^^^^^^^^^^^^^^^^^^^^^^^^^^^^^^^^^^^^^^^^^^^^^^^^^^^^
  5 | import type { AppSettings } from '@/hooks/use-settings'
  6 |
  7 | // Runs once on mount across the whole app to apply persisted theme before first render flash

The export DEFAULTS was not found in module [project]/hooks/use-settings.ts [app-client] (ecmascript).
Did you mean to import useSettings?
All exports of the module are statically known (It doesn't have dynamic exports). So it's known statically that the requested export doesn't exist.

Import traces:
  Client Component Browser:
    ./components/settings/theme-applier.tsx [Client Component Browser]
    ./components/providers.tsx [Client Component Browser]
    ./components/providers.tsx [Server Component]
    ./app/layout.tsx [Server Component]

  Client Component SSR:
    ./components/settings/theme-applier.tsx [Client Component SSR]
    ./components/providers.tsx [Client Component SSR]
    ./components/providers.tsx [Server Component]
    ./app/layout.tsx [Server Component] @ http://localhost:3005/_next/static/chunks/node_modules_next_dist_b0a279d5._.js:1945
[  312834ms] [ERROR] ./components/settings/theme-applier.tsx:4:1
Export DEFAULTS doesn't exist in target module
  2 |
  3 | import { useEffect } from 'react'
> 4 | import { applyThemeToDOM, DEFAULTS } from '@/hooks/use-settings'
    | ^^^^^^^^^^^^^^^^^^^^^^^^^^^^^^^^^^^^^^^^^^^^^^^^^^^^^^^^^^^^^^^^
  5 | import type { AppSettings } from '@/hooks/use-settings'
  6 |
  7 | // Runs once on mount across the whole app to apply persisted theme before first render flash

The export DEFAULTS was not found in module [project]/hooks/use-settings.ts [app-ssr] (ecmascript).
Did you mean to import useSettings?
All exports of the module are statically known (It doesn't have dynamic exports). So it's known statically that the requested export doesn't exist.

Import traces:
  Client Component Browser:
    ./components/settings/theme-applier.tsx [Client Component Browser]
    ./components/providers.tsx [Client Component Browser]
    ./components/providers.tsx [Server Component]
    ./app/layout.tsx [Server Component]

  Client Component SSR:
    ./components/settings/theme-applier.tsx [Client Component SSR]
    ./components/providers.tsx [Client Component SSR]
    ./components/providers.tsx [Server Component]
    ./app/layout.tsx [Server Component] @ http://localhost:3005/_next/static/chunks/node_modules_next_dist_b0a279d5._.js:1945
[  312895ms] [ERROR] ./components/settings/theme-applier.tsx:4:1
Export DEFAULTS doesn't exist in target module
  2 |
  3 | import { useEffect } from 'react'
> 4 | import { applyThemeToDOM, DEFAULTS } from '@/hooks/use-settings'
    | ^^^^^^^^^^^^^^^^^^^^^^^^^^^^^^^^^^^^^^^^^^^^^^^^^^^^^^^^^^^^^^^^
  5 | import type { AppSettings } from '@/hooks/use-settings'
  6 |
  7 | // Runs once on mount across the whole app to apply persisted theme before first render flash

The export DEFAULTS was not found in module [project]/hooks/use-settings.ts [app-client] (ecmascript).
Did you mean to import useSettings?
All exports of the module are statically known (It doesn't have dynamic exports). So it's known statically that the requested export doesn't exist.

Import traces:
  Client Component Browser:
    ./components/settings/theme-applier.tsx [Client Component Browser]
    ./components/providers.tsx [Client Component Browser]
    ./components/providers.tsx [Server Component]
    ./app/layout.tsx [Server Component]

  Client Component SSR:
    ./components/settings/theme-applier.tsx [Client Component SSR]
    ./components/providers.tsx [Client Component SSR]
    ./components/providers.tsx [Server Component]
    ./app/layout.tsx [Server Component] @ http://localhost:3005/_next/static/chunks/node_modules_next_dist_b0a279d5._.js:1945
[  312895ms] [ERROR] ./components/settings/theme-applier.tsx:4:1
Export DEFAULTS doesn't exist in target module
  2 |
  3 | import { useEffect } from 'react'
> 4 | import { applyThemeToDOM, DEFAULTS } from '@/hooks/use-settings'
    | ^^^^^^^^^^^^^^^^^^^^^^^^^^^^^^^^^^^^^^^^^^^^^^^^^^^^^^^^^^^^^^^^
  5 | import type { AppSettings } from '@/hooks/use-settings'
  6 |
  7 | // Runs once on mount across the whole app to apply persisted theme before first render flash

The export DEFAULTS was not found in module [project]/hooks/use-settings.ts [app-ssr] (ecmascript).
Did you mean to import useSettings?
All exports of the module are statically known (It doesn't have dynamic exports). So it's known statically that the requested export doesn't exist.

Import traces:
  Client Component Browser:
    ./components/settings/theme-applier.tsx [Client Component Browser]
    ./components/providers.tsx [Client Component Browser]
    ./components/providers.tsx [Server Component]
    ./app/layout.tsx [Server Component]

  Client Component SSR:
    ./components/settings/theme-applier.tsx [Client Component SSR]
    ./components/providers.tsx [Client Component SSR]
    ./components/providers.tsx [Server Component]
    ./app/layout.tsx [Server Component] @ http://localhost:3005/_next/static/chunks/node_modules_next_dist_b0a279d5._.js:1945
[  312958ms] [ERROR] ./components/settings/theme-applier.tsx:4:1
Export DEFAULTS doesn't exist in target module
  2 |
  3 | import { useEffect } from 'react'
> 4 | import { applyThemeToDOM, DEFAULTS } from '@/hooks/use-settings'
    | ^^^^^^^^^^^^^^^^^^^^^^^^^^^^^^^^^^^^^^^^^^^^^^^^^^^^^^^^^^^^^^^^
  5 | import type { AppSettings } from '@/hooks/use-settings'
  6 |
  7 | // Runs once on mount across the whole app to apply persisted theme before first render flash

The export DEFAULTS was not found in module [project]/hooks/use-settings.ts [app-client] (ecmascript).
Did you mean to import useSettings?
All exports of the module are statically known (It doesn't have dynamic exports). So it's known statically that the requested export doesn't exist.

Import traces:
  Client Component Browser:
    ./components/settings/theme-applier.tsx [Client Component Browser]
    ./components/providers.tsx [Client Component Browser]
    ./components/providers.tsx [Server Component]
    ./app/layout.tsx [Server Component]

  Client Component SSR:
    ./components/settings/theme-applier.tsx [Client Component SSR]
    ./components/providers.tsx [Client Component SSR]
    ./components/providers.tsx [Server Component]
    ./app/layout.tsx [Server Component] @ http://localhost:3005/_next/static/chunks/node_modules_next_dist_b0a279d5._.js:1945
[  312958ms] [ERROR] ./components/settings/theme-applier.tsx:4:1
Export DEFAULTS doesn't exist in target module
  2 |
  3 | import { useEffect } from 'react'
> 4 | import { applyThemeToDOM, DEFAULTS } from '@/hooks/use-settings'
    | ^^^^^^^^^^^^^^^^^^^^^^^^^^^^^^^^^^^^^^^^^^^^^^^^^^^^^^^^^^^^^^^^
  5 | import type { AppSettings } from '@/hooks/use-settings'
  6 |
  7 | // Runs once on mount across the whole app to apply persisted theme before first render flash

The export DEFAULTS was not found in module [project]/hooks/use-settings.ts [app-ssr] (ecmascript).
Did you mean to import useSettings?
All exports of the module are statically known (It doesn't have dynamic exports). So it's known statically that the requested export doesn't exist.

Import traces:
  Client Component Browser:
    ./components/settings/theme-applier.tsx [Client Component Browser]
    ./components/providers.tsx [Client Component Browser]
    ./components/providers.tsx [Server Component]
    ./app/layout.tsx [Server Component]

  Client Component SSR:
    ./components/settings/theme-applier.tsx [Client Component SSR]
    ./components/providers.tsx [Client Component SSR]
    ./components/providers.tsx [Server Component]
    ./app/layout.tsx [Server Component] @ http://localhost:3005/_next/static/chunks/node_modules_next_dist_b0a279d5._.js:1945
[  313021ms] [ERROR] ./components/settings/theme-applier.tsx:4:1
Export DEFAULTS doesn't exist in target module
  2 |
  3 | import { useEffect } from 'react'
> 4 | import { applyThemeToDOM, DEFAULTS } from '@/hooks/use-settings'
    | ^^^^^^^^^^^^^^^^^^^^^^^^^^^^^^^^^^^^^^^^^^^^^^^^^^^^^^^^^^^^^^^^
  5 | import type { AppSettings } from '@/hooks/use-settings'
  6 |
  7 | // Runs once on mount across the whole app to apply persisted theme before first render flash

The export DEFAULTS was not found in module [project]/hooks/use-settings.ts [app-client] (ecmascript).
Did you mean to import useSettings?
All exports of the module are statically known (It doesn't have dynamic exports). So it's known statically that the requested export doesn't exist.

Import traces:
  Client Component Browser:
    ./components/settings/theme-applier.tsx [Client Component Browser]
    ./components/providers.tsx [Client Component Browser]
    ./components/providers.tsx [Server Component]
    ./app/layout.tsx [Server Component]

  Client Component SSR:
    ./components/settings/theme-applier.tsx [Client Component SSR]
    ./components/providers.tsx [Client Component SSR]
    ./components/providers.tsx [Server Component]
    ./app/layout.tsx [Server Component] @ http://localhost:3005/_next/static/chunks/node_modules_next_dist_b0a279d5._.js:1945
[  313021ms] [ERROR] ./components/settings/theme-applier.tsx:4:1
Export DEFAULTS doesn't exist in target module
  2 |
  3 | import { useEffect } from 'react'
> 4 | import { applyThemeToDOM, DEFAULTS } from '@/hooks/use-settings'
    | ^^^^^^^^^^^^^^^^^^^^^^^^^^^^^^^^^^^^^^^^^^^^^^^^^^^^^^^^^^^^^^^^
  5 | import type { AppSettings } from '@/hooks/use-settings'
  6 |
  7 | // Runs once on mount across the whole app to apply persisted theme before first render flash

The export DEFAULTS was not found in module [project]/hooks/use-settings.ts [app-ssr] (ecmascript).
Did you mean to import useSettings?
All exports of the module are statically known (It doesn't have dynamic exports). So it's known statically that the requested export doesn't exist.

Import traces:
  Client Component Browser:
    ./components/settings/theme-applier.tsx [Client Component Browser]
    ./components/providers.tsx [Client Component Browser]
    ./components/providers.tsx [Server Component]
    ./app/layout.tsx [Server Component]

  Client Component SSR:
    ./components/settings/theme-applier.tsx [Client Component SSR]
    ./components/providers.tsx [Client Component SSR]
    ./components/providers.tsx [Server Component]
    ./app/layout.tsx [Server Component] @ http://localhost:3005/_next/static/chunks/node_modules_next_dist_b0a279d5._.js:1945
[  313082ms] [ERROR] ./components/settings/theme-applier.tsx:4:1
Export DEFAULTS doesn't exist in target module
  2 |
  3 | import { useEffect } from 'react'
> 4 | import { applyThemeToDOM, DEFAULTS } from '@/hooks/use-settings'
    | ^^^^^^^^^^^^^^^^^^^^^^^^^^^^^^^^^^^^^^^^^^^^^^^^^^^^^^^^^^^^^^^^
  5 | import type { AppSettings } from '@/hooks/use-settings'
  6 |
  7 | // Runs once on mount across the whole app to apply persisted theme before first render flash

The export DEFAULTS was not found in module [project]/hooks/use-settings.ts [app-client] (ecmascript).
Did you mean to import useSettings?
All exports of the module are statically known (It doesn't have dynamic exports). So it's known statically that the requested export doesn't exist.

Import traces:
  Client Component Browser:
    ./components/settings/theme-applier.tsx [Client Component Browser]
    ./components/providers.tsx [Client Component Browser]
    ./components/providers.tsx [Server Component]
    ./app/layout.tsx [Server Component]

  Client Component SSR:
    ./components/settings/theme-applier.tsx [Client Component SSR]
    ./components/providers.tsx [Client Component SSR]
    ./components/providers.tsx [Server Component]
    ./app/layout.tsx [Server Component] @ http://localhost:3005/_next/static/chunks/node_modules_next_dist_b0a279d5._.js:1945
[  313082ms] [ERROR] ./components/settings/theme-applier.tsx:4:1
Export DEFAULTS doesn't exist in target module
  2 |
  3 | import { useEffect } from 'react'
> 4 | import { applyThemeToDOM, DEFAULTS } from '@/hooks/use-settings'
    | ^^^^^^^^^^^^^^^^^^^^^^^^^^^^^^^^^^^^^^^^^^^^^^^^^^^^^^^^^^^^^^^^
  5 | import type { AppSettings } from '@/hooks/use-settings'
  6 |
  7 | // Runs once on mount across the whole app to apply persisted theme before first render flash

The export DEFAULTS was not found in module [project]/hooks/use-settings.ts [app-ssr] (ecmascript).
Did you mean to import useSettings?
All exports of the module are statically known (It doesn't have dynamic exports). So it's known statically that the requested export doesn't exist.

Import traces:
  Client Component Browser:
    ./components/settings/theme-applier.tsx [Client Component Browser]
    ./components/providers.tsx [Client Component Browser]
    ./components/providers.tsx [Server Component]
    ./app/layout.tsx [Server Component]

  Client Component SSR:
    ./components/settings/theme-applier.tsx [Client Component SSR]
    ./components/providers.tsx [Client Component SSR]
    ./components/providers.tsx [Server Component]
    ./app/layout.tsx [Server Component] @ http://localhost:3005/_next/static/chunks/node_modules_next_dist_b0a279d5._.js:1945
[  313146ms] [ERROR] ./components/settings/theme-applier.tsx:4:1
Export DEFAULTS doesn't exist in target module
  2 |
  3 | import { useEffect } from 'react'
> 4 | import { applyThemeToDOM, DEFAULTS } from '@/hooks/use-settings'
    | ^^^^^^^^^^^^^^^^^^^^^^^^^^^^^^^^^^^^^^^^^^^^^^^^^^^^^^^^^^^^^^^^
  5 | import type { AppSettings } from '@/hooks/use-settings'
  6 |
  7 | // Runs once on mount across the whole app to apply persisted theme before first render flash

The export DEFAULTS was not found in module [project]/hooks/use-settings.ts [app-client] (ecmascript).
Did you mean to import useSettings?
All exports of the module are statically known (It doesn't have dynamic exports). So it's known statically that the requested export doesn't exist.

Import traces:
  Client Component Browser:
    ./components/settings/theme-applier.tsx [Client Component Browser]
    ./components/providers.tsx [Client Component Browser]
    ./components/providers.tsx [Server Component]
    ./app/layout.tsx [Server Component]

  Client Component SSR:
    ./components/settings/theme-applier.tsx [Client Component SSR]
    ./components/providers.tsx [Client Component SSR]
    ./components/providers.tsx [Server Component]
    ./app/layout.tsx [Server Component] @ http://localhost:3005/_next/static/chunks/node_modules_next_dist_b0a279d5._.js:1945
[  313147ms] [ERROR] ./components/settings/theme-applier.tsx:4:1
Export DEFAULTS doesn't exist in target module
  2 |
  3 | import { useEffect } from 'react'
> 4 | import { applyThemeToDOM, DEFAULTS } from '@/hooks/use-settings'
    | ^^^^^^^^^^^^^^^^^^^^^^^^^^^^^^^^^^^^^^^^^^^^^^^^^^^^^^^^^^^^^^^^
  5 | import type { AppSettings } from '@/hooks/use-settings'
  6 |
  7 | // Runs once on mount across the whole app to apply persisted theme before first render flash

The export DEFAULTS was not found in module [project]/hooks/use-settings.ts [app-ssr] (ecmascript).
Did you mean to import useSettings?
All exports of the module are statically known (It doesn't have dynamic exports). So it's known statically that the requested export doesn't exist.

Import traces:
  Client Component Browser:
    ./components/settings/theme-applier.tsx [Client Component Browser]
    ./components/providers.tsx [Client Component Browser]
    ./components/providers.tsx [Server Component]
    ./app/layout.tsx [Server Component]

  Client Component SSR:
    ./components/settings/theme-applier.tsx [Client Component SSR]
    ./components/providers.tsx [Client Component SSR]
    ./components/providers.tsx [Server Component]
    ./app/layout.tsx [Server Component] @ http://localhost:3005/_next/static/chunks/node_modules_next_dist_b0a279d5._.js:1945
[  313222ms] [ERROR] ./components/settings/theme-applier.tsx:4:1
Export DEFAULTS doesn't exist in target module
  2 |
  3 | import { useEffect } from 'react'
> 4 | import { applyThemeToDOM, DEFAULTS } from '@/hooks/use-settings'
    | ^^^^^^^^^^^^^^^^^^^^^^^^^^^^^^^^^^^^^^^^^^^^^^^^^^^^^^^^^^^^^^^^
  5 | import type { AppSettings } from '@/hooks/use-settings'
  6 |
  7 | // Runs once on mount across the whole app to apply persisted theme before first render flash

The export DEFAULTS was not found in module [project]/hooks/use-settings.ts [app-client] (ecmascript).
Did you mean to import useSettings?
All exports of the module are statically known (It doesn't have dynamic exports). So it's known statically that the requested export doesn't exist.

Import traces:
  Client Component Browser:
    ./components/settings/theme-applier.tsx [Client Component Browser]
    ./components/providers.tsx [Client Component Browser]
    ./components/providers.tsx [Server Component]
    ./app/layout.tsx [Server Component]

  Client Component SSR:
    ./components/settings/theme-applier.tsx [Client Component SSR]
    ./components/providers.tsx [Client Component SSR]
    ./components/providers.tsx [Server Component]
    ./app/layout.tsx [Server Component] @ http://localhost:3005/_next/static/chunks/node_modules_next_dist_b0a279d5._.js:1945
[  313223ms] [ERROR] ./components/settings/theme-applier.tsx:4:1
Export DEFAULTS doesn't exist in target module
  2 |
  3 | import { useEffect } from 'react'
> 4 | import { applyThemeToDOM, DEFAULTS } from '@/hooks/use-settings'
    | ^^^^^^^^^^^^^^^^^^^^^^^^^^^^^^^^^^^^^^^^^^^^^^^^^^^^^^^^^^^^^^^^
  5 | import type { AppSettings } from '@/hooks/use-settings'
  6 |
  7 | // Runs once on mount across the whole app to apply persisted theme before first render flash

The export DEFAULTS was not found in module [project]/hooks/use-settings.ts [app-ssr] (ecmascript).
Did you mean to import useSettings?
All exports of the module are statically known (It doesn't have dynamic exports). So it's known statically that the requested export doesn't exist.

Import traces:
  Client Component Browser:
    ./components/settings/theme-applier.tsx [Client Component Browser]
    ./components/providers.tsx [Client Component Browser]
    ./components/providers.tsx [Server Component]
    ./app/layout.tsx [Server Component]

  Client Component SSR:
    ./components/settings/theme-applier.tsx [Client Component SSR]
    ./components/providers.tsx [Client Component SSR]
    ./components/providers.tsx [Server Component]
    ./app/layout.tsx [Server Component] @ http://localhost:3005/_next/static/chunks/node_modules_next_dist_b0a279d5._.js:1945
[  313286ms] [ERROR] ./components/settings/theme-applier.tsx:4:1
Export DEFAULTS doesn't exist in target module
  2 |
  3 | import { useEffect } from 'react'
> 4 | import { applyThemeToDOM, DEFAULTS } from '@/hooks/use-settings'
    | ^^^^^^^^^^^^^^^^^^^^^^^^^^^^^^^^^^^^^^^^^^^^^^^^^^^^^^^^^^^^^^^^
  5 | import type { AppSettings } from '@/hooks/use-settings'
  6 |
  7 | // Runs once on mount across the whole app to apply persisted theme before first render flash

The export DEFAULTS was not found in module [project]/hooks/use-settings.ts [app-client] (ecmascript).
Did you mean to import useSettings?
All exports of the module are statically known (It doesn't have dynamic exports). So it's known statically that the requested export doesn't exist.

Import traces:
  Client Component Browser:
    ./components/settings/theme-applier.tsx [Client Component Browser]
    ./components/providers.tsx [Client Component Browser]
    ./components/providers.tsx [Server Component]
    ./app/layout.tsx [Server Component]

  Client Component SSR:
    ./components/settings/theme-applier.tsx [Client Component SSR]
    ./components/providers.tsx [Client Component SSR]
    ./components/providers.tsx [Server Component]
    ./app/layout.tsx [Server Component] @ http://localhost:3005/_next/static/chunks/node_modules_next_dist_b0a279d5._.js:1945
[  313286ms] [ERROR] ./components/settings/theme-applier.tsx:4:1
Export DEFAULTS doesn't exist in target module
  2 |
  3 | import { useEffect } from 'react'
> 4 | import { applyThemeToDOM, DEFAULTS } from '@/hooks/use-settings'
    | ^^^^^^^^^^^^^^^^^^^^^^^^^^^^^^^^^^^^^^^^^^^^^^^^^^^^^^^^^^^^^^^^
  5 | import type { AppSettings } from '@/hooks/use-settings'
  6 |
  7 | // Runs once on mount across the whole app to apply persisted theme before first render flash

The export DEFAULTS was not found in module [project]/hooks/use-settings.ts [app-ssr] (ecmascript).
Did you mean to import useSettings?
All exports of the module are statically known (It doesn't have dynamic exports). So it's known statically that the requested export doesn't exist.

Import traces:
  Client Component Browser:
    ./components/settings/theme-applier.tsx [Client Component Browser]
    ./components/providers.tsx [Client Component Browser]
    ./components/providers.tsx [Server Component]
    ./app/layout.tsx [Server Component]

  Client Component SSR:
    ./components/settings/theme-applier.tsx [Client Component SSR]
    ./components/providers.tsx [Client Component SSR]
    ./components/providers.tsx [Server Component]
    ./app/layout.tsx [Server Component] @ http://localhost:3005/_next/static/chunks/node_modules_next_dist_b0a279d5._.js:1945
[  313348ms] [ERROR] ./components/settings/theme-applier.tsx:4:1
Export DEFAULTS doesn't exist in target module
  2 |
  3 | import { useEffect } from 'react'
> 4 | import { applyThemeToDOM, DEFAULTS } from '@/hooks/use-settings'
    | ^^^^^^^^^^^^^^^^^^^^^^^^^^^^^^^^^^^^^^^^^^^^^^^^^^^^^^^^^^^^^^^^
  5 | import type { AppSettings } from '@/hooks/use-settings'
  6 |
  7 | // Runs once on mount across the whole app to apply persisted theme before first render flash

The export DEFAULTS was not found in module [project]/hooks/use-settings.ts [app-client] (ecmascript).
Did you mean to import useSettings?
All exports of the module are statically known (It doesn't have dynamic exports). So it's known statically that the requested export doesn't exist.

Import traces:
  Client Component Browser:
    ./components/settings/theme-applier.tsx [Client Component Browser]
    ./components/providers.tsx [Client Component Browser]
    ./components/providers.tsx [Server Component]
    ./app/layout.tsx [Server Component]

  Client Component SSR:
    ./components/settings/theme-applier.tsx [Client Component SSR]
    ./components/providers.tsx [Client Component SSR]
    ./components/providers.tsx [Server Component]
    ./app/layout.tsx [Server Component] @ http://localhost:3005/_next/static/chunks/node_modules_next_dist_b0a279d5._.js:1945
[  313348ms] [ERROR] ./components/settings/theme-applier.tsx:4:1
Export DEFAULTS doesn't exist in target module
  2 |
  3 | import { useEffect } from 'react'
> 4 | import { applyThemeToDOM, DEFAULTS } from '@/hooks/use-settings'
    | ^^^^^^^^^^^^^^^^^^^^^^^^^^^^^^^^^^^^^^^^^^^^^^^^^^^^^^^^^^^^^^^^
  5 | import type { AppSettings } from '@/hooks/use-settings'
  6 |
  7 | // Runs once on mount across the whole app to apply persisted theme before first render flash

The export DEFAULTS was not found in module [project]/hooks/use-settings.ts [app-ssr] (ecmascript).
Did you mean to import useSettings?
All exports of the module are statically known (It doesn't have dynamic exports). So it's known statically that the requested export doesn't exist.

Import traces:
  Client Component Browser:
    ./components/settings/theme-applier.tsx [Client Component Browser]
    ./components/providers.tsx [Client Component Browser]
    ./components/providers.tsx [Server Component]
    ./app/layout.tsx [Server Component]

  Client Component SSR:
    ./components/settings/theme-applier.tsx [Client Component SSR]
    ./components/providers.tsx [Client Component SSR]
    ./components/providers.tsx [Server Component]
    ./app/layout.tsx [Server Component] @ http://localhost:3005/_next/static/chunks/node_modules_next_dist_b0a279d5._.js:1945
[  313410ms] [ERROR] ./components/settings/theme-applier.tsx:4:1
Export DEFAULTS doesn't exist in target module
  2 |
  3 | import { useEffect } from 'react'
> 4 | import { applyThemeToDOM, DEFAULTS } from '@/hooks/use-settings'
    | ^^^^^^^^^^^^^^^^^^^^^^^^^^^^^^^^^^^^^^^^^^^^^^^^^^^^^^^^^^^^^^^^
  5 | import type { AppSettings } from '@/hooks/use-settings'
  6 |
  7 | // Runs once on mount across the whole app to apply persisted theme before first render flash

The export DEFAULTS was not found in module [project]/hooks/use-settings.ts [app-client] (ecmascript).
Did you mean to import useSettings?
All exports of the module are statically known (It doesn't have dynamic exports). So it's known statically that the requested export doesn't exist.

Import traces:
  Client Component Browser:
    ./components/settings/theme-applier.tsx [Client Component Browser]
    ./components/providers.tsx [Client Component Browser]
    ./components/providers.tsx [Server Component]
    ./app/layout.tsx [Server Component]

  Client Component SSR:
    ./components/settings/theme-applier.tsx [Client Component SSR]
    ./components/providers.tsx [Client Component SSR]
    ./components/providers.tsx [Server Component]
    ./app/layout.tsx [Server Component] @ http://localhost:3005/_next/static/chunks/node_modules_next_dist_b0a279d5._.js:1945
[  313411ms] [ERROR] ./components/settings/theme-applier.tsx:4:1
Export DEFAULTS doesn't exist in target module
  2 |
  3 | import { useEffect } from 'react'
> 4 | import { applyThemeToDOM, DEFAULTS } from '@/hooks/use-settings'
    | ^^^^^^^^^^^^^^^^^^^^^^^^^^^^^^^^^^^^^^^^^^^^^^^^^^^^^^^^^^^^^^^^
  5 | import type { AppSettings } from '@/hooks/use-settings'
  6 |
  7 | // Runs once on mount across the whole app to apply persisted theme before first render flash

The export DEFAULTS was not found in module [project]/hooks/use-settings.ts [app-ssr] (ecmascript).
Did you mean to import useSettings?
All exports of the module are statically known (It doesn't have dynamic exports). So it's known statically that the requested export doesn't exist.

Import traces:
  Client Component Browser:
    ./components/settings/theme-applier.tsx [Client Component Browser]
    ./components/providers.tsx [Client Component Browser]
    ./components/providers.tsx [Server Component]
    ./app/layout.tsx [Server Component]

  Client Component SSR:
    ./components/settings/theme-applier.tsx [Client Component SSR]
    ./components/providers.tsx [Client Component SSR]
    ./components/providers.tsx [Server Component]
    ./app/layout.tsx [Server Component] @ http://localhost:3005/_next/static/chunks/node_modules_next_dist_b0a279d5._.js:1945
[  313473ms] [ERROR] ./components/settings/theme-applier.tsx:4:1
Export DEFAULTS doesn't exist in target module
  2 |
  3 | import { useEffect } from 'react'
> 4 | import { applyThemeToDOM, DEFAULTS } from '@/hooks/use-settings'
    | ^^^^^^^^^^^^^^^^^^^^^^^^^^^^^^^^^^^^^^^^^^^^^^^^^^^^^^^^^^^^^^^^
  5 | import type { AppSettings } from '@/hooks/use-settings'
  6 |
  7 | // Runs once on mount across the whole app to apply persisted theme before first render flash

The export DEFAULTS was not found in module [project]/hooks/use-settings.ts [app-client] (ecmascript).
Did you mean to import useSettings?
All exports of the module are statically known (It doesn't have dynamic exports). So it's known statically that the requested export doesn't exist.

Import traces:
  Client Component Browser:
    ./components/settings/theme-applier.tsx [Client Component Browser]
    ./components/providers.tsx [Client Component Browser]
    ./components/providers.tsx [Server Component]
    ./app/layout.tsx [Server Component]

  Client Component SSR:
    ./components/settings/theme-applier.tsx [Client Component SSR]
    ./components/providers.tsx [Client Component SSR]
    ./components/providers.tsx [Server Component]
    ./app/layout.tsx [Server Component] @ http://localhost:3005/_next/static/chunks/node_modules_next_dist_b0a279d5._.js:1945
[  313473ms] [ERROR] ./components/settings/theme-applier.tsx:4:1
Export DEFAULTS doesn't exist in target module
  2 |
  3 | import { useEffect } from 'react'
> 4 | import { applyThemeToDOM, DEFAULTS } from '@/hooks/use-settings'
    | ^^^^^^^^^^^^^^^^^^^^^^^^^^^^^^^^^^^^^^^^^^^^^^^^^^^^^^^^^^^^^^^^
  5 | import type { AppSettings } from '@/hooks/use-settings'
  6 |
  7 | // Runs once on mount across the whole app to apply persisted theme before first render flash

The export DEFAULTS was not found in module [project]/hooks/use-settings.ts [app-ssr] (ecmascript).
Did you mean to import useSettings?
All exports of the module are statically known (It doesn't have dynamic exports). So it's known statically that the requested export doesn't exist.

Import traces:
  Client Component Browser:
    ./components/settings/theme-applier.tsx [Client Component Browser]
    ./components/providers.tsx [Client Component Browser]
    ./components/providers.tsx [Server Component]
    ./app/layout.tsx [Server Component]

  Client Component SSR:
    ./components/settings/theme-applier.tsx [Client Component SSR]
    ./components/providers.tsx [Client Component SSR]
    ./components/providers.tsx [Server Component]
    ./app/layout.tsx [Server Component] @ http://localhost:3005/_next/static/chunks/node_modules_next_dist_b0a279d5._.js:1945
[  313535ms] [ERROR] ./components/settings/theme-applier.tsx:4:1
Export DEFAULTS doesn't exist in target module
  2 |
  3 | import { useEffect } from 'react'
> 4 | import { applyThemeToDOM, DEFAULTS } from '@/hooks/use-settings'
    | ^^^^^^^^^^^^^^^^^^^^^^^^^^^^^^^^^^^^^^^^^^^^^^^^^^^^^^^^^^^^^^^^
  5 | import type { AppSettings } from '@/hooks/use-settings'
  6 |
  7 | // Runs once on mount across the whole app to apply persisted theme before first render flash

The export DEFAULTS was not found in module [project]/hooks/use-settings.ts [app-client] (ecmascript).
Did you mean to import useSettings?
All exports of the module are statically known (It doesn't have dynamic exports). So it's known statically that the requested export doesn't exist.

Import traces:
  Client Component Browser:
    ./components/settings/theme-applier.tsx [Client Component Browser]
    ./components/providers.tsx [Client Component Browser]
    ./components/providers.tsx [Server Component]
    ./app/layout.tsx [Server Component]

  Client Component SSR:
    ./components/settings/theme-applier.tsx [Client Component SSR]
    ./components/providers.tsx [Client Component SSR]
    ./components/providers.tsx [Server Component]
    ./app/layout.tsx [Server Component] @ http://localhost:3005/_next/static/chunks/node_modules_next_dist_b0a279d5._.js:1945
[  313535ms] [ERROR] ./components/settings/theme-applier.tsx:4:1
Export DEFAULTS doesn't exist in target module
  2 |
  3 | import { useEffect } from 'react'
> 4 | import { applyThemeToDOM, DEFAULTS } from '@/hooks/use-settings'
    | ^^^^^^^^^^^^^^^^^^^^^^^^^^^^^^^^^^^^^^^^^^^^^^^^^^^^^^^^^^^^^^^^
  5 | import type { AppSettings } from '@/hooks/use-settings'
  6 |
  7 | // Runs once on mount across the whole app to apply persisted theme before first render flash

The export DEFAULTS was not found in module [project]/hooks/use-settings.ts [app-ssr] (ecmascript).
Did you mean to import useSettings?
All exports of the module are statically known (It doesn't have dynamic exports). So it's known statically that the requested export doesn't exist.

Import traces:
  Client Component Browser:
    ./components/settings/theme-applier.tsx [Client Component Browser]
    ./components/providers.tsx [Client Component Browser]
    ./components/providers.tsx [Server Component]
    ./app/layout.tsx [Server Component]

  Client Component SSR:
    ./components/settings/theme-applier.tsx [Client Component SSR]
    ./components/providers.tsx [Client Component SSR]
    ./components/providers.tsx [Server Component]
    ./app/layout.tsx [Server Component] @ http://localhost:3005/_next/static/chunks/node_modules_next_dist_b0a279d5._.js:1945
[  313596ms] [ERROR] ./components/settings/theme-applier.tsx:4:1
Export DEFAULTS doesn't exist in target module
  2 |
  3 | import { useEffect } from 'react'
> 4 | import { applyThemeToDOM, DEFAULTS } from '@/hooks/use-settings'
    | ^^^^^^^^^^^^^^^^^^^^^^^^^^^^^^^^^^^^^^^^^^^^^^^^^^^^^^^^^^^^^^^^
  5 | import type { AppSettings } from '@/hooks/use-settings'
  6 |
  7 | // Runs once on mount across the whole app to apply persisted theme before first render flash

The export DEFAULTS was not found in module [project]/hooks/use-settings.ts [app-client] (ecmascript).
Did you mean to import useSettings?
All exports of the module are statically known (It doesn't have dynamic exports). So it's known statically that the requested export doesn't exist.

Import traces:
  Client Component Browser:
    ./components/settings/theme-applier.tsx [Client Component Browser]
    ./components/providers.tsx [Client Component Browser]
    ./components/providers.tsx [Server Component]
    ./app/layout.tsx [Server Component]

  Client Component SSR:
    ./components/settings/theme-applier.tsx [Client Component SSR]
    ./components/providers.tsx [Client Component SSR]
    ./components/providers.tsx [Server Component]
    ./app/layout.tsx [Server Component] @ http://localhost:3005/_next/static/chunks/node_modules_next_dist_b0a279d5._.js:1945
[  313596ms] [ERROR] ./components/settings/theme-applier.tsx:4:1
Export DEFAULTS doesn't exist in target module
  2 |
  3 | import { useEffect } from 'react'
> 4 | import { applyThemeToDOM, DEFAULTS } from '@/hooks/use-settings'
    | ^^^^^^^^^^^^^^^^^^^^^^^^^^^^^^^^^^^^^^^^^^^^^^^^^^^^^^^^^^^^^^^^
  5 | import type { AppSettings } from '@/hooks/use-settings'
  6 |
  7 | // Runs once on mount across the whole app to apply persisted theme before first render flash

The export DEFAULTS was not found in module [project]/hooks/use-settings.ts [app-ssr] (ecmascript).
Did you mean to import useSettings?
All exports of the module are statically known (It doesn't have dynamic exports). So it's known statically that the requested export doesn't exist.

Import traces:
  Client Component Browser:
    ./components/settings/theme-applier.tsx [Client Component Browser]
    ./components/providers.tsx [Client Component Browser]
    ./components/providers.tsx [Server Component]
    ./app/layout.tsx [Server Component]

  Client Component SSR:
    ./components/settings/theme-applier.tsx [Client Component SSR]
    ./components/providers.tsx [Client Component SSR]
    ./components/providers.tsx [Server Component]
    ./app/layout.tsx [Server Component] @ http://localhost:3005/_next/static/chunks/node_modules_next_dist_b0a279d5._.js:1945
[  313659ms] [ERROR] ./components/settings/theme-applier.tsx:4:1
Export DEFAULTS doesn't exist in target module
  2 |
  3 | import { useEffect } from 'react'
> 4 | import { applyThemeToDOM, DEFAULTS } from '@/hooks/use-settings'
    | ^^^^^^^^^^^^^^^^^^^^^^^^^^^^^^^^^^^^^^^^^^^^^^^^^^^^^^^^^^^^^^^^
  5 | import type { AppSettings } from '@/hooks/use-settings'
  6 |
  7 | // Runs once on mount across the whole app to apply persisted theme before first render flash

The export DEFAULTS was not found in module [project]/hooks/use-settings.ts [app-client] (ecmascript).
Did you mean to import useSettings?
All exports of the module are statically known (It doesn't have dynamic exports). So it's known statically that the requested export doesn't exist.

Import traces:
  Client Component Browser:
    ./components/settings/theme-applier.tsx [Client Component Browser]
    ./components/providers.tsx [Client Component Browser]
    ./components/providers.tsx [Server Component]
    ./app/layout.tsx [Server Component]

  Client Component SSR:
    ./components/settings/theme-applier.tsx [Client Component SSR]
    ./components/providers.tsx [Client Component SSR]
    ./components/providers.tsx [Server Component]
    ./app/layout.tsx [Server Component] @ http://localhost:3005/_next/static/chunks/node_modules_next_dist_b0a279d5._.js:1945
[  313659ms] [ERROR] ./components/settings/theme-applier.tsx:4:1
Export DEFAULTS doesn't exist in target module
  2 |
  3 | import { useEffect } from 'react'
> 4 | import { applyThemeToDOM, DEFAULTS } from '@/hooks/use-settings'
    | ^^^^^^^^^^^^^^^^^^^^^^^^^^^^^^^^^^^^^^^^^^^^^^^^^^^^^^^^^^^^^^^^
  5 | import type { AppSettings } from '@/hooks/use-settings'
  6 |
  7 | // Runs once on mount across the whole app to apply persisted theme before first render flash

The export DEFAULTS was not found in module [project]/hooks/use-settings.ts [app-ssr] (ecmascript).
Did you mean to import useSettings?
All exports of the module are statically known (It doesn't have dynamic exports). So it's known statically that the requested export doesn't exist.

Import traces:
  Client Component Browser:
    ./components/settings/theme-applier.tsx [Client Component Browser]
    ./components/providers.tsx [Client Component Browser]
    ./components/providers.tsx [Server Component]
    ./app/layout.tsx [Server Component]

  Client Component SSR:
    ./components/settings/theme-applier.tsx [Client Component SSR]
    ./components/providers.tsx [Client Component SSR]
    ./components/providers.tsx [Server Component]
    ./app/layout.tsx [Server Component] @ http://localhost:3005/_next/static/chunks/node_modules_next_dist_b0a279d5._.js:1945
[  313721ms] [ERROR] ./components/settings/theme-applier.tsx:4:1
Export DEFAULTS doesn't exist in target module
  2 |
  3 | import { useEffect } from 'react'
> 4 | import { applyThemeToDOM, DEFAULTS } from '@/hooks/use-settings'
    | ^^^^^^^^^^^^^^^^^^^^^^^^^^^^^^^^^^^^^^^^^^^^^^^^^^^^^^^^^^^^^^^^
  5 | import type { AppSettings } from '@/hooks/use-settings'
  6 |
  7 | // Runs once on mount across the whole app to apply persisted theme before first render flash

The export DEFAULTS was not found in module [project]/hooks/use-settings.ts [app-client] (ecmascript).
Did you mean to import useSettings?
All exports of the module are statically known (It doesn't have dynamic exports). So it's known statically that the requested export doesn't exist.

Import traces:
  Client Component Browser:
    ./components/settings/theme-applier.tsx [Client Component Browser]
    ./components/providers.tsx [Client Component Browser]
    ./components/providers.tsx [Server Component]
    ./app/layout.tsx [Server Component]

  Client Component SSR:
    ./components/settings/theme-applier.tsx [Client Component SSR]
    ./components/providers.tsx [Client Component SSR]
    ./components/providers.tsx [Server Component]
    ./app/layout.tsx [Server Component] @ http://localhost:3005/_next/static/chunks/node_modules_next_dist_b0a279d5._.js:1945
[  313721ms] [ERROR] ./components/settings/theme-applier.tsx:4:1
Export DEFAULTS doesn't exist in target module
  2 |
  3 | import { useEffect } from 'react'
> 4 | import { applyThemeToDOM, DEFAULTS } from '@/hooks/use-settings'
    | ^^^^^^^^^^^^^^^^^^^^^^^^^^^^^^^^^^^^^^^^^^^^^^^^^^^^^^^^^^^^^^^^
  5 | import type { AppSettings } from '@/hooks/use-settings'
  6 |
  7 | // Runs once on mount across the whole app to apply persisted theme before first render flash

The export DEFAULTS was not found in module [project]/hooks/use-settings.ts [app-ssr] (ecmascript).
Did you mean to import useSettings?
All exports of the module are statically known (It doesn't have dynamic exports). So it's known statically that the requested export doesn't exist.

Import traces:
  Client Component Browser:
    ./components/settings/theme-applier.tsx [Client Component Browser]
    ./components/providers.tsx [Client Component Browser]
    ./components/providers.tsx [Server Component]
    ./app/layout.tsx [Server Component]

  Client Component SSR:
    ./components/settings/theme-applier.tsx [Client Component SSR]
    ./components/providers.tsx [Client Component SSR]
    ./components/providers.tsx [Server Component]
    ./app/layout.tsx [Server Component] @ http://localhost:3005/_next/static/chunks/node_modules_next_dist_b0a279d5._.js:1945
[  313783ms] [ERROR] ./components/settings/theme-applier.tsx:4:1
Export DEFAULTS doesn't exist in target module
  2 |
  3 | import { useEffect } from 'react'
> 4 | import { applyThemeToDOM, DEFAULTS } from '@/hooks/use-settings'
    | ^^^^^^^^^^^^^^^^^^^^^^^^^^^^^^^^^^^^^^^^^^^^^^^^^^^^^^^^^^^^^^^^
  5 | import type { AppSettings } from '@/hooks/use-settings'
  6 |
  7 | // Runs once on mount across the whole app to apply persisted theme before first render flash

The export DEFAULTS was not found in module [project]/hooks/use-settings.ts [app-client] (ecmascript).
Did you mean to import useSettings?
All exports of the module are statically known (It doesn't have dynamic exports). So it's known statically that the requested export doesn't exist.

Import traces:
  Client Component Browser:
    ./components/settings/theme-applier.tsx [Client Component Browser]
    ./components/providers.tsx [Client Component Browser]
    ./components/providers.tsx [Server Component]
    ./app/layout.tsx [Server Component]

  Client Component SSR:
    ./components/settings/theme-applier.tsx [Client Component SSR]
    ./components/providers.tsx [Client Component SSR]
    ./components/providers.tsx [Server Component]
    ./app/layout.tsx [Server Component] @ http://localhost:3005/_next/static/chunks/node_modules_next_dist_b0a279d5._.js:1945
[  313783ms] [ERROR] ./components/settings/theme-applier.tsx:4:1
Export DEFAULTS doesn't exist in target module
  2 |
  3 | import { useEffect } from 'react'
> 4 | import { applyThemeToDOM, DEFAULTS } from '@/hooks/use-settings'
    | ^^^^^^^^^^^^^^^^^^^^^^^^^^^^^^^^^^^^^^^^^^^^^^^^^^^^^^^^^^^^^^^^
  5 | import type { AppSettings } from '@/hooks/use-settings'
  6 |
  7 | // Runs once on mount across the whole app to apply persisted theme before first render flash

The export DEFAULTS was not found in module [project]/hooks/use-settings.ts [app-ssr] (ecmascript).
Did you mean to import useSettings?
All exports of the module are statically known (It doesn't have dynamic exports). So it's known statically that the requested export doesn't exist.

Import traces:
  Client Component Browser:
    ./components/settings/theme-applier.tsx [Client Component Browser]
    ./components/providers.tsx [Client Component Browser]
    ./components/providers.tsx [Server Component]
    ./app/layout.tsx [Server Component]

  Client Component SSR:
    ./components/settings/theme-applier.tsx [Client Component SSR]
    ./components/providers.tsx [Client Component SSR]
    ./components/providers.tsx [Server Component]
    ./app/layout.tsx [Server Component] @ http://localhost:3005/_next/static/chunks/node_modules_next_dist_b0a279d5._.js:1945
[  313846ms] [ERROR] ./components/settings/theme-applier.tsx:4:1
Export DEFAULTS doesn't exist in target module
  2 |
  3 | import { useEffect } from 'react'
> 4 | import { applyThemeToDOM, DEFAULTS } from '@/hooks/use-settings'
    | ^^^^^^^^^^^^^^^^^^^^^^^^^^^^^^^^^^^^^^^^^^^^^^^^^^^^^^^^^^^^^^^^
  5 | import type { AppSettings } from '@/hooks/use-settings'
  6 |
  7 | // Runs once on mount across the whole app to apply persisted theme before first render flash

The export DEFAULTS was not found in module [project]/hooks/use-settings.ts [app-client] (ecmascript).
Did you mean to import useSettings?
All exports of the module are statically known (It doesn't have dynamic exports). So it's known statically that the requested export doesn't exist.

Import traces:
  Client Component Browser:
    ./components/settings/theme-applier.tsx [Client Component Browser]
    ./components/providers.tsx [Client Component Browser]
    ./components/providers.tsx [Server Component]
    ./app/layout.tsx [Server Component]

  Client Component SSR:
    ./components/settings/theme-applier.tsx [Client Component SSR]
    ./components/providers.tsx [Client Component SSR]
    ./components/providers.tsx [Server Component]
    ./app/layout.tsx [Server Component] @ http://localhost:3005/_next/static/chunks/node_modules_next_dist_b0a279d5._.js:1945
[  313846ms] [ERROR] ./components/settings/theme-applier.tsx:4:1
Export DEFAULTS doesn't exist in target module
  2 |
  3 | import { useEffect } from 'react'
> 4 | import { applyThemeToDOM, DEFAULTS } from '@/hooks/use-settings'
    | ^^^^^^^^^^^^^^^^^^^^^^^^^^^^^^^^^^^^^^^^^^^^^^^^^^^^^^^^^^^^^^^^
  5 | import type { AppSettings } from '@/hooks/use-settings'
  6 |
  7 | // Runs once on mount across the whole app to apply persisted theme before first render flash

The export DEFAULTS was not found in module [project]/hooks/use-settings.ts [app-ssr] (ecmascript).
Did you mean to import useSettings?
All exports of the module are statically known (It doesn't have dynamic exports). So it's known statically that the requested export doesn't exist.

Import traces:
  Client Component Browser:
    ./components/settings/theme-applier.tsx [Client Component Browser]
    ./components/providers.tsx [Client Component Browser]
    ./components/providers.tsx [Server Component]
    ./app/layout.tsx [Server Component]

  Client Component SSR:
    ./components/settings/theme-applier.tsx [Client Component SSR]
    ./components/providers.tsx [Client Component SSR]
    ./components/providers.tsx [Server Component]
    ./app/layout.tsx [Server Component] @ http://localhost:3005/_next/static/chunks/node_modules_next_dist_b0a279d5._.js:1945
[  313911ms] [ERROR] ./components/settings/theme-applier.tsx:4:1
Export DEFAULTS doesn't exist in target module
  2 |
  3 | import { useEffect } from 'react'
> 4 | import { applyThemeToDOM, DEFAULTS } from '@/hooks/use-settings'
    | ^^^^^^^^^^^^^^^^^^^^^^^^^^^^^^^^^^^^^^^^^^^^^^^^^^^^^^^^^^^^^^^^
  5 | import type { AppSettings } from '@/hooks/use-settings'
  6 |
  7 | // Runs once on mount across the whole app to apply persisted theme before first render flash

The export DEFAULTS was not found in module [project]/hooks/use-settings.ts [app-client] (ecmascript).
Did you mean to import useSettings?
All exports of the module are statically known (It doesn't have dynamic exports). So it's known statically that the requested export doesn't exist.

Import traces:
  Client Component Browser:
    ./components/settings/theme-applier.tsx [Client Component Browser]
    ./components/providers.tsx [Client Component Browser]
    ./components/providers.tsx [Server Component]
    ./app/layout.tsx [Server Component]

  Client Component SSR:
    ./components/settings/theme-applier.tsx [Client Component SSR]
    ./components/providers.tsx [Client Component SSR]
    ./components/providers.tsx [Server Component]
    ./app/layout.tsx [Server Component] @ http://localhost:3005/_next/static/chunks/node_modules_next_dist_b0a279d5._.js:1945
[  313911ms] [ERROR] ./components/settings/theme-applier.tsx:4:1
Export DEFAULTS doesn't exist in target module
  2 |
  3 | import { useEffect } from 'react'
> 4 | import { applyThemeToDOM, DEFAULTS } from '@/hooks/use-settings'
    | ^^^^^^^^^^^^^^^^^^^^^^^^^^^^^^^^^^^^^^^^^^^^^^^^^^^^^^^^^^^^^^^^
  5 | import type { AppSettings } from '@/hooks/use-settings'
  6 |
  7 | // Runs once on mount across the whole app to apply persisted theme before first render flash

The export DEFAULTS was not found in module [project]/hooks/use-settings.ts [app-ssr] (ecmascript).
Did you mean to import useSettings?
All exports of the module are statically known (It doesn't have dynamic exports). So it's known statically that the requested export doesn't exist.

Import traces:
  Client Component Browser:
    ./components/settings/theme-applier.tsx [Client Component Browser]
    ./components/providers.tsx [Client Component Browser]
    ./components/providers.tsx [Server Component]
    ./app/layout.tsx [Server Component]

  Client Component SSR:
    ./components/settings/theme-applier.tsx [Client Component SSR]
    ./components/providers.tsx [Client Component SSR]
    ./components/providers.tsx [Server Component]
    ./app/layout.tsx [Server Component] @ http://localhost:3005/_next/static/chunks/node_modules_next_dist_b0a279d5._.js:1945
[  313970ms] [ERROR] ./components/settings/theme-applier.tsx:4:1
Export DEFAULTS doesn't exist in target module
  2 |
  3 | import { useEffect } from 'react'
> 4 | import { applyThemeToDOM, DEFAULTS } from '@/hooks/use-settings'
    | ^^^^^^^^^^^^^^^^^^^^^^^^^^^^^^^^^^^^^^^^^^^^^^^^^^^^^^^^^^^^^^^^
  5 | import type { AppSettings } from '@/hooks/use-settings'
  6 |
  7 | // Runs once on mount across the whole app to apply persisted theme before first render flash

The export DEFAULTS was not found in module [project]/hooks/use-settings.ts [app-client] (ecmascript).
Did you mean to import useSettings?
All exports of the module are statically known (It doesn't have dynamic exports). So it's known statically that the requested export doesn't exist.

Import traces:
  Client Component Browser:
    ./components/settings/theme-applier.tsx [Client Component Browser]
    ./components/providers.tsx [Client Component Browser]
    ./components/providers.tsx [Server Component]
    ./app/layout.tsx [Server Component]

  Client Component SSR:
    ./components/settings/theme-applier.tsx [Client Component SSR]
    ./components/providers.tsx [Client Component SSR]
    ./components/providers.tsx [Server Component]
    ./app/layout.tsx [Server Component] @ http://localhost:3005/_next/static/chunks/node_modules_next_dist_b0a279d5._.js:1945
[  313971ms] [ERROR] ./components/settings/theme-applier.tsx:4:1
Export DEFAULTS doesn't exist in target module
  2 |
  3 | import { useEffect } from 'react'
> 4 | import { applyThemeToDOM, DEFAULTS } from '@/hooks/use-settings'
    | ^^^^^^^^^^^^^^^^^^^^^^^^^^^^^^^^^^^^^^^^^^^^^^^^^^^^^^^^^^^^^^^^
  5 | import type { AppSettings } from '@/hooks/use-settings'
  6 |
  7 | // Runs once on mount across the whole app to apply persisted theme before first render flash

The export DEFAULTS was not found in module [project]/hooks/use-settings.ts [app-ssr] (ecmascript).
Did you mean to import useSettings?
All exports of the module are statically known (It doesn't have dynamic exports). So it's known statically that the requested export doesn't exist.

Import traces:
  Client Component Browser:
    ./components/settings/theme-applier.tsx [Client Component Browser]
    ./components/providers.tsx [Client Component Browser]
    ./components/providers.tsx [Server Component]
    ./app/layout.tsx [Server Component]

  Client Component SSR:
    ./components/settings/theme-applier.tsx [Client Component SSR]
    ./components/providers.tsx [Client Component SSR]
    ./components/providers.tsx [Server Component]
    ./app/layout.tsx [Server Component] @ http://localhost:3005/_next/static/chunks/node_modules_next_dist_b0a279d5._.js:1945
[  314033ms] [ERROR] ./components/settings/theme-applier.tsx:4:1
Export DEFAULTS doesn't exist in target module
  2 |
  3 | import { useEffect } from 'react'
> 4 | import { applyThemeToDOM, DEFAULTS } from '@/hooks/use-settings'
    | ^^^^^^^^^^^^^^^^^^^^^^^^^^^^^^^^^^^^^^^^^^^^^^^^^^^^^^^^^^^^^^^^
  5 | import type { AppSettings } from '@/hooks/use-settings'
  6 |
  7 | // Runs once on mount across the whole app to apply persisted theme before first render flash

The export DEFAULTS was not found in module [project]/hooks/use-settings.ts [app-client] (ecmascript).
Did you mean to import useSettings?
All exports of the module are statically known (It doesn't have dynamic exports). So it's known statically that the requested export doesn't exist.

Import traces:
  Client Component Browser:
    ./components/settings/theme-applier.tsx [Client Component Browser]
    ./components/providers.tsx [Client Component Browser]
    ./components/providers.tsx [Server Component]
    ./app/layout.tsx [Server Component]

  Client Component SSR:
    ./components/settings/theme-applier.tsx [Client Component SSR]
    ./components/providers.tsx [Client Component SSR]
    ./components/providers.tsx [Server Component]
    ./app/layout.tsx [Server Component] @ http://localhost:3005/_next/static/chunks/node_modules_next_dist_b0a279d5._.js:1945
[  314033ms] [ERROR] ./components/settings/theme-applier.tsx:4:1
Export DEFAULTS doesn't exist in target module
  2 |
  3 | import { useEffect } from 'react'
> 4 | import { applyThemeToDOM, DEFAULTS } from '@/hooks/use-settings'
    | ^^^^^^^^^^^^^^^^^^^^^^^^^^^^^^^^^^^^^^^^^^^^^^^^^^^^^^^^^^^^^^^^
  5 | import type { AppSettings } from '@/hooks/use-settings'
  6 |
  7 | // Runs once on mount across the whole app to apply persisted theme before first render flash

The export DEFAULTS was not found in module [project]/hooks/use-settings.ts [app-ssr] (ecmascript).
Did you mean to import useSettings?
All exports of the module are statically known (It doesn't have dynamic exports). So it's known statically that the requested export doesn't exist.

Import traces:
  Client Component Browser:
    ./components/settings/theme-applier.tsx [Client Component Browser]
    ./components/providers.tsx [Client Component Browser]
    ./components/providers.tsx [Server Component]
    ./app/layout.tsx [Server Component]

  Client Component SSR:
    ./components/settings/theme-applier.tsx [Client Component SSR]
    ./components/providers.tsx [Client Component SSR]
    ./components/providers.tsx [Server Component]
    ./app/layout.tsx [Server Component] @ http://localhost:3005/_next/static/chunks/node_modules_next_dist_b0a279d5._.js:1945
[  314094ms] [ERROR] ./components/settings/theme-applier.tsx:4:1
Export DEFAULTS doesn't exist in target module
  2 |
  3 | import { useEffect } from 'react'
> 4 | import { applyThemeToDOM, DEFAULTS } from '@/hooks/use-settings'
    | ^^^^^^^^^^^^^^^^^^^^^^^^^^^^^^^^^^^^^^^^^^^^^^^^^^^^^^^^^^^^^^^^
  5 | import type { AppSettings } from '@/hooks/use-settings'
  6 |
  7 | // Runs once on mount across the whole app to apply persisted theme before first render flash

The export DEFAULTS was not found in module [project]/hooks/use-settings.ts [app-client] (ecmascript).
Did you mean to import useSettings?
All exports of the module are statically known (It doesn't have dynamic exports). So it's known statically that the requested export doesn't exist.

Import traces:
  Client Component Browser:
    ./components/settings/theme-applier.tsx [Client Component Browser]
    ./components/providers.tsx [Client Component Browser]
    ./components/providers.tsx [Server Component]
    ./app/layout.tsx [Server Component]

  Client Component SSR:
    ./components/settings/theme-applier.tsx [Client Component SSR]
    ./components/providers.tsx [Client Component SSR]
    ./components/providers.tsx [Server Component]
    ./app/layout.tsx [Server Component] @ http://localhost:3005/_next/static/chunks/node_modules_next_dist_b0a279d5._.js:1945
[  314094ms] [ERROR] ./components/settings/theme-applier.tsx:4:1
Export DEFAULTS doesn't exist in target module
  2 |
  3 | import { useEffect } from 'react'
> 4 | import { applyThemeToDOM, DEFAULTS } from '@/hooks/use-settings'
    | ^^^^^^^^^^^^^^^^^^^^^^^^^^^^^^^^^^^^^^^^^^^^^^^^^^^^^^^^^^^^^^^^
  5 | import type { AppSettings } from '@/hooks/use-settings'
  6 |
  7 | // Runs once on mount across the whole app to apply persisted theme before first render flash

The export DEFAULTS was not found in module [project]/hooks/use-settings.ts [app-ssr] (ecmascript).
Did you mean to import useSettings?
All exports of the module are statically known (It doesn't have dynamic exports). So it's known statically that the requested export doesn't exist.

Import traces:
  Client Component Browser:
    ./components/settings/theme-applier.tsx [Client Component Browser]
    ./components/providers.tsx [Client Component Browser]
    ./components/providers.tsx [Server Component]
    ./app/layout.tsx [Server Component]

  Client Component SSR:
    ./components/settings/theme-applier.tsx [Client Component SSR]
    ./components/providers.tsx [Client Component SSR]
    ./components/providers.tsx [Server Component]
    ./app/layout.tsx [Server Component] @ http://localhost:3005/_next/static/chunks/node_modules_next_dist_b0a279d5._.js:1945
[  314157ms] [ERROR] ./components/settings/theme-applier.tsx:4:1
Export DEFAULTS doesn't exist in target module
  2 |
  3 | import { useEffect } from 'react'
> 4 | import { applyThemeToDOM, DEFAULTS } from '@/hooks/use-settings'
    | ^^^^^^^^^^^^^^^^^^^^^^^^^^^^^^^^^^^^^^^^^^^^^^^^^^^^^^^^^^^^^^^^
  5 | import type { AppSettings } from '@/hooks/use-settings'
  6 |
  7 | // Runs once on mount across the whole app to apply persisted theme before first render flash

The export DEFAULTS was not found in module [project]/hooks/use-settings.ts [app-client] (ecmascript).
Did you mean to import useSettings?
All exports of the module are statically known (It doesn't have dynamic exports). So it's known statically that the requested export doesn't exist.

Import traces:
  Client Component Browser:
    ./components/settings/theme-applier.tsx [Client Component Browser]
    ./components/providers.tsx [Client Component Browser]
    ./components/providers.tsx [Server Component]
    ./app/layout.tsx [Server Component]

  Client Component SSR:
    ./components/settings/theme-applier.tsx [Client Component SSR]
    ./components/providers.tsx [Client Component SSR]
    ./components/providers.tsx [Server Component]
    ./app/layout.tsx [Server Component] @ http://localhost:3005/_next/static/chunks/node_modules_next_dist_b0a279d5._.js:1945
[  314158ms] [ERROR] ./components/settings/theme-applier.tsx:4:1
Export DEFAULTS doesn't exist in target module
  2 |
  3 | import { useEffect } from 'react'
> 4 | import { applyThemeToDOM, DEFAULTS } from '@/hooks/use-settings'
    | ^^^^^^^^^^^^^^^^^^^^^^^^^^^^^^^^^^^^^^^^^^^^^^^^^^^^^^^^^^^^^^^^
  5 | import type { AppSettings } from '@/hooks/use-settings'
  6 |
  7 | // Runs once on mount across the whole app to apply persisted theme before first render flash

The export DEFAULTS was not found in module [project]/hooks/use-settings.ts [app-ssr] (ecmascript).
Did you mean to import useSettings?
All exports of the module are statically known (It doesn't have dynamic exports). So it's known statically that the requested export doesn't exist.

Import traces:
  Client Component Browser:
    ./components/settings/theme-applier.tsx [Client Component Browser]
    ./components/providers.tsx [Client Component Browser]
    ./components/providers.tsx [Server Component]
    ./app/layout.tsx [Server Component]

  Client Component SSR:
    ./components/settings/theme-applier.tsx [Client Component SSR]
    ./components/providers.tsx [Client Component SSR]
    ./components/providers.tsx [Server Component]
    ./app/layout.tsx [Server Component] @ http://localhost:3005/_next/static/chunks/node_modules_next_dist_b0a279d5._.js:1945
[  314219ms] [ERROR] ./components/settings/theme-applier.tsx:4:1
Export DEFAULTS doesn't exist in target module
  2 |
  3 | import { useEffect } from 'react'
> 4 | import { applyThemeToDOM, DEFAULTS } from '@/hooks/use-settings'
    | ^^^^^^^^^^^^^^^^^^^^^^^^^^^^^^^^^^^^^^^^^^^^^^^^^^^^^^^^^^^^^^^^
  5 | import type { AppSettings } from '@/hooks/use-settings'
  6 |
  7 | // Runs once on mount across the whole app to apply persisted theme before first render flash

The export DEFAULTS was not found in module [project]/hooks/use-settings.ts [app-client] (ecmascript).
Did you mean to import useSettings?
All exports of the module are statically known (It doesn't have dynamic exports). So it's known statically that the requested export doesn't exist.

Import traces:
  Client Component Browser:
    ./components/settings/theme-applier.tsx [Client Component Browser]
    ./components/providers.tsx [Client Component Browser]
    ./components/providers.tsx [Server Component]
    ./app/layout.tsx [Server Component]

  Client Component SSR:
    ./components/settings/theme-applier.tsx [Client Component SSR]
    ./components/providers.tsx [Client Component SSR]
    ./components/providers.tsx [Server Component]
    ./app/layout.tsx [Server Component] @ http://localhost:3005/_next/static/chunks/node_modules_next_dist_b0a279d5._.js:1945
[  314219ms] [ERROR] ./components/settings/theme-applier.tsx:4:1
Export DEFAULTS doesn't exist in target module
  2 |
  3 | import { useEffect } from 'react'
> 4 | import { applyThemeToDOM, DEFAULTS } from '@/hooks/use-settings'
    | ^^^^^^^^^^^^^^^^^^^^^^^^^^^^^^^^^^^^^^^^^^^^^^^^^^^^^^^^^^^^^^^^
  5 | import type { AppSettings } from '@/hooks/use-settings'
  6 |
  7 | // Runs once on mount across the whole app to apply persisted theme before first render flash

The export DEFAULTS was not found in module [project]/hooks/use-settings.ts [app-ssr] (ecmascript).
Did you mean to import useSettings?
All exports of the module are statically known (It doesn't have dynamic exports). So it's known statically that the requested export doesn't exist.

Import traces:
  Client Component Browser:
    ./components/settings/theme-applier.tsx [Client Component Browser]
    ./components/providers.tsx [Client Component Browser]
    ./components/providers.tsx [Server Component]
    ./app/layout.tsx [Server Component]

  Client Component SSR:
    ./components/settings/theme-applier.tsx [Client Component SSR]
    ./components/providers.tsx [Client Component SSR]
    ./components/providers.tsx [Server Component]
    ./app/layout.tsx [Server Component] @ http://localhost:3005/_next/static/chunks/node_modules_next_dist_b0a279d5._.js:1945
[  314279ms] [ERROR] ./components/settings/theme-applier.tsx:4:1
Export DEFAULTS doesn't exist in target module
  2 |
  3 | import { useEffect } from 'react'
> 4 | import { applyThemeToDOM, DEFAULTS } from '@/hooks/use-settings'
    | ^^^^^^^^^^^^^^^^^^^^^^^^^^^^^^^^^^^^^^^^^^^^^^^^^^^^^^^^^^^^^^^^
  5 | import type { AppSettings } from '@/hooks/use-settings'
  6 |
  7 | // Runs once on mount across the whole app to apply persisted theme before first render flash

The export DEFAULTS was not found in module [project]/hooks/use-settings.ts [app-client] (ecmascript).
Did you mean to import useSettings?
All exports of the module are statically known (It doesn't have dynamic exports). So it's known statically that the requested export doesn't exist.

Import traces:
  Client Component Browser:
    ./components/settings/theme-applier.tsx [Client Component Browser]
    ./components/providers.tsx [Client Component Browser]
    ./components/providers.tsx [Server Component]
    ./app/layout.tsx [Server Component]

  Client Component SSR:
    ./components/settings/theme-applier.tsx [Client Component SSR]
    ./components/providers.tsx [Client Component SSR]
    ./components/providers.tsx [Server Component]
    ./app/layout.tsx [Server Component] @ http://localhost:3005/_next/static/chunks/node_modules_next_dist_b0a279d5._.js:1945
[  314280ms] [ERROR] ./components/settings/theme-applier.tsx:4:1
Export DEFAULTS doesn't exist in target module
  2 |
  3 | import { useEffect } from 'react'
> 4 | import { applyThemeToDOM, DEFAULTS } from '@/hooks/use-settings'
    | ^^^^^^^^^^^^^^^^^^^^^^^^^^^^^^^^^^^^^^^^^^^^^^^^^^^^^^^^^^^^^^^^
  5 | import type { AppSettings } from '@/hooks/use-settings'
  6 |
  7 | // Runs once on mount across the whole app to apply persisted theme before first render flash

The export DEFAULTS was not found in module [project]/hooks/use-settings.ts [app-ssr] (ecmascript).
Did you mean to import useSettings?
All exports of the module are statically known (It doesn't have dynamic exports). So it's known statically that the requested export doesn't exist.

Import traces:
  Client Component Browser:
    ./components/settings/theme-applier.tsx [Client Component Browser]
    ./components/providers.tsx [Client Component Browser]
    ./components/providers.tsx [Server Component]
    ./app/layout.tsx [Server Component]

  Client Component SSR:
    ./components/settings/theme-applier.tsx [Client Component SSR]
    ./components/providers.tsx [Client Component SSR]
    ./components/providers.tsx [Server Component]
    ./app/layout.tsx [Server Component] @ http://localhost:3005/_next/static/chunks/node_modules_next_dist_b0a279d5._.js:1945
[  314344ms] [ERROR] ./components/settings/theme-applier.tsx:4:1
Export DEFAULTS doesn't exist in target module
  2 |
  3 | import { useEffect } from 'react'
> 4 | import { applyThemeToDOM, DEFAULTS } from '@/hooks/use-settings'
    | ^^^^^^^^^^^^^^^^^^^^^^^^^^^^^^^^^^^^^^^^^^^^^^^^^^^^^^^^^^^^^^^^
  5 | import type { AppSettings } from '@/hooks/use-settings'
  6 |
  7 | // Runs once on mount across the whole app to apply persisted theme before first render flash

The export DEFAULTS was not found in module [project]/hooks/use-settings.ts [app-client] (ecmascript).
Did you mean to import useSettings?
All exports of the module are statically known (It doesn't have dynamic exports). So it's known statically that the requested export doesn't exist.

Import traces:
  Client Component Browser:
    ./components/settings/theme-applier.tsx [Client Component Browser]
    ./components/providers.tsx [Client Component Browser]
    ./components/providers.tsx [Server Component]
    ./app/layout.tsx [Server Component]

  Client Component SSR:
    ./components/settings/theme-applier.tsx [Client Component SSR]
    ./components/providers.tsx [Client Component SSR]
    ./components/providers.tsx [Server Component]
    ./app/layout.tsx [Server Component] @ http://localhost:3005/_next/static/chunks/node_modules_next_dist_b0a279d5._.js:1945
[  314344ms] [ERROR] ./components/settings/theme-applier.tsx:4:1
Export DEFAULTS doesn't exist in target module
  2 |
  3 | import { useEffect } from 'react'
> 4 | import { applyThemeToDOM, DEFAULTS } from '@/hooks/use-settings'
    | ^^^^^^^^^^^^^^^^^^^^^^^^^^^^^^^^^^^^^^^^^^^^^^^^^^^^^^^^^^^^^^^^
  5 | import type { AppSettings } from '@/hooks/use-settings'
  6 |
  7 | // Runs once on mount across the whole app to apply persisted theme before first render flash

The export DEFAULTS was not found in module [project]/hooks/use-settings.ts [app-ssr] (ecmascript).
Did you mean to import useSettings?
All exports of the module are statically known (It doesn't have dynamic exports). So it's known statically that the requested export doesn't exist.

Import traces:
  Client Component Browser:
    ./components/settings/theme-applier.tsx [Client Component Browser]
    ./components/providers.tsx [Client Component Browser]
    ./components/providers.tsx [Server Component]
    ./app/layout.tsx [Server Component]

  Client Component SSR:
    ./components/settings/theme-applier.tsx [Client Component SSR]
    ./components/providers.tsx [Client Component SSR]
    ./components/providers.tsx [Server Component]
    ./app/layout.tsx [Server Component] @ http://localhost:3005/_next/static/chunks/node_modules_next_dist_b0a279d5._.js:1945
[  314408ms] [ERROR] ./components/settings/theme-applier.tsx:4:1
Export DEFAULTS doesn't exist in target module
  2 |
  3 | import { useEffect } from 'react'
> 4 | import { applyThemeToDOM, DEFAULTS } from '@/hooks/use-settings'
    | ^^^^^^^^^^^^^^^^^^^^^^^^^^^^^^^^^^^^^^^^^^^^^^^^^^^^^^^^^^^^^^^^
  5 | import type { AppSettings } from '@/hooks/use-settings'
  6 |
  7 | // Runs once on mount across the whole app to apply persisted theme before first render flash

The export DEFAULTS was not found in module [project]/hooks/use-settings.ts [app-client] (ecmascript).
Did you mean to import useSettings?
All exports of the module are statically known (It doesn't have dynamic exports). So it's known statically that the requested export doesn't exist.

Import traces:
  Client Component Browser:
    ./components/settings/theme-applier.tsx [Client Component Browser]
    ./components/providers.tsx [Client Component Browser]
    ./components/providers.tsx [Server Component]
    ./app/layout.tsx [Server Component]

  Client Component SSR:
    ./components/settings/theme-applier.tsx [Client Component SSR]
    ./components/providers.tsx [Client Component SSR]
    ./components/providers.tsx [Server Component]
    ./app/layout.tsx [Server Component] @ http://localhost:3005/_next/static/chunks/node_modules_next_dist_b0a279d5._.js:1945
[  314408ms] [ERROR] ./components/settings/theme-applier.tsx:4:1
Export DEFAULTS doesn't exist in target module
  2 |
  3 | import { useEffect } from 'react'
> 4 | import { applyThemeToDOM, DEFAULTS } from '@/hooks/use-settings'
    | ^^^^^^^^^^^^^^^^^^^^^^^^^^^^^^^^^^^^^^^^^^^^^^^^^^^^^^^^^^^^^^^^
  5 | import type { AppSettings } from '@/hooks/use-settings'
  6 |
  7 | // Runs once on mount across the whole app to apply persisted theme before first render flash

The export DEFAULTS was not found in module [project]/hooks/use-settings.ts [app-ssr] (ecmascript).
Did you mean to import useSettings?
All exports of the module are statically known (It doesn't have dynamic exports). So it's known statically that the requested export doesn't exist.

Import traces:
  Client Component Browser:
    ./components/settings/theme-applier.tsx [Client Component Browser]
    ./components/providers.tsx [Client Component Browser]
    ./components/providers.tsx [Server Component]
    ./app/layout.tsx [Server Component]

  Client Component SSR:
    ./components/settings/theme-applier.tsx [Client Component SSR]
    ./components/providers.tsx [Client Component SSR]
    ./components/providers.tsx [Server Component]
    ./app/layout.tsx [Server Component] @ http://localhost:3005/_next/static/chunks/node_modules_next_dist_b0a279d5._.js:1945
[  314469ms] [ERROR] ./components/settings/theme-applier.tsx:4:1
Export DEFAULTS doesn't exist in target module
  2 |
  3 | import { useEffect } from 'react'
> 4 | import { applyThemeToDOM, DEFAULTS } from '@/hooks/use-settings'
    | ^^^^^^^^^^^^^^^^^^^^^^^^^^^^^^^^^^^^^^^^^^^^^^^^^^^^^^^^^^^^^^^^
  5 | import type { AppSettings } from '@/hooks/use-settings'
  6 |
  7 | // Runs once on mount across the whole app to apply persisted theme before first render flash

The export DEFAULTS was not found in module [project]/hooks/use-settings.ts [app-client] (ecmascript).
Did you mean to import useSettings?
All exports of the module are statically known (It doesn't have dynamic exports). So it's known statically that the requested export doesn't exist.

Import traces:
  Client Component Browser:
    ./components/settings/theme-applier.tsx [Client Component Browser]
    ./components/providers.tsx [Client Component Browser]
    ./components/providers.tsx [Server Component]
    ./app/layout.tsx [Server Component]

  Client Component SSR:
    ./components/settings/theme-applier.tsx [Client Component SSR]
    ./components/providers.tsx [Client Component SSR]
    ./components/providers.tsx [Server Component]
    ./app/layout.tsx [Server Component] @ http://localhost:3005/_next/static/chunks/node_modules_next_dist_b0a279d5._.js:1945
[  314469ms] [ERROR] ./components/settings/theme-applier.tsx:4:1
Export DEFAULTS doesn't exist in target module
  2 |
  3 | import { useEffect } from 'react'
> 4 | import { applyThemeToDOM, DEFAULTS } from '@/hooks/use-settings'
    | ^^^^^^^^^^^^^^^^^^^^^^^^^^^^^^^^^^^^^^^^^^^^^^^^^^^^^^^^^^^^^^^^
  5 | import type { AppSettings } from '@/hooks/use-settings'
  6 |
  7 | // Runs once on mount across the whole app to apply persisted theme before first render flash

The export DEFAULTS was not found in module [project]/hooks/use-settings.ts [app-ssr] (ecmascript).
Did you mean to import useSettings?
All exports of the module are statically known (It doesn't have dynamic exports). So it's known statically that the requested export doesn't exist.

Import traces:
  Client Component Browser:
    ./components/settings/theme-applier.tsx [Client Component Browser]
    ./components/providers.tsx [Client Component Browser]
    ./components/providers.tsx [Server Component]
    ./app/layout.tsx [Server Component]

  Client Component SSR:
    ./components/settings/theme-applier.tsx [Client Component SSR]
    ./components/providers.tsx [Client Component SSR]
    ./components/providers.tsx [Server Component]
    ./app/layout.tsx [Server Component] @ http://localhost:3005/_next/static/chunks/node_modules_next_dist_b0a279d5._.js:1945
[  314530ms] [ERROR] ./components/settings/theme-applier.tsx:4:1
Export DEFAULTS doesn't exist in target module
  2 |
  3 | import { useEffect } from 'react'
> 4 | import { applyThemeToDOM, DEFAULTS } from '@/hooks/use-settings'
    | ^^^^^^^^^^^^^^^^^^^^^^^^^^^^^^^^^^^^^^^^^^^^^^^^^^^^^^^^^^^^^^^^
  5 | import type { AppSettings } from '@/hooks/use-settings'
  6 |
  7 | // Runs once on mount across the whole app to apply persisted theme before first render flash

The export DEFAULTS was not found in module [project]/hooks/use-settings.ts [app-client] (ecmascript).
Did you mean to import useSettings?
All exports of the module are statically known (It doesn't have dynamic exports). So it's known statically that the requested export doesn't exist.

Import traces:
  Client Component Browser:
    ./components/settings/theme-applier.tsx [Client Component Browser]
    ./components/providers.tsx [Client Component Browser]
    ./components/providers.tsx [Server Component]
    ./app/layout.tsx [Server Component]

  Client Component SSR:
    ./components/settings/theme-applier.tsx [Client Component SSR]
    ./components/providers.tsx [Client Component SSR]
    ./components/providers.tsx [Server Component]
    ./app/layout.tsx [Server Component] @ http://localhost:3005/_next/static/chunks/node_modules_next_dist_b0a279d5._.js:1945
[  314530ms] [ERROR] ./components/settings/theme-applier.tsx:4:1
Export DEFAULTS doesn't exist in target module
  2 |
  3 | import { useEffect } from 'react'
> 4 | import { applyThemeToDOM, DEFAULTS } from '@/hooks/use-settings'
    | ^^^^^^^^^^^^^^^^^^^^^^^^^^^^^^^^^^^^^^^^^^^^^^^^^^^^^^^^^^^^^^^^
  5 | import type { AppSettings } from '@/hooks/use-settings'
  6 |
  7 | // Runs once on mount across the whole app to apply persisted theme before first render flash

The export DEFAULTS was not found in module [project]/hooks/use-settings.ts [app-ssr] (ecmascript).
Did you mean to import useSettings?
All exports of the module are statically known (It doesn't have dynamic exports). So it's known statically that the requested export doesn't exist.

Import traces:
  Client Component Browser:
    ./components/settings/theme-applier.tsx [Client Component Browser]
    ./components/providers.tsx [Client Component Browser]
    ./components/providers.tsx [Server Component]
    ./app/layout.tsx [Server Component]

  Client Component SSR:
    ./components/settings/theme-applier.tsx [Client Component SSR]
    ./components/providers.tsx [Client Component SSR]
    ./components/providers.tsx [Server Component]
    ./app/layout.tsx [Server Component] @ http://localhost:3005/_next/static/chunks/node_modules_next_dist_b0a279d5._.js:1945
[  314593ms] [ERROR] ./components/settings/theme-applier.tsx:4:1
Export DEFAULTS doesn't exist in target module
  2 |
  3 | import { useEffect } from 'react'
> 4 | import { applyThemeToDOM, DEFAULTS } from '@/hooks/use-settings'
    | ^^^^^^^^^^^^^^^^^^^^^^^^^^^^^^^^^^^^^^^^^^^^^^^^^^^^^^^^^^^^^^^^
  5 | import type { AppSettings } from '@/hooks/use-settings'
  6 |
  7 | // Runs once on mount across the whole app to apply persisted theme before first render flash

The export DEFAULTS was not found in module [project]/hooks/use-settings.ts [app-client] (ecmascript).
Did you mean to import useSettings?
All exports of the module are statically known (It doesn't have dynamic exports). So it's known statically that the requested export doesn't exist.

Import traces:
  Client Component Browser:
    ./components/settings/theme-applier.tsx [Client Component Browser]
    ./components/providers.tsx [Client Component Browser]
    ./components/providers.tsx [Server Component]
    ./app/layout.tsx [Server Component]

  Client Component SSR:
    ./components/settings/theme-applier.tsx [Client Component SSR]
    ./components/providers.tsx [Client Component SSR]
    ./components/providers.tsx [Server Component]
    ./app/layout.tsx [Server Component] @ http://localhost:3005/_next/static/chunks/node_modules_next_dist_b0a279d5._.js:1945
[  314593ms] [ERROR] ./components/settings/theme-applier.tsx:4:1
Export DEFAULTS doesn't exist in target module
  2 |
  3 | import { useEffect } from 'react'
> 4 | import { applyThemeToDOM, DEFAULTS } from '@/hooks/use-settings'
    | ^^^^^^^^^^^^^^^^^^^^^^^^^^^^^^^^^^^^^^^^^^^^^^^^^^^^^^^^^^^^^^^^
  5 | import type { AppSettings } from '@/hooks/use-settings'
  6 |
  7 | // Runs once on mount across the whole app to apply persisted theme before first render flash

The export DEFAULTS was not found in module [project]/hooks/use-settings.ts [app-ssr] (ecmascript).
Did you mean to import useSettings?
All exports of the module are statically known (It doesn't have dynamic exports). So it's known statically that the requested export doesn't exist.

Import traces:
  Client Component Browser:
    ./components/settings/theme-applier.tsx [Client Component Browser]
    ./components/providers.tsx [Client Component Browser]
    ./components/providers.tsx [Server Component]
    ./app/layout.tsx [Server Component]

  Client Component SSR:
    ./components/settings/theme-applier.tsx [Client Component SSR]
    ./components/providers.tsx [Client Component SSR]
    ./components/providers.tsx [Server Component]
    ./app/layout.tsx [Server Component] @ http://localhost:3005/_next/static/chunks/node_modules_next_dist_b0a279d5._.js:1945
[  314655ms] [ERROR] ./components/settings/theme-applier.tsx:4:1
Export DEFAULTS doesn't exist in target module
  2 |
  3 | import { useEffect } from 'react'
> 4 | import { applyThemeToDOM, DEFAULTS } from '@/hooks/use-settings'
    | ^^^^^^^^^^^^^^^^^^^^^^^^^^^^^^^^^^^^^^^^^^^^^^^^^^^^^^^^^^^^^^^^
  5 | import type { AppSettings } from '@/hooks/use-settings'
  6 |
  7 | // Runs once on mount across the whole app to apply persisted theme before first render flash

The export DEFAULTS was not found in module [project]/hooks/use-settings.ts [app-client] (ecmascript).
Did you mean to import useSettings?
All exports of the module are statically known (It doesn't have dynamic exports). So it's known statically that the requested export doesn't exist.

Import traces:
  Client Component Browser:
    ./components/settings/theme-applier.tsx [Client Component Browser]
    ./components/providers.tsx [Client Component Browser]
    ./components/providers.tsx [Server Component]
    ./app/layout.tsx [Server Component]

  Client Component SSR:
    ./components/settings/theme-applier.tsx [Client Component SSR]
    ./components/providers.tsx [Client Component SSR]
    ./components/providers.tsx [Server Component]
    ./app/layout.tsx [Server Component] @ http://localhost:3005/_next/static/chunks/node_modules_next_dist_b0a279d5._.js:1945
[  314655ms] [ERROR] ./components/settings/theme-applier.tsx:4:1
Export DEFAULTS doesn't exist in target module
  2 |
  3 | import { useEffect } from 'react'
> 4 | import { applyThemeToDOM, DEFAULTS } from '@/hooks/use-settings'
    | ^^^^^^^^^^^^^^^^^^^^^^^^^^^^^^^^^^^^^^^^^^^^^^^^^^^^^^^^^^^^^^^^
  5 | import type { AppSettings } from '@/hooks/use-settings'
  6 |
  7 | // Runs once on mount across the whole app to apply persisted theme before first render flash

The export DEFAULTS was not found in module [project]/hooks/use-settings.ts [app-ssr] (ecmascript).
Did you mean to import useSettings?
All exports of the module are statically known (It doesn't have dynamic exports). So it's known statically that the requested export doesn't exist.

Import traces:
  Client Component Browser:
    ./components/settings/theme-applier.tsx [Client Component Browser]
    ./components/providers.tsx [Client Component Browser]
    ./components/providers.tsx [Server Component]
    ./app/layout.tsx [Server Component]

  Client Component SSR:
    ./components/settings/theme-applier.tsx [Client Component SSR]
    ./components/providers.tsx [Client Component SSR]
    ./components/providers.tsx [Server Component]
    ./app/layout.tsx [Server Component] @ http://localhost:3005/_next/static/chunks/node_modules_next_dist_b0a279d5._.js:1945
[  314717ms] [ERROR] ./components/settings/theme-applier.tsx:4:1
Export DEFAULTS doesn't exist in target module
  2 |
  3 | import { useEffect } from 'react'
> 4 | import { applyThemeToDOM, DEFAULTS } from '@/hooks/use-settings'
    | ^^^^^^^^^^^^^^^^^^^^^^^^^^^^^^^^^^^^^^^^^^^^^^^^^^^^^^^^^^^^^^^^
  5 | import type { AppSettings } from '@/hooks/use-settings'
  6 |
  7 | // Runs once on mount across the whole app to apply persisted theme before first render flash

The export DEFAULTS was not found in module [project]/hooks/use-settings.ts [app-client] (ecmascript).
Did you mean to import useSettings?
All exports of the module are statically known (It doesn't have dynamic exports). So it's known statically that the requested export doesn't exist.

Import traces:
  Client Component Browser:
    ./components/settings/theme-applier.tsx [Client Component Browser]
    ./components/providers.tsx [Client Component Browser]
    ./components/providers.tsx [Server Component]
    ./app/layout.tsx [Server Component]

  Client Component SSR:
    ./components/settings/theme-applier.tsx [Client Component SSR]
    ./components/providers.tsx [Client Component SSR]
    ./components/providers.tsx [Server Component]
    ./app/layout.tsx [Server Component] @ http://localhost:3005/_next/static/chunks/node_modules_next_dist_b0a279d5._.js:1945
[  314718ms] [ERROR] ./components/settings/theme-applier.tsx:4:1
Export DEFAULTS doesn't exist in target module
  2 |
  3 | import { useEffect } from 'react'
> 4 | import { applyThemeToDOM, DEFAULTS } from '@/hooks/use-settings'
    | ^^^^^^^^^^^^^^^^^^^^^^^^^^^^^^^^^^^^^^^^^^^^^^^^^^^^^^^^^^^^^^^^
  5 | import type { AppSettings } from '@/hooks/use-settings'
  6 |
  7 | // Runs once on mount across the whole app to apply persisted theme before first render flash

The export DEFAULTS was not found in module [project]/hooks/use-settings.ts [app-ssr] (ecmascript).
Did you mean to import useSettings?
All exports of the module are statically known (It doesn't have dynamic exports). So it's known statically that the requested export doesn't exist.

Import traces:
  Client Component Browser:
    ./components/settings/theme-applier.tsx [Client Component Browser]
    ./components/providers.tsx [Client Component Browser]
    ./components/providers.tsx [Server Component]
    ./app/layout.tsx [Server Component]

  Client Component SSR:
    ./components/settings/theme-applier.tsx [Client Component SSR]
    ./components/providers.tsx [Client Component SSR]
    ./components/providers.tsx [Server Component]
    ./app/layout.tsx [Server Component] @ http://localhost:3005/_next/static/chunks/node_modules_next_dist_b0a279d5._.js:1945
[  314779ms] [ERROR] ./components/settings/theme-applier.tsx:4:1
Export DEFAULTS doesn't exist in target module
  2 |
  3 | import { useEffect } from 'react'
> 4 | import { applyThemeToDOM, DEFAULTS } from '@/hooks/use-settings'
    | ^^^^^^^^^^^^^^^^^^^^^^^^^^^^^^^^^^^^^^^^^^^^^^^^^^^^^^^^^^^^^^^^
  5 | import type { AppSettings } from '@/hooks/use-settings'
  6 |
  7 | // Runs once on mount across the whole app to apply persisted theme before first render flash

The export DEFAULTS was not found in module [project]/hooks/use-settings.ts [app-client] (ecmascript).
Did you mean to import useSettings?
All exports of the module are statically known (It doesn't have dynamic exports). So it's known statically that the requested export doesn't exist.

Import traces:
  Client Component Browser:
    ./components/settings/theme-applier.tsx [Client Component Browser]
    ./components/providers.tsx [Client Component Browser]
    ./components/providers.tsx [Server Component]
    ./app/layout.tsx [Server Component]

  Client Component SSR:
    ./components/settings/theme-applier.tsx [Client Component SSR]
    ./components/providers.tsx [Client Component SSR]
    ./components/providers.tsx [Server Component]
    ./app/layout.tsx [Server Component] @ http://localhost:3005/_next/static/chunks/node_modules_next_dist_b0a279d5._.js:1945
[  314779ms] [ERROR] ./components/settings/theme-applier.tsx:4:1
Export DEFAULTS doesn't exist in target module
  2 |
  3 | import { useEffect } from 'react'
> 4 | import { applyThemeToDOM, DEFAULTS } from '@/hooks/use-settings'
    | ^^^^^^^^^^^^^^^^^^^^^^^^^^^^^^^^^^^^^^^^^^^^^^^^^^^^^^^^^^^^^^^^
  5 | import type { AppSettings } from '@/hooks/use-settings'
  6 |
  7 | // Runs once on mount across the whole app to apply persisted theme before first render flash

The export DEFAULTS was not found in module [project]/hooks/use-settings.ts [app-ssr] (ecmascript).
Did you mean to import useSettings?
All exports of the module are statically known (It doesn't have dynamic exports). So it's known statically that the requested export doesn't exist.

Import traces:
  Client Component Browser:
    ./components/settings/theme-applier.tsx [Client Component Browser]
    ./components/providers.tsx [Client Component Browser]
    ./components/providers.tsx [Server Component]
    ./app/layout.tsx [Server Component]

  Client Component SSR:
    ./components/settings/theme-applier.tsx [Client Component SSR]
    ./components/providers.tsx [Client Component SSR]
    ./components/providers.tsx [Server Component]
    ./app/layout.tsx [Server Component] @ http://localhost:3005/_next/static/chunks/node_modules_next_dist_b0a279d5._.js:1945
[  314842ms] [ERROR] ./components/settings/theme-applier.tsx:4:1
Export DEFAULTS doesn't exist in target module
  2 |
  3 | import { useEffect } from 'react'
> 4 | import { applyThemeToDOM, DEFAULTS } from '@/hooks/use-settings'
    | ^^^^^^^^^^^^^^^^^^^^^^^^^^^^^^^^^^^^^^^^^^^^^^^^^^^^^^^^^^^^^^^^
  5 | import type { AppSettings } from '@/hooks/use-settings'
  6 |
  7 | // Runs once on mount across the whole app to apply persisted theme before first render flash

The export DEFAULTS was not found in module [project]/hooks/use-settings.ts [app-client] (ecmascript).
Did you mean to import useSettings?
All exports of the module are statically known (It doesn't have dynamic exports). So it's known statically that the requested export doesn't exist.

Import traces:
  Client Component Browser:
    ./components/settings/theme-applier.tsx [Client Component Browser]
    ./components/providers.tsx [Client Component Browser]
    ./components/providers.tsx [Server Component]
    ./app/layout.tsx [Server Component]

  Client Component SSR:
    ./components/settings/theme-applier.tsx [Client Component SSR]
    ./components/providers.tsx [Client Component SSR]
    ./components/providers.tsx [Server Component]
    ./app/layout.tsx [Server Component] @ http://localhost:3005/_next/static/chunks/node_modules_next_dist_b0a279d5._.js:1945
[  314843ms] [ERROR] ./components/settings/theme-applier.tsx:4:1
Export DEFAULTS doesn't exist in target module
  2 |
  3 | import { useEffect } from 'react'
> 4 | import { applyThemeToDOM, DEFAULTS } from '@/hooks/use-settings'
    | ^^^^^^^^^^^^^^^^^^^^^^^^^^^^^^^^^^^^^^^^^^^^^^^^^^^^^^^^^^^^^^^^
  5 | import type { AppSettings } from '@/hooks/use-settings'
  6 |
  7 | // Runs once on mount across the whole app to apply persisted theme before first render flash

The export DEFAULTS was not found in module [project]/hooks/use-settings.ts [app-ssr] (ecmascript).
Did you mean to import useSettings?
All exports of the module are statically known (It doesn't have dynamic exports). So it's known statically that the requested export doesn't exist.

Import traces:
  Client Component Browser:
    ./components/settings/theme-applier.tsx [Client Component Browser]
    ./components/providers.tsx [Client Component Browser]
    ./components/providers.tsx [Server Component]
    ./app/layout.tsx [Server Component]

  Client Component SSR:
    ./components/settings/theme-applier.tsx [Client Component SSR]
    ./components/providers.tsx [Client Component SSR]
    ./components/providers.tsx [Server Component]
    ./app/layout.tsx [Server Component] @ http://localhost:3005/_next/static/chunks/node_modules_next_dist_b0a279d5._.js:1945
[  314904ms] [ERROR] ./components/settings/theme-applier.tsx:4:1
Export DEFAULTS doesn't exist in target module
  2 |
  3 | import { useEffect } from 'react'
> 4 | import { applyThemeToDOM, DEFAULTS } from '@/hooks/use-settings'
    | ^^^^^^^^^^^^^^^^^^^^^^^^^^^^^^^^^^^^^^^^^^^^^^^^^^^^^^^^^^^^^^^^
  5 | import type { AppSettings } from '@/hooks/use-settings'
  6 |
  7 | // Runs once on mount across the whole app to apply persisted theme before first render flash

The export DEFAULTS was not found in module [project]/hooks/use-settings.ts [app-client] (ecmascript).
Did you mean to import useSettings?
All exports of the module are statically known (It doesn't have dynamic exports). So it's known statically that the requested export doesn't exist.

Import traces:
  Client Component Browser:
    ./components/settings/theme-applier.tsx [Client Component Browser]
    ./components/providers.tsx [Client Component Browser]
    ./components/providers.tsx [Server Component]
    ./app/layout.tsx [Server Component]

  Client Component SSR:
    ./components/settings/theme-applier.tsx [Client Component SSR]
    ./components/providers.tsx [Client Component SSR]
    ./components/providers.tsx [Server Component]
    ./app/layout.tsx [Server Component] @ http://localhost:3005/_next/static/chunks/node_modules_next_dist_b0a279d5._.js:1945
[  314904ms] [ERROR] ./components/settings/theme-applier.tsx:4:1
Export DEFAULTS doesn't exist in target module
  2 |
  3 | import { useEffect } from 'react'
> 4 | import { applyThemeToDOM, DEFAULTS } from '@/hooks/use-settings'
    | ^^^^^^^^^^^^^^^^^^^^^^^^^^^^^^^^^^^^^^^^^^^^^^^^^^^^^^^^^^^^^^^^
  5 | import type { AppSettings } from '@/hooks/use-settings'
  6 |
  7 | // Runs once on mount across the whole app to apply persisted theme before first render flash

The export DEFAULTS was not found in module [project]/hooks/use-settings.ts [app-ssr] (ecmascript).
Did you mean to import useSettings?
All exports of the module are statically known (It doesn't have dynamic exports). So it's known statically that the requested export doesn't exist.

Import traces:
  Client Component Browser:
    ./components/settings/theme-applier.tsx [Client Component Browser]
    ./components/providers.tsx [Client Component Browser]
    ./components/providers.tsx [Server Component]
    ./app/layout.tsx [Server Component]

  Client Component SSR:
    ./components/settings/theme-applier.tsx [Client Component SSR]
    ./components/providers.tsx [Client Component SSR]
    ./components/providers.tsx [Server Component]
    ./app/layout.tsx [Server Component] @ http://localhost:3005/_next/static/chunks/node_modules_next_dist_b0a279d5._.js:1945
[  314969ms] [ERROR] ./components/settings/theme-applier.tsx:4:1
Export DEFAULTS doesn't exist in target module
  2 |
  3 | import { useEffect } from 'react'
> 4 | import { applyThemeToDOM, DEFAULTS } from '@/hooks/use-settings'
    | ^^^^^^^^^^^^^^^^^^^^^^^^^^^^^^^^^^^^^^^^^^^^^^^^^^^^^^^^^^^^^^^^
  5 | import type { AppSettings } from '@/hooks/use-settings'
  6 |
  7 | // Runs once on mount across the whole app to apply persisted theme before first render flash

The export DEFAULTS was not found in module [project]/hooks/use-settings.ts [app-client] (ecmascript).
Did you mean to import useSettings?
All exports of the module are statically known (It doesn't have dynamic exports). So it's known statically that the requested export doesn't exist.

Import traces:
  Client Component Browser:
    ./components/settings/theme-applier.tsx [Client Component Browser]
    ./components/providers.tsx [Client Component Browser]
    ./components/providers.tsx [Server Component]
    ./app/layout.tsx [Server Component]

  Client Component SSR:
    ./components/settings/theme-applier.tsx [Client Component SSR]
    ./components/providers.tsx [Client Component SSR]
    ./components/providers.tsx [Server Component]
    ./app/layout.tsx [Server Component] @ http://localhost:3005/_next/static/chunks/node_modules_next_dist_b0a279d5._.js:1945
[  314969ms] [ERROR] ./components/settings/theme-applier.tsx:4:1
Export DEFAULTS doesn't exist in target module
  2 |
  3 | import { useEffect } from 'react'
> 4 | import { applyThemeToDOM, DEFAULTS } from '@/hooks/use-settings'
    | ^^^^^^^^^^^^^^^^^^^^^^^^^^^^^^^^^^^^^^^^^^^^^^^^^^^^^^^^^^^^^^^^
  5 | import type { AppSettings } from '@/hooks/use-settings'
  6 |
  7 | // Runs once on mount across the whole app to apply persisted theme before first render flash

The export DEFAULTS was not found in module [project]/hooks/use-settings.ts [app-ssr] (ecmascript).
Did you mean to import useSettings?
All exports of the module are statically known (It doesn't have dynamic exports). So it's known statically that the requested export doesn't exist.

Import traces:
  Client Component Browser:
    ./components/settings/theme-applier.tsx [Client Component Browser]
    ./components/providers.tsx [Client Component Browser]
    ./components/providers.tsx [Server Component]
    ./app/layout.tsx [Server Component]

  Client Component SSR:
    ./components/settings/theme-applier.tsx [Client Component SSR]
    ./components/providers.tsx [Client Component SSR]
    ./components/providers.tsx [Server Component]
    ./app/layout.tsx [Server Component] @ http://localhost:3005/_next/static/chunks/node_modules_next_dist_b0a279d5._.js:1945
[  315030ms] [ERROR] ./components/settings/theme-applier.tsx:4:1
Export DEFAULTS doesn't exist in target module
  2 |
  3 | import { useEffect } from 'react'
> 4 | import { applyThemeToDOM, DEFAULTS } from '@/hooks/use-settings'
    | ^^^^^^^^^^^^^^^^^^^^^^^^^^^^^^^^^^^^^^^^^^^^^^^^^^^^^^^^^^^^^^^^
  5 | import type { AppSettings } from '@/hooks/use-settings'
  6 |
  7 | // Runs once on mount across the whole app to apply persisted theme before first render flash

The export DEFAULTS was not found in module [project]/hooks/use-settings.ts [app-client] (ecmascript).
Did you mean to import useSettings?
All exports of the module are statically known (It doesn't have dynamic exports). So it's known statically that the requested export doesn't exist.

Import traces:
  Client Component Browser:
    ./components/settings/theme-applier.tsx [Client Component Browser]
    ./components/providers.tsx [Client Component Browser]
    ./components/providers.tsx [Server Component]
    ./app/layout.tsx [Server Component]

  Client Component SSR:
    ./components/settings/theme-applier.tsx [Client Component SSR]
    ./components/providers.tsx [Client Component SSR]
    ./components/providers.tsx [Server Component]
    ./app/layout.tsx [Server Component] @ http://localhost:3005/_next/static/chunks/node_modules_next_dist_b0a279d5._.js:1945
[  315030ms] [ERROR] ./components/settings/theme-applier.tsx:4:1
Export DEFAULTS doesn't exist in target module
  2 |
  3 | import { useEffect } from 'react'
> 4 | import { applyThemeToDOM, DEFAULTS } from '@/hooks/use-settings'
    | ^^^^^^^^^^^^^^^^^^^^^^^^^^^^^^^^^^^^^^^^^^^^^^^^^^^^^^^^^^^^^^^^
  5 | import type { AppSettings } from '@/hooks/use-settings'
  6 |
  7 | // Runs once on mount across the whole app to apply persisted theme before first render flash

The export DEFAULTS was not found in module [project]/hooks/use-settings.ts [app-ssr] (ecmascript).
Did you mean to import useSettings?
All exports of the module are statically known (It doesn't have dynamic exports). So it's known statically that the requested export doesn't exist.

Import traces:
  Client Component Browser:
    ./components/settings/theme-applier.tsx [Client Component Browser]
    ./components/providers.tsx [Client Component Browser]
    ./components/providers.tsx [Server Component]
    ./app/layout.tsx [Server Component]

  Client Component SSR:
    ./components/settings/theme-applier.tsx [Client Component SSR]
    ./components/providers.tsx [Client Component SSR]
    ./components/providers.tsx [Server Component]
    ./app/layout.tsx [Server Component] @ http://localhost:3005/_next/static/chunks/node_modules_next_dist_b0a279d5._.js:1945
[  315093ms] [ERROR] ./components/settings/theme-applier.tsx:4:1
Export DEFAULTS doesn't exist in target module
  2 |
  3 | import { useEffect } from 'react'
> 4 | import { applyThemeToDOM, DEFAULTS } from '@/hooks/use-settings'
    | ^^^^^^^^^^^^^^^^^^^^^^^^^^^^^^^^^^^^^^^^^^^^^^^^^^^^^^^^^^^^^^^^
  5 | import type { AppSettings } from '@/hooks/use-settings'
  6 |
  7 | // Runs once on mount across the whole app to apply persisted theme before first render flash

The export DEFAULTS was not found in module [project]/hooks/use-settings.ts [app-client] (ecmascript).
Did you mean to import useSettings?
All exports of the module are statically known (It doesn't have dynamic exports). So it's known statically that the requested export doesn't exist.

Import traces:
  Client Component Browser:
    ./components/settings/theme-applier.tsx [Client Component Browser]
    ./components/providers.tsx [Client Component Browser]
    ./components/providers.tsx [Server Component]
    ./app/layout.tsx [Server Component]

  Client Component SSR:
    ./components/settings/theme-applier.tsx [Client Component SSR]
    ./components/providers.tsx [Client Component SSR]
    ./components/providers.tsx [Server Component]
    ./app/layout.tsx [Server Component] @ http://localhost:3005/_next/static/chunks/node_modules_next_dist_b0a279d5._.js:1945
[  315093ms] [ERROR] ./components/settings/theme-applier.tsx:4:1
Export DEFAULTS doesn't exist in target module
  2 |
  3 | import { useEffect } from 'react'
> 4 | import { applyThemeToDOM, DEFAULTS } from '@/hooks/use-settings'
    | ^^^^^^^^^^^^^^^^^^^^^^^^^^^^^^^^^^^^^^^^^^^^^^^^^^^^^^^^^^^^^^^^
  5 | import type { AppSettings } from '@/hooks/use-settings'
  6 |
  7 | // Runs once on mount across the whole app to apply persisted theme before first render flash

The export DEFAULTS was not found in module [project]/hooks/use-settings.ts [app-ssr] (ecmascript).
Did you mean to import useSettings?
All exports of the module are statically known (It doesn't have dynamic exports). So it's known statically that the requested export doesn't exist.

Import traces:
  Client Component Browser:
    ./components/settings/theme-applier.tsx [Client Component Browser]
    ./components/providers.tsx [Client Component Browser]
    ./components/providers.tsx [Server Component]
    ./app/layout.tsx [Server Component]

  Client Component SSR:
    ./components/settings/theme-applier.tsx [Client Component SSR]
    ./components/providers.tsx [Client Component SSR]
    ./components/providers.tsx [Server Component]
    ./app/layout.tsx [Server Component] @ http://localhost:3005/_next/static/chunks/node_modules_next_dist_b0a279d5._.js:1945
[  315156ms] [ERROR] ./components/settings/theme-applier.tsx:4:1
Export DEFAULTS doesn't exist in target module
  2 |
  3 | import { useEffect } from 'react'
> 4 | import { applyThemeToDOM, DEFAULTS } from '@/hooks/use-settings'
    | ^^^^^^^^^^^^^^^^^^^^^^^^^^^^^^^^^^^^^^^^^^^^^^^^^^^^^^^^^^^^^^^^
  5 | import type { AppSettings } from '@/hooks/use-settings'
  6 |
  7 | // Runs once on mount across the whole app to apply persisted theme before first render flash

The export DEFAULTS was not found in module [project]/hooks/use-settings.ts [app-client] (ecmascript).
Did you mean to import useSettings?
All exports of the module are statically known (It doesn't have dynamic exports). So it's known statically that the requested export doesn't exist.

Import traces:
  Client Component Browser:
    ./components/settings/theme-applier.tsx [Client Component Browser]
    ./components/providers.tsx [Client Component Browser]
    ./components/providers.tsx [Server Component]
    ./app/layout.tsx [Server Component]

  Client Component SSR:
    ./components/settings/theme-applier.tsx [Client Component SSR]
    ./components/providers.tsx [Client Component SSR]
    ./components/providers.tsx [Server Component]
    ./app/layout.tsx [Server Component] @ http://localhost:3005/_next/static/chunks/node_modules_next_dist_b0a279d5._.js:1945
[  315157ms] [ERROR] ./components/settings/theme-applier.tsx:4:1
Export DEFAULTS doesn't exist in target module
  2 |
  3 | import { useEffect } from 'react'
> 4 | import { applyThemeToDOM, DEFAULTS } from '@/hooks/use-settings'
    | ^^^^^^^^^^^^^^^^^^^^^^^^^^^^^^^^^^^^^^^^^^^^^^^^^^^^^^^^^^^^^^^^
  5 | import type { AppSettings } from '@/hooks/use-settings'
  6 |
  7 | // Runs once on mount across the whole app to apply persisted theme before first render flash

The export DEFAULTS was not found in module [project]/hooks/use-settings.ts [app-ssr] (ecmascript).
Did you mean to import useSettings?
All exports of the module are statically known (It doesn't have dynamic exports). So it's known statically that the requested export doesn't exist.

Import traces:
  Client Component Browser:
    ./components/settings/theme-applier.tsx [Client Component Browser]
    ./components/providers.tsx [Client Component Browser]
    ./components/providers.tsx [Server Component]
    ./app/layout.tsx [Server Component]

  Client Component SSR:
    ./components/settings/theme-applier.tsx [Client Component SSR]
    ./components/providers.tsx [Client Component SSR]
    ./components/providers.tsx [Server Component]
    ./app/layout.tsx [Server Component] @ http://localhost:3005/_next/static/chunks/node_modules_next_dist_b0a279d5._.js:1945
[  315220ms] [ERROR] ./components/settings/theme-applier.tsx:4:1
Export DEFAULTS doesn't exist in target module
  2 |
  3 | import { useEffect } from 'react'
> 4 | import { applyThemeToDOM, DEFAULTS } from '@/hooks/use-settings'
    | ^^^^^^^^^^^^^^^^^^^^^^^^^^^^^^^^^^^^^^^^^^^^^^^^^^^^^^^^^^^^^^^^
  5 | import type { AppSettings } from '@/hooks/use-settings'
  6 |
  7 | // Runs once on mount across the whole app to apply persisted theme before first render flash

The export DEFAULTS was not found in module [project]/hooks/use-settings.ts [app-client] (ecmascript).
Did you mean to import useSettings?
All exports of the module are statically known (It doesn't have dynamic exports). So it's known statically that the requested export doesn't exist.

Import traces:
  Client Component Browser:
    ./components/settings/theme-applier.tsx [Client Component Browser]
    ./components/providers.tsx [Client Component Browser]
    ./components/providers.tsx [Server Component]
    ./app/layout.tsx [Server Component]

  Client Component SSR:
    ./components/settings/theme-applier.tsx [Client Component SSR]
    ./components/providers.tsx [Client Component SSR]
    ./components/providers.tsx [Server Component]
    ./app/layout.tsx [Server Component] @ http://localhost:3005/_next/static/chunks/node_modules_next_dist_b0a279d5._.js:1945
[  315221ms] [ERROR] ./components/settings/theme-applier.tsx:4:1
Export DEFAULTS doesn't exist in target module
  2 |
  3 | import { useEffect } from 'react'
> 4 | import { applyThemeToDOM, DEFAULTS } from '@/hooks/use-settings'
    | ^^^^^^^^^^^^^^^^^^^^^^^^^^^^^^^^^^^^^^^^^^^^^^^^^^^^^^^^^^^^^^^^
  5 | import type { AppSettings } from '@/hooks/use-settings'
  6 |
  7 | // Runs once on mount across the whole app to apply persisted theme before first render flash

The export DEFAULTS was not found in module [project]/hooks/use-settings.ts [app-ssr] (ecmascript).
Did you mean to import useSettings?
All exports of the module are statically known (It doesn't have dynamic exports). So it's known statically that the requested export doesn't exist.

Import traces:
  Client Component Browser:
    ./components/settings/theme-applier.tsx [Client Component Browser]
    ./components/providers.tsx [Client Component Browser]
    ./components/providers.tsx [Server Component]
    ./app/layout.tsx [Server Component]

  Client Component SSR:
    ./components/settings/theme-applier.tsx [Client Component SSR]
    ./components/providers.tsx [Client Component SSR]
    ./components/providers.tsx [Server Component]
    ./app/layout.tsx [Server Component] @ http://localhost:3005/_next/static/chunks/node_modules_next_dist_b0a279d5._.js:1945
[  315283ms] [ERROR] ./components/settings/theme-applier.tsx:4:1
Export DEFAULTS doesn't exist in target module
  2 |
  3 | import { useEffect } from 'react'
> 4 | import { applyThemeToDOM, DEFAULTS } from '@/hooks/use-settings'
    | ^^^^^^^^^^^^^^^^^^^^^^^^^^^^^^^^^^^^^^^^^^^^^^^^^^^^^^^^^^^^^^^^
  5 | import type { AppSettings } from '@/hooks/use-settings'
  6 |
  7 | // Runs once on mount across the whole app to apply persisted theme before first render flash

The export DEFAULTS was not found in module [project]/hooks/use-settings.ts [app-client] (ecmascript).
Did you mean to import useSettings?
All exports of the module are statically known (It doesn't have dynamic exports). So it's known statically that the requested export doesn't exist.

Import traces:
  Client Component Browser:
    ./components/settings/theme-applier.tsx [Client Component Browser]
    ./components/providers.tsx [Client Component Browser]
    ./components/providers.tsx [Server Component]
    ./app/layout.tsx [Server Component]

  Client Component SSR:
    ./components/settings/theme-applier.tsx [Client Component SSR]
    ./components/providers.tsx [Client Component SSR]
    ./components/providers.tsx [Server Component]
    ./app/layout.tsx [Server Component] @ http://localhost:3005/_next/static/chunks/node_modules_next_dist_b0a279d5._.js:1945
[  315283ms] [ERROR] ./components/settings/theme-applier.tsx:4:1
Export DEFAULTS doesn't exist in target module
  2 |
  3 | import { useEffect } from 'react'
> 4 | import { applyThemeToDOM, DEFAULTS } from '@/hooks/use-settings'
    | ^^^^^^^^^^^^^^^^^^^^^^^^^^^^^^^^^^^^^^^^^^^^^^^^^^^^^^^^^^^^^^^^
  5 | import type { AppSettings } from '@/hooks/use-settings'
  6 |
  7 | // Runs once on mount across the whole app to apply persisted theme before first render flash

The export DEFAULTS was not found in module [project]/hooks/use-settings.ts [app-ssr] (ecmascript).
Did you mean to import useSettings?
All exports of the module are statically known (It doesn't have dynamic exports). So it's known statically that the requested export doesn't exist.

Import traces:
  Client Component Browser:
    ./components/settings/theme-applier.tsx [Client Component Browser]
    ./components/providers.tsx [Client Component Browser]
    ./components/providers.tsx [Server Component]
    ./app/layout.tsx [Server Component]

  Client Component SSR:
    ./components/settings/theme-applier.tsx [Client Component SSR]
    ./components/providers.tsx [Client Component SSR]
    ./components/providers.tsx [Server Component]
    ./app/layout.tsx [Server Component] @ http://localhost:3005/_next/static/chunks/node_modules_next_dist_b0a279d5._.js:1945
[  315345ms] [ERROR] ./components/settings/theme-applier.tsx:4:1
Export DEFAULTS doesn't exist in target module
  2 |
  3 | import { useEffect } from 'react'
> 4 | import { applyThemeToDOM, DEFAULTS } from '@/hooks/use-settings'
    | ^^^^^^^^^^^^^^^^^^^^^^^^^^^^^^^^^^^^^^^^^^^^^^^^^^^^^^^^^^^^^^^^
  5 | import type { AppSettings } from '@/hooks/use-settings'
  6 |
  7 | // Runs once on mount across the whole app to apply persisted theme before first render flash

The export DEFAULTS was not found in module [project]/hooks/use-settings.ts [app-client] (ecmascript).
Did you mean to import useSettings?
All exports of the module are statically known (It doesn't have dynamic exports). So it's known statically that the requested export doesn't exist.

Import traces:
  Client Component Browser:
    ./components/settings/theme-applier.tsx [Client Component Browser]
    ./components/providers.tsx [Client Component Browser]
    ./components/providers.tsx [Server Component]
    ./app/layout.tsx [Server Component]

  Client Component SSR:
    ./components/settings/theme-applier.tsx [Client Component SSR]
    ./components/providers.tsx [Client Component SSR]
    ./components/providers.tsx [Server Component]
    ./app/layout.tsx [Server Component] @ http://localhost:3005/_next/static/chunks/node_modules_next_dist_b0a279d5._.js:1945
[  315346ms] [ERROR] ./components/settings/theme-applier.tsx:4:1
Export DEFAULTS doesn't exist in target module
  2 |
  3 | import { useEffect } from 'react'
> 4 | import { applyThemeToDOM, DEFAULTS } from '@/hooks/use-settings'
    | ^^^^^^^^^^^^^^^^^^^^^^^^^^^^^^^^^^^^^^^^^^^^^^^^^^^^^^^^^^^^^^^^
  5 | import type { AppSettings } from '@/hooks/use-settings'
  6 |
  7 | // Runs once on mount across the whole app to apply persisted theme before first render flash

The export DEFAULTS was not found in module [project]/hooks/use-settings.ts [app-ssr] (ecmascript).
Did you mean to import useSettings?
All exports of the module are statically known (It doesn't have dynamic exports). So it's known statically that the requested export doesn't exist.

Import traces:
  Client Component Browser:
    ./components/settings/theme-applier.tsx [Client Component Browser]
    ./components/providers.tsx [Client Component Browser]
    ./components/providers.tsx [Server Component]
    ./app/layout.tsx [Server Component]

  Client Component SSR:
    ./components/settings/theme-applier.tsx [Client Component SSR]
    ./components/providers.tsx [Client Component SSR]
    ./components/providers.tsx [Server Component]
    ./app/layout.tsx [Server Component] @ http://localhost:3005/_next/static/chunks/node_modules_next_dist_b0a279d5._.js:1945
[  315408ms] [ERROR] ./components/settings/theme-applier.tsx:4:1
Export DEFAULTS doesn't exist in target module
  2 |
  3 | import { useEffect } from 'react'
> 4 | import { applyThemeToDOM, DEFAULTS } from '@/hooks/use-settings'
    | ^^^^^^^^^^^^^^^^^^^^^^^^^^^^^^^^^^^^^^^^^^^^^^^^^^^^^^^^^^^^^^^^
  5 | import type { AppSettings } from '@/hooks/use-settings'
  6 |
  7 | // Runs once on mount across the whole app to apply persisted theme before first render flash

The export DEFAULTS was not found in module [project]/hooks/use-settings.ts [app-client] (ecmascript).
Did you mean to import useSettings?
All exports of the module are statically known (It doesn't have dynamic exports). So it's known statically that the requested export doesn't exist.

Import traces:
  Client Component Browser:
    ./components/settings/theme-applier.tsx [Client Component Browser]
    ./components/providers.tsx [Client Component Browser]
    ./components/providers.tsx [Server Component]
    ./app/layout.tsx [Server Component]

  Client Component SSR:
    ./components/settings/theme-applier.tsx [Client Component SSR]
    ./components/providers.tsx [Client Component SSR]
    ./components/providers.tsx [Server Component]
    ./app/layout.tsx [Server Component] @ http://localhost:3005/_next/static/chunks/node_modules_next_dist_b0a279d5._.js:1945
[  315408ms] [ERROR] ./components/settings/theme-applier.tsx:4:1
Export DEFAULTS doesn't exist in target module
  2 |
  3 | import { useEffect } from 'react'
> 4 | import { applyThemeToDOM, DEFAULTS } from '@/hooks/use-settings'
    | ^^^^^^^^^^^^^^^^^^^^^^^^^^^^^^^^^^^^^^^^^^^^^^^^^^^^^^^^^^^^^^^^
  5 | import type { AppSettings } from '@/hooks/use-settings'
  6 |
  7 | // Runs once on mount across the whole app to apply persisted theme before first render flash

The export DEFAULTS was not found in module [project]/hooks/use-settings.ts [app-ssr] (ecmascript).
Did you mean to import useSettings?
All exports of the module are statically known (It doesn't have dynamic exports). So it's known statically that the requested export doesn't exist.

Import traces:
  Client Component Browser:
    ./components/settings/theme-applier.tsx [Client Component Browser]
    ./components/providers.tsx [Client Component Browser]
    ./components/providers.tsx [Server Component]
    ./app/layout.tsx [Server Component]

  Client Component SSR:
    ./components/settings/theme-applier.tsx [Client Component SSR]
    ./components/providers.tsx [Client Component SSR]
    ./components/providers.tsx [Server Component]
    ./app/layout.tsx [Server Component] @ http://localhost:3005/_next/static/chunks/node_modules_next_dist_b0a279d5._.js:1945
[  315473ms] [ERROR] ./components/settings/theme-applier.tsx:4:1
Export DEFAULTS doesn't exist in target module
  2 |
  3 | import { useEffect } from 'react'
> 4 | import { applyThemeToDOM, DEFAULTS } from '@/hooks/use-settings'
    | ^^^^^^^^^^^^^^^^^^^^^^^^^^^^^^^^^^^^^^^^^^^^^^^^^^^^^^^^^^^^^^^^
  5 | import type { AppSettings } from '@/hooks/use-settings'
  6 |
  7 | // Runs once on mount across the whole app to apply persisted theme before first render flash

The export DEFAULTS was not found in module [project]/hooks/use-settings.ts [app-client] (ecmascript).
Did you mean to import useSettings?
All exports of the module are statically known (It doesn't have dynamic exports). So it's known statically that the requested export doesn't exist.

Import traces:
  Client Component Browser:
    ./components/settings/theme-applier.tsx [Client Component Browser]
    ./components/providers.tsx [Client Component Browser]
    ./components/providers.tsx [Server Component]
    ./app/layout.tsx [Server Component]

  Client Component SSR:
    ./components/settings/theme-applier.tsx [Client Component SSR]
    ./components/providers.tsx [Client Component SSR]
    ./components/providers.tsx [Server Component]
    ./app/layout.tsx [Server Component] @ http://localhost:3005/_next/static/chunks/node_modules_next_dist_b0a279d5._.js:1945
[  315473ms] [ERROR] ./components/settings/theme-applier.tsx:4:1
Export DEFAULTS doesn't exist in target module
  2 |
  3 | import { useEffect } from 'react'
> 4 | import { applyThemeToDOM, DEFAULTS } from '@/hooks/use-settings'
    | ^^^^^^^^^^^^^^^^^^^^^^^^^^^^^^^^^^^^^^^^^^^^^^^^^^^^^^^^^^^^^^^^
  5 | import type { AppSettings } from '@/hooks/use-settings'
  6 |
  7 | // Runs once on mount across the whole app to apply persisted theme before first render flash

The export DEFAULTS was not found in module [project]/hooks/use-settings.ts [app-ssr] (ecmascript).
Did you mean to import useSettings?
All exports of the module are statically known (It doesn't have dynamic exports). So it's known statically that the requested export doesn't exist.

Import traces:
  Client Component Browser:
    ./components/settings/theme-applier.tsx [Client Component Browser]
    ./components/providers.tsx [Client Component Browser]
    ./components/providers.tsx [Server Component]
    ./app/layout.tsx [Server Component]

  Client Component SSR:
    ./components/settings/theme-applier.tsx [Client Component SSR]
    ./components/providers.tsx [Client Component SSR]
    ./components/providers.tsx [Server Component]
    ./app/layout.tsx [Server Component] @ http://localhost:3005/_next/static/chunks/node_modules_next_dist_b0a279d5._.js:1945
[  315533ms] [ERROR] ./components/settings/theme-applier.tsx:4:1
Export DEFAULTS doesn't exist in target module
  2 |
  3 | import { useEffect } from 'react'
> 4 | import { applyThemeToDOM, DEFAULTS } from '@/hooks/use-settings'
    | ^^^^^^^^^^^^^^^^^^^^^^^^^^^^^^^^^^^^^^^^^^^^^^^^^^^^^^^^^^^^^^^^
  5 | import type { AppSettings } from '@/hooks/use-settings'
  6 |
  7 | // Runs once on mount across the whole app to apply persisted theme before first render flash

The export DEFAULTS was not found in module [project]/hooks/use-settings.ts [app-client] (ecmascript).
Did you mean to import useSettings?
All exports of the module are statically known (It doesn't have dynamic exports). So it's known statically that the requested export doesn't exist.

Import traces:
  Client Component Browser:
    ./components/settings/theme-applier.tsx [Client Component Browser]
    ./components/providers.tsx [Client Component Browser]
    ./components/providers.tsx [Server Component]
    ./app/layout.tsx [Server Component]

  Client Component SSR:
    ./components/settings/theme-applier.tsx [Client Component SSR]
    ./components/providers.tsx [Client Component SSR]
    ./components/providers.tsx [Server Component]
    ./app/layout.tsx [Server Component] @ http://localhost:3005/_next/static/chunks/node_modules_next_dist_b0a279d5._.js:1945
[  315533ms] [ERROR] ./components/settings/theme-applier.tsx:4:1
Export DEFAULTS doesn't exist in target module
  2 |
  3 | import { useEffect } from 'react'
> 4 | import { applyThemeToDOM, DEFAULTS } from '@/hooks/use-settings'
    | ^^^^^^^^^^^^^^^^^^^^^^^^^^^^^^^^^^^^^^^^^^^^^^^^^^^^^^^^^^^^^^^^
  5 | import type { AppSettings } from '@/hooks/use-settings'
  6 |
  7 | // Runs once on mount across the whole app to apply persisted theme before first render flash

The export DEFAULTS was not found in module [project]/hooks/use-settings.ts [app-ssr] (ecmascript).
Did you mean to import useSettings?
All exports of the module are statically known (It doesn't have dynamic exports). So it's known statically that the requested export doesn't exist.

Import traces:
  Client Component Browser:
    ./components/settings/theme-applier.tsx [Client Component Browser]
    ./components/providers.tsx [Client Component Browser]
    ./components/providers.tsx [Server Component]
    ./app/layout.tsx [Server Component]

  Client Component SSR:
    ./components/settings/theme-applier.tsx [Client Component SSR]
    ./components/providers.tsx [Client Component SSR]
    ./components/providers.tsx [Server Component]
    ./app/layout.tsx [Server Component] @ http://localhost:3005/_next/static/chunks/node_modules_next_dist_b0a279d5._.js:1945
[  315596ms] [ERROR] ./components/settings/theme-applier.tsx:4:1
Export DEFAULTS doesn't exist in target module
  2 |
  3 | import { useEffect } from 'react'
> 4 | import { applyThemeToDOM, DEFAULTS } from '@/hooks/use-settings'
    | ^^^^^^^^^^^^^^^^^^^^^^^^^^^^^^^^^^^^^^^^^^^^^^^^^^^^^^^^^^^^^^^^
  5 | import type { AppSettings } from '@/hooks/use-settings'
  6 |
  7 | // Runs once on mount across the whole app to apply persisted theme before first render flash

The export DEFAULTS was not found in module [project]/hooks/use-settings.ts [app-client] (ecmascript).
Did you mean to import useSettings?
All exports of the module are statically known (It doesn't have dynamic exports). So it's known statically that the requested export doesn't exist.

Import traces:
  Client Component Browser:
    ./components/settings/theme-applier.tsx [Client Component Browser]
    ./components/providers.tsx [Client Component Browser]
    ./components/providers.tsx [Server Component]
    ./app/layout.tsx [Server Component]

  Client Component SSR:
    ./components/settings/theme-applier.tsx [Client Component SSR]
    ./components/providers.tsx [Client Component SSR]
    ./components/providers.tsx [Server Component]
    ./app/layout.tsx [Server Component] @ http://localhost:3005/_next/static/chunks/node_modules_next_dist_b0a279d5._.js:1945
[  315597ms] [ERROR] ./components/settings/theme-applier.tsx:4:1
Export DEFAULTS doesn't exist in target module
  2 |
  3 | import { useEffect } from 'react'
> 4 | import { applyThemeToDOM, DEFAULTS } from '@/hooks/use-settings'
    | ^^^^^^^^^^^^^^^^^^^^^^^^^^^^^^^^^^^^^^^^^^^^^^^^^^^^^^^^^^^^^^^^
  5 | import type { AppSettings } from '@/hooks/use-settings'
  6 |
  7 | // Runs once on mount across the whole app to apply persisted theme before first render flash

The export DEFAULTS was not found in module [project]/hooks/use-settings.ts [app-ssr] (ecmascript).
Did you mean to import useSettings?
All exports of the module are statically known (It doesn't have dynamic exports). So it's known statically that the requested export doesn't exist.

Import traces:
  Client Component Browser:
    ./components/settings/theme-applier.tsx [Client Component Browser]
    ./components/providers.tsx [Client Component Browser]
    ./components/providers.tsx [Server Component]
    ./app/layout.tsx [Server Component]

  Client Component SSR:
    ./components/settings/theme-applier.tsx [Client Component SSR]
    ./components/providers.tsx [Client Component SSR]
    ./components/providers.tsx [Server Component]
    ./app/layout.tsx [Server Component] @ http://localhost:3005/_next/static/chunks/node_modules_next_dist_b0a279d5._.js:1945
[  315659ms] [ERROR] ./components/settings/theme-applier.tsx:4:1
Export DEFAULTS doesn't exist in target module
  2 |
  3 | import { useEffect } from 'react'
> 4 | import { applyThemeToDOM, DEFAULTS } from '@/hooks/use-settings'
    | ^^^^^^^^^^^^^^^^^^^^^^^^^^^^^^^^^^^^^^^^^^^^^^^^^^^^^^^^^^^^^^^^
  5 | import type { AppSettings } from '@/hooks/use-settings'
  6 |
  7 | // Runs once on mount across the whole app to apply persisted theme before first render flash

The export DEFAULTS was not found in module [project]/hooks/use-settings.ts [app-client] (ecmascript).
Did you mean to import useSettings?
All exports of the module are statically known (It doesn't have dynamic exports). So it's known statically that the requested export doesn't exist.

Import traces:
  Client Component Browser:
    ./components/settings/theme-applier.tsx [Client Component Browser]
    ./components/providers.tsx [Client Component Browser]
    ./components/providers.tsx [Server Component]
    ./app/layout.tsx [Server Component]

  Client Component SSR:
    ./components/settings/theme-applier.tsx [Client Component SSR]
    ./components/providers.tsx [Client Component SSR]
    ./components/providers.tsx [Server Component]
    ./app/layout.tsx [Server Component] @ http://localhost:3005/_next/static/chunks/node_modules_next_dist_b0a279d5._.js:1945
[  315660ms] [ERROR] ./components/settings/theme-applier.tsx:4:1
Export DEFAULTS doesn't exist in target module
  2 |
  3 | import { useEffect } from 'react'
> 4 | import { applyThemeToDOM, DEFAULTS } from '@/hooks/use-settings'
    | ^^^^^^^^^^^^^^^^^^^^^^^^^^^^^^^^^^^^^^^^^^^^^^^^^^^^^^^^^^^^^^^^
  5 | import type { AppSettings } from '@/hooks/use-settings'
  6 |
  7 | // Runs once on mount across the whole app to apply persisted theme before first render flash

The export DEFAULTS was not found in module [project]/hooks/use-settings.ts [app-ssr] (ecmascript).
Did you mean to import useSettings?
All exports of the module are statically known (It doesn't have dynamic exports). So it's known statically that the requested export doesn't exist.

Import traces:
  Client Component Browser:
    ./components/settings/theme-applier.tsx [Client Component Browser]
    ./components/providers.tsx [Client Component Browser]
    ./components/providers.tsx [Server Component]
    ./app/layout.tsx [Server Component]

  Client Component SSR:
    ./components/settings/theme-applier.tsx [Client Component SSR]
    ./components/providers.tsx [Client Component SSR]
    ./components/providers.tsx [Server Component]
    ./app/layout.tsx [Server Component] @ http://localhost:3005/_next/static/chunks/node_modules_next_dist_b0a279d5._.js:1945
[  315722ms] [ERROR] ./components/settings/theme-applier.tsx:4:1
Export DEFAULTS doesn't exist in target module
  2 |
  3 | import { useEffect } from 'react'
> 4 | import { applyThemeToDOM, DEFAULTS } from '@/hooks/use-settings'
    | ^^^^^^^^^^^^^^^^^^^^^^^^^^^^^^^^^^^^^^^^^^^^^^^^^^^^^^^^^^^^^^^^
  5 | import type { AppSettings } from '@/hooks/use-settings'
  6 |
  7 | // Runs once on mount across the whole app to apply persisted theme before first render flash

The export DEFAULTS was not found in module [project]/hooks/use-settings.ts [app-client] (ecmascript).
Did you mean to import useSettings?
All exports of the module are statically known (It doesn't have dynamic exports). So it's known statically that the requested export doesn't exist.

Import traces:
  Client Component Browser:
    ./components/settings/theme-applier.tsx [Client Component Browser]
    ./components/providers.tsx [Client Component Browser]
    ./components/providers.tsx [Server Component]
    ./app/layout.tsx [Server Component]

  Client Component SSR:
    ./components/settings/theme-applier.tsx [Client Component SSR]
    ./components/providers.tsx [Client Component SSR]
    ./components/providers.tsx [Server Component]
    ./app/layout.tsx [Server Component] @ http://localhost:3005/_next/static/chunks/node_modules_next_dist_b0a279d5._.js:1945
[  315722ms] [ERROR] ./components/settings/theme-applier.tsx:4:1
Export DEFAULTS doesn't exist in target module
  2 |
  3 | import { useEffect } from 'react'
> 4 | import { applyThemeToDOM, DEFAULTS } from '@/hooks/use-settings'
    | ^^^^^^^^^^^^^^^^^^^^^^^^^^^^^^^^^^^^^^^^^^^^^^^^^^^^^^^^^^^^^^^^
  5 | import type { AppSettings } from '@/hooks/use-settings'
  6 |
  7 | // Runs once on mount across the whole app to apply persisted theme before first render flash

The export DEFAULTS was not found in module [project]/hooks/use-settings.ts [app-ssr] (ecmascript).
Did you mean to import useSettings?
All exports of the module are statically known (It doesn't have dynamic exports). So it's known statically that the requested export doesn't exist.

Import traces:
  Client Component Browser:
    ./components/settings/theme-applier.tsx [Client Component Browser]
    ./components/providers.tsx [Client Component Browser]
    ./components/providers.tsx [Server Component]
    ./app/layout.tsx [Server Component]

  Client Component SSR:
    ./components/settings/theme-applier.tsx [Client Component SSR]
    ./components/providers.tsx [Client Component SSR]
    ./components/providers.tsx [Server Component]
    ./app/layout.tsx [Server Component] @ http://localhost:3005/_next/static/chunks/node_modules_next_dist_b0a279d5._.js:1945
[  315784ms] [ERROR] ./components/settings/theme-applier.tsx:4:1
Export DEFAULTS doesn't exist in target module
  2 |
  3 | import { useEffect } from 'react'
> 4 | import { applyThemeToDOM, DEFAULTS } from '@/hooks/use-settings'
    | ^^^^^^^^^^^^^^^^^^^^^^^^^^^^^^^^^^^^^^^^^^^^^^^^^^^^^^^^^^^^^^^^
  5 | import type { AppSettings } from '@/hooks/use-settings'
  6 |
  7 | // Runs once on mount across the whole app to apply persisted theme before first render flash

The export DEFAULTS was not found in module [project]/hooks/use-settings.ts [app-client] (ecmascript).
Did you mean to import useSettings?
All exports of the module are statically known (It doesn't have dynamic exports). So it's known statically that the requested export doesn't exist.

Import traces:
  Client Component Browser:
    ./components/settings/theme-applier.tsx [Client Component Browser]
    ./components/providers.tsx [Client Component Browser]
    ./components/providers.tsx [Server Component]
    ./app/layout.tsx [Server Component]

  Client Component SSR:
    ./components/settings/theme-applier.tsx [Client Component SSR]
    ./components/providers.tsx [Client Component SSR]
    ./components/providers.tsx [Server Component]
    ./app/layout.tsx [Server Component] @ http://localhost:3005/_next/static/chunks/node_modules_next_dist_b0a279d5._.js:1945
[  315784ms] [ERROR] ./components/settings/theme-applier.tsx:4:1
Export DEFAULTS doesn't exist in target module
  2 |
  3 | import { useEffect } from 'react'
> 4 | import { applyThemeToDOM, DEFAULTS } from '@/hooks/use-settings'
    | ^^^^^^^^^^^^^^^^^^^^^^^^^^^^^^^^^^^^^^^^^^^^^^^^^^^^^^^^^^^^^^^^
  5 | import type { AppSettings } from '@/hooks/use-settings'
  6 |
  7 | // Runs once on mount across the whole app to apply persisted theme before first render flash

The export DEFAULTS was not found in module [project]/hooks/use-settings.ts [app-ssr] (ecmascript).
Did you mean to import useSettings?
All exports of the module are statically known (It doesn't have dynamic exports). So it's known statically that the requested export doesn't exist.

Import traces:
  Client Component Browser:
    ./components/settings/theme-applier.tsx [Client Component Browser]
    ./components/providers.tsx [Client Component Browser]
    ./components/providers.tsx [Server Component]
    ./app/layout.tsx [Server Component]

  Client Component SSR:
    ./components/settings/theme-applier.tsx [Client Component SSR]
    ./components/providers.tsx [Client Component SSR]
    ./components/providers.tsx [Server Component]
    ./app/layout.tsx [Server Component] @ http://localhost:3005/_next/static/chunks/node_modules_next_dist_b0a279d5._.js:1945
[  315847ms] [ERROR] ./components/settings/theme-applier.tsx:4:1
Export DEFAULTS doesn't exist in target module
  2 |
  3 | import { useEffect } from 'react'
> 4 | import { applyThemeToDOM, DEFAULTS } from '@/hooks/use-settings'
    | ^^^^^^^^^^^^^^^^^^^^^^^^^^^^^^^^^^^^^^^^^^^^^^^^^^^^^^^^^^^^^^^^
  5 | import type { AppSettings } from '@/hooks/use-settings'
  6 |
  7 | // Runs once on mount across the whole app to apply persisted theme before first render flash

The export DEFAULTS was not found in module [project]/hooks/use-settings.ts [app-client] (ecmascript).
Did you mean to import useSettings?
All exports of the module are statically known (It doesn't have dynamic exports). So it's known statically that the requested export doesn't exist.

Import traces:
  Client Component Browser:
    ./components/settings/theme-applier.tsx [Client Component Browser]
    ./components/providers.tsx [Client Component Browser]
    ./components/providers.tsx [Server Component]
    ./app/layout.tsx [Server Component]

  Client Component SSR:
    ./components/settings/theme-applier.tsx [Client Component SSR]
    ./components/providers.tsx [Client Component SSR]
    ./components/providers.tsx [Server Component]
    ./app/layout.tsx [Server Component] @ http://localhost:3005/_next/static/chunks/node_modules_next_dist_b0a279d5._.js:1945
[  315847ms] [ERROR] ./components/settings/theme-applier.tsx:4:1
Export DEFAULTS doesn't exist in target module
  2 |
  3 | import { useEffect } from 'react'
> 4 | import { applyThemeToDOM, DEFAULTS } from '@/hooks/use-settings'
    | ^^^^^^^^^^^^^^^^^^^^^^^^^^^^^^^^^^^^^^^^^^^^^^^^^^^^^^^^^^^^^^^^
  5 | import type { AppSettings } from '@/hooks/use-settings'
  6 |
  7 | // Runs once on mount across the whole app to apply persisted theme before first render flash

The export DEFAULTS was not found in module [project]/hooks/use-settings.ts [app-ssr] (ecmascript).
Did you mean to import useSettings?
All exports of the module are statically known (It doesn't have dynamic exports). So it's known statically that the requested export doesn't exist.

Import traces:
  Client Component Browser:
    ./components/settings/theme-applier.tsx [Client Component Browser]
    ./components/providers.tsx [Client Component Browser]
    ./components/providers.tsx [Server Component]
    ./app/layout.tsx [Server Component]

  Client Component SSR:
    ./components/settings/theme-applier.tsx [Client Component SSR]
    ./components/providers.tsx [Client Component SSR]
    ./components/providers.tsx [Server Component]
    ./app/layout.tsx [Server Component] @ http://localhost:3005/_next/static/chunks/node_modules_next_dist_b0a279d5._.js:1945
[  315910ms] [ERROR] ./components/settings/theme-applier.tsx:4:1
Export DEFAULTS doesn't exist in target module
  2 |
  3 | import { useEffect } from 'react'
> 4 | import { applyThemeToDOM, DEFAULTS } from '@/hooks/use-settings'
    | ^^^^^^^^^^^^^^^^^^^^^^^^^^^^^^^^^^^^^^^^^^^^^^^^^^^^^^^^^^^^^^^^
  5 | import type { AppSettings } from '@/hooks/use-settings'
  6 |
  7 | // Runs once on mount across the whole app to apply persisted theme before first render flash

The export DEFAULTS was not found in module [project]/hooks/use-settings.ts [app-client] (ecmascript).
Did you mean to import useSettings?
All exports of the module are statically known (It doesn't have dynamic exports). So it's known statically that the requested export doesn't exist.

Import traces:
  Client Component Browser:
    ./components/settings/theme-applier.tsx [Client Component Browser]
    ./components/providers.tsx [Client Component Browser]
    ./components/providers.tsx [Server Component]
    ./app/layout.tsx [Server Component]

  Client Component SSR:
    ./components/settings/theme-applier.tsx [Client Component SSR]
    ./components/providers.tsx [Client Component SSR]
    ./components/providers.tsx [Server Component]
    ./app/layout.tsx [Server Component] @ http://localhost:3005/_next/static/chunks/node_modules_next_dist_b0a279d5._.js:1945
[  315911ms] [ERROR] ./components/settings/theme-applier.tsx:4:1
Export DEFAULTS doesn't exist in target module
  2 |
  3 | import { useEffect } from 'react'
> 4 | import { applyThemeToDOM, DEFAULTS } from '@/hooks/use-settings'
    | ^^^^^^^^^^^^^^^^^^^^^^^^^^^^^^^^^^^^^^^^^^^^^^^^^^^^^^^^^^^^^^^^
  5 | import type { AppSettings } from '@/hooks/use-settings'
  6 |
  7 | // Runs once on mount across the whole app to apply persisted theme before first render flash

The export DEFAULTS was not found in module [project]/hooks/use-settings.ts [app-ssr] (ecmascript).
Did you mean to import useSettings?
All exports of the module are statically known (It doesn't have dynamic exports). So it's known statically that the requested export doesn't exist.

Import traces:
  Client Component Browser:
    ./components/settings/theme-applier.tsx [Client Component Browser]
    ./components/providers.tsx [Client Component Browser]
    ./components/providers.tsx [Server Component]
    ./app/layout.tsx [Server Component]

  Client Component SSR:
    ./components/settings/theme-applier.tsx [Client Component SSR]
    ./components/providers.tsx [Client Component SSR]
    ./components/providers.tsx [Server Component]
    ./app/layout.tsx [Server Component] @ http://localhost:3005/_next/static/chunks/node_modules_next_dist_b0a279d5._.js:1945
[  315971ms] [ERROR] ./components/settings/theme-applier.tsx:4:1
Export DEFAULTS doesn't exist in target module
  2 |
  3 | import { useEffect } from 'react'
> 4 | import { applyThemeToDOM, DEFAULTS } from '@/hooks/use-settings'
    | ^^^^^^^^^^^^^^^^^^^^^^^^^^^^^^^^^^^^^^^^^^^^^^^^^^^^^^^^^^^^^^^^
  5 | import type { AppSettings } from '@/hooks/use-settings'
  6 |
  7 | // Runs once on mount across the whole app to apply persisted theme before first render flash

The export DEFAULTS was not found in module [project]/hooks/use-settings.ts [app-client] (ecmascript).
Did you mean to import useSettings?
All exports of the module are statically known (It doesn't have dynamic exports). So it's known statically that the requested export doesn't exist.

Import traces:
  Client Component Browser:
    ./components/settings/theme-applier.tsx [Client Component Browser]
    ./components/providers.tsx [Client Component Browser]
    ./components/providers.tsx [Server Component]
    ./app/layout.tsx [Server Component]

  Client Component SSR:
    ./components/settings/theme-applier.tsx [Client Component SSR]
    ./components/providers.tsx [Client Component SSR]
    ./components/providers.tsx [Server Component]
    ./app/layout.tsx [Server Component] @ http://localhost:3005/_next/static/chunks/node_modules_next_dist_b0a279d5._.js:1945
[  315971ms] [ERROR] ./components/settings/theme-applier.tsx:4:1
Export DEFAULTS doesn't exist in target module
  2 |
  3 | import { useEffect } from 'react'
> 4 | import { applyThemeToDOM, DEFAULTS } from '@/hooks/use-settings'
    | ^^^^^^^^^^^^^^^^^^^^^^^^^^^^^^^^^^^^^^^^^^^^^^^^^^^^^^^^^^^^^^^^
  5 | import type { AppSettings } from '@/hooks/use-settings'
  6 |
  7 | // Runs once on mount across the whole app to apply persisted theme before first render flash

The export DEFAULTS was not found in module [project]/hooks/use-settings.ts [app-ssr] (ecmascript).
Did you mean to import useSettings?
All exports of the module are statically known (It doesn't have dynamic exports). So it's known statically that the requested export doesn't exist.

Import traces:
  Client Component Browser:
    ./components/settings/theme-applier.tsx [Client Component Browser]
    ./components/providers.tsx [Client Component Browser]
    ./components/providers.tsx [Server Component]
    ./app/layout.tsx [Server Component]

  Client Component SSR:
    ./components/settings/theme-applier.tsx [Client Component SSR]
    ./components/providers.tsx [Client Component SSR]
    ./components/providers.tsx [Server Component]
    ./app/layout.tsx [Server Component] @ http://localhost:3005/_next/static/chunks/node_modules_next_dist_b0a279d5._.js:1945
[  316031ms] [ERROR] ./components/settings/theme-applier.tsx:4:1
Export DEFAULTS doesn't exist in target module
  2 |
  3 | import { useEffect } from 'react'
> 4 | import { applyThemeToDOM, DEFAULTS } from '@/hooks/use-settings'
    | ^^^^^^^^^^^^^^^^^^^^^^^^^^^^^^^^^^^^^^^^^^^^^^^^^^^^^^^^^^^^^^^^
  5 | import type { AppSettings } from '@/hooks/use-settings'
  6 |
  7 | // Runs once on mount across the whole app to apply persisted theme before first render flash

The export DEFAULTS was not found in module [project]/hooks/use-settings.ts [app-client] (ecmascript).
Did you mean to import useSettings?
All exports of the module are statically known (It doesn't have dynamic exports). So it's known statically that the requested export doesn't exist.

Import traces:
  Client Component Browser:
    ./components/settings/theme-applier.tsx [Client Component Browser]
    ./components/providers.tsx [Client Component Browser]
    ./components/providers.tsx [Server Component]
    ./app/layout.tsx [Server Component]

  Client Component SSR:
    ./components/settings/theme-applier.tsx [Client Component SSR]
    ./components/providers.tsx [Client Component SSR]
    ./components/providers.tsx [Server Component]
    ./app/layout.tsx [Server Component] @ http://localhost:3005/_next/static/chunks/node_modules_next_dist_b0a279d5._.js:1945
[  316031ms] [ERROR] ./components/settings/theme-applier.tsx:4:1
Export DEFAULTS doesn't exist in target module
  2 |
  3 | import { useEffect } from 'react'
> 4 | import { applyThemeToDOM, DEFAULTS } from '@/hooks/use-settings'
    | ^^^^^^^^^^^^^^^^^^^^^^^^^^^^^^^^^^^^^^^^^^^^^^^^^^^^^^^^^^^^^^^^
  5 | import type { AppSettings } from '@/hooks/use-settings'
  6 |
  7 | // Runs once on mount across the whole app to apply persisted theme before first render flash

The export DEFAULTS was not found in module [project]/hooks/use-settings.ts [app-ssr] (ecmascript).
Did you mean to import useSettings?
All exports of the module are statically known (It doesn't have dynamic exports). So it's known statically that the requested export doesn't exist.

Import traces:
  Client Component Browser:
    ./components/settings/theme-applier.tsx [Client Component Browser]
    ./components/providers.tsx [Client Component Browser]
    ./components/providers.tsx [Server Component]
    ./app/layout.tsx [Server Component]

  Client Component SSR:
    ./components/settings/theme-applier.tsx [Client Component SSR]
    ./components/providers.tsx [Client Component SSR]
    ./components/providers.tsx [Server Component]
    ./app/layout.tsx [Server Component] @ http://localhost:3005/_next/static/chunks/node_modules_next_dist_b0a279d5._.js:1945
[  316094ms] [ERROR] ./components/settings/theme-applier.tsx:4:1
Export DEFAULTS doesn't exist in target module
  2 |
  3 | import { useEffect } from 'react'
> 4 | import { applyThemeToDOM, DEFAULTS } from '@/hooks/use-settings'
    | ^^^^^^^^^^^^^^^^^^^^^^^^^^^^^^^^^^^^^^^^^^^^^^^^^^^^^^^^^^^^^^^^
  5 | import type { AppSettings } from '@/hooks/use-settings'
  6 |
  7 | // Runs once on mount across the whole app to apply persisted theme before first render flash

The export DEFAULTS was not found in module [project]/hooks/use-settings.ts [app-client] (ecmascript).
Did you mean to import useSettings?
All exports of the module are statically known (It doesn't have dynamic exports). So it's known statically that the requested export doesn't exist.

Import traces:
  Client Component Browser:
    ./components/settings/theme-applier.tsx [Client Component Browser]
    ./components/providers.tsx [Client Component Browser]
    ./components/providers.tsx [Server Component]
    ./app/layout.tsx [Server Component]

  Client Component SSR:
    ./components/settings/theme-applier.tsx [Client Component SSR]
    ./components/providers.tsx [Client Component SSR]
    ./components/providers.tsx [Server Component]
    ./app/layout.tsx [Server Component] @ http://localhost:3005/_next/static/chunks/node_modules_next_dist_b0a279d5._.js:1945
[  316094ms] [ERROR] ./components/settings/theme-applier.tsx:4:1
Export DEFAULTS doesn't exist in target module
  2 |
  3 | import { useEffect } from 'react'
> 4 | import { applyThemeToDOM, DEFAULTS } from '@/hooks/use-settings'
    | ^^^^^^^^^^^^^^^^^^^^^^^^^^^^^^^^^^^^^^^^^^^^^^^^^^^^^^^^^^^^^^^^
  5 | import type { AppSettings } from '@/hooks/use-settings'
  6 |
  7 | // Runs once on mount across the whole app to apply persisted theme before first render flash

The export DEFAULTS was not found in module [project]/hooks/use-settings.ts [app-ssr] (ecmascript).
Did you mean to import useSettings?
All exports of the module are statically known (It doesn't have dynamic exports). So it's known statically that the requested export doesn't exist.

Import traces:
  Client Component Browser:
    ./components/settings/theme-applier.tsx [Client Component Browser]
    ./components/providers.tsx [Client Component Browser]
    ./components/providers.tsx [Server Component]
    ./app/layout.tsx [Server Component]

  Client Component SSR:
    ./components/settings/theme-applier.tsx [Client Component SSR]
    ./components/providers.tsx [Client Component SSR]
    ./components/providers.tsx [Server Component]
    ./app/layout.tsx [Server Component] @ http://localhost:3005/_next/static/chunks/node_modules_next_dist_b0a279d5._.js:1945
[  316155ms] [ERROR] ./components/settings/theme-applier.tsx:4:1
Export DEFAULTS doesn't exist in target module
  2 |
  3 | import { useEffect } from 'react'
> 4 | import { applyThemeToDOM, DEFAULTS } from '@/hooks/use-settings'
    | ^^^^^^^^^^^^^^^^^^^^^^^^^^^^^^^^^^^^^^^^^^^^^^^^^^^^^^^^^^^^^^^^
  5 | import type { AppSettings } from '@/hooks/use-settings'
  6 |
  7 | // Runs once on mount across the whole app to apply persisted theme before first render flash

The export DEFAULTS was not found in module [project]/hooks/use-settings.ts [app-client] (ecmascript).
Did you mean to import useSettings?
All exports of the module are statically known (It doesn't have dynamic exports). So it's known statically that the requested export doesn't exist.

Import traces:
  Client Component Browser:
    ./components/settings/theme-applier.tsx [Client Component Browser]
    ./components/providers.tsx [Client Component Browser]
    ./components/providers.tsx [Server Component]
    ./app/layout.tsx [Server Component]

  Client Component SSR:
    ./components/settings/theme-applier.tsx [Client Component SSR]
    ./components/providers.tsx [Client Component SSR]
    ./components/providers.tsx [Server Component]
    ./app/layout.tsx [Server Component] @ http://localhost:3005/_next/static/chunks/node_modules_next_dist_b0a279d5._.js:1945
[  316155ms] [ERROR] ./components/settings/theme-applier.tsx:4:1
Export DEFAULTS doesn't exist in target module
  2 |
  3 | import { useEffect } from 'react'
> 4 | import { applyThemeToDOM, DEFAULTS } from '@/hooks/use-settings'
    | ^^^^^^^^^^^^^^^^^^^^^^^^^^^^^^^^^^^^^^^^^^^^^^^^^^^^^^^^^^^^^^^^
  5 | import type { AppSettings } from '@/hooks/use-settings'
  6 |
  7 | // Runs once on mount across the whole app to apply persisted theme before first render flash

The export DEFAULTS was not found in module [project]/hooks/use-settings.ts [app-ssr] (ecmascript).
Did you mean to import useSettings?
All exports of the module are statically known (It doesn't have dynamic exports). So it's known statically that the requested export doesn't exist.

Import traces:
  Client Component Browser:
    ./components/settings/theme-applier.tsx [Client Component Browser]
    ./components/providers.tsx [Client Component Browser]
    ./components/providers.tsx [Server Component]
    ./app/layout.tsx [Server Component]

  Client Component SSR:
    ./components/settings/theme-applier.tsx [Client Component SSR]
    ./components/providers.tsx [Client Component SSR]
    ./components/providers.tsx [Server Component]
    ./app/layout.tsx [Server Component] @ http://localhost:3005/_next/static/chunks/node_modules_next_dist_b0a279d5._.js:1945
[  316217ms] [ERROR] ./components/settings/theme-applier.tsx:4:1
Export DEFAULTS doesn't exist in target module
  2 |
  3 | import { useEffect } from 'react'
> 4 | import { applyThemeToDOM, DEFAULTS } from '@/hooks/use-settings'
    | ^^^^^^^^^^^^^^^^^^^^^^^^^^^^^^^^^^^^^^^^^^^^^^^^^^^^^^^^^^^^^^^^
  5 | import type { AppSettings } from '@/hooks/use-settings'
  6 |
  7 | // Runs once on mount across the whole app to apply persisted theme before first render flash

The export DEFAULTS was not found in module [project]/hooks/use-settings.ts [app-client] (ecmascript).
Did you mean to import useSettings?
All exports of the module are statically known (It doesn't have dynamic exports). So it's known statically that the requested export doesn't exist.

Import traces:
  Client Component Browser:
    ./components/settings/theme-applier.tsx [Client Component Browser]
    ./components/providers.tsx [Client Component Browser]
    ./components/providers.tsx [Server Component]
    ./app/layout.tsx [Server Component]

  Client Component SSR:
    ./components/settings/theme-applier.tsx [Client Component SSR]
    ./components/providers.tsx [Client Component SSR]
    ./components/providers.tsx [Server Component]
    ./app/layout.tsx [Server Component] @ http://localhost:3005/_next/static/chunks/node_modules_next_dist_b0a279d5._.js:1945
[  316217ms] [ERROR] ./components/settings/theme-applier.tsx:4:1
Export DEFAULTS doesn't exist in target module
  2 |
  3 | import { useEffect } from 'react'
> 4 | import { applyThemeToDOM, DEFAULTS } from '@/hooks/use-settings'
    | ^^^^^^^^^^^^^^^^^^^^^^^^^^^^^^^^^^^^^^^^^^^^^^^^^^^^^^^^^^^^^^^^
  5 | import type { AppSettings } from '@/hooks/use-settings'
  6 |
  7 | // Runs once on mount across the whole app to apply persisted theme before first render flash

The export DEFAULTS was not found in module [project]/hooks/use-settings.ts [app-ssr] (ecmascript).
Did you mean to import useSettings?
All exports of the module are statically known (It doesn't have dynamic exports). So it's known statically that the requested export doesn't exist.

Import traces:
  Client Component Browser:
    ./components/settings/theme-applier.tsx [Client Component Browser]
    ./components/providers.tsx [Client Component Browser]
    ./components/providers.tsx [Server Component]
    ./app/layout.tsx [Server Component]

  Client Component SSR:
    ./components/settings/theme-applier.tsx [Client Component SSR]
    ./components/providers.tsx [Client Component SSR]
    ./components/providers.tsx [Server Component]
    ./app/layout.tsx [Server Component] @ http://localhost:3005/_next/static/chunks/node_modules_next_dist_b0a279d5._.js:1945
[  316301ms] [ERROR] ./components/settings/theme-applier.tsx:4:1
Export DEFAULTS doesn't exist in target module
  2 |
  3 | import { useEffect } from 'react'
> 4 | import { applyThemeToDOM, DEFAULTS } from '@/hooks/use-settings'
    | ^^^^^^^^^^^^^^^^^^^^^^^^^^^^^^^^^^^^^^^^^^^^^^^^^^^^^^^^^^^^^^^^
  5 | import type { AppSettings } from '@/hooks/use-settings'
  6 |
  7 | // Runs once on mount across the whole app to apply persisted theme before first render flash

The export DEFAULTS was not found in module [project]/hooks/use-settings.ts [app-client] (ecmascript).
Did you mean to import useSettings?
All exports of the module are statically known (It doesn't have dynamic exports). So it's known statically that the requested export doesn't exist.

Import traces:
  Client Component Browser:
    ./components/settings/theme-applier.tsx [Client Component Browser]
    ./components/providers.tsx [Client Component Browser]
    ./components/providers.tsx [Server Component]
    ./app/layout.tsx [Server Component]

  Client Component SSR:
    ./components/settings/theme-applier.tsx [Client Component SSR]
    ./components/providers.tsx [Client Component SSR]
    ./components/providers.tsx [Server Component]
    ./app/layout.tsx [Server Component] @ http://localhost:3005/_next/static/chunks/node_modules_next_dist_b0a279d5._.js:1945
[  316302ms] [ERROR] ./components/settings/theme-applier.tsx:4:1
Export DEFAULTS doesn't exist in target module
  2 |
  3 | import { useEffect } from 'react'
> 4 | import { applyThemeToDOM, DEFAULTS } from '@/hooks/use-settings'
    | ^^^^^^^^^^^^^^^^^^^^^^^^^^^^^^^^^^^^^^^^^^^^^^^^^^^^^^^^^^^^^^^^
  5 | import type { AppSettings } from '@/hooks/use-settings'
  6 |
  7 | // Runs once on mount across the whole app to apply persisted theme before first render flash

The export DEFAULTS was not found in module [project]/hooks/use-settings.ts [app-ssr] (ecmascript).
Did you mean to import useSettings?
All exports of the module are statically known (It doesn't have dynamic exports). So it's known statically that the requested export doesn't exist.

Import traces:
  Client Component Browser:
    ./components/settings/theme-applier.tsx [Client Component Browser]
    ./components/providers.tsx [Client Component Browser]
    ./components/providers.tsx [Server Component]
    ./app/layout.tsx [Server Component]

  Client Component SSR:
    ./components/settings/theme-applier.tsx [Client Component SSR]
    ./components/providers.tsx [Client Component SSR]
    ./components/providers.tsx [Server Component]
    ./app/layout.tsx [Server Component] @ http://localhost:3005/_next/static/chunks/node_modules_next_dist_b0a279d5._.js:1945
[  316357ms] [ERROR] ./components/settings/theme-applier.tsx:4:1
Export DEFAULTS doesn't exist in target module
  2 |
  3 | import { useEffect } from 'react'
> 4 | import { applyThemeToDOM, DEFAULTS } from '@/hooks/use-settings'
    | ^^^^^^^^^^^^^^^^^^^^^^^^^^^^^^^^^^^^^^^^^^^^^^^^^^^^^^^^^^^^^^^^
  5 | import type { AppSettings } from '@/hooks/use-settings'
  6 |
  7 | // Runs once on mount across the whole app to apply persisted theme before first render flash

The export DEFAULTS was not found in module [project]/hooks/use-settings.ts [app-client] (ecmascript).
Did you mean to import useSettings?
All exports of the module are statically known (It doesn't have dynamic exports). So it's known statically that the requested export doesn't exist.

Import traces:
  Client Component Browser:
    ./components/settings/theme-applier.tsx [Client Component Browser]
    ./components/providers.tsx [Client Component Browser]
    ./components/providers.tsx [Server Component]
    ./app/layout.tsx [Server Component]

  Client Component SSR:
    ./components/settings/theme-applier.tsx [Client Component SSR]
    ./components/providers.tsx [Client Component SSR]
    ./components/providers.tsx [Server Component]
    ./app/layout.tsx [Server Component] @ http://localhost:3005/_next/static/chunks/node_modules_next_dist_b0a279d5._.js:1945
[  316357ms] [ERROR] ./components/settings/theme-applier.tsx:4:1
Export DEFAULTS doesn't exist in target module
  2 |
  3 | import { useEffect } from 'react'
> 4 | import { applyThemeToDOM, DEFAULTS } from '@/hooks/use-settings'
    | ^^^^^^^^^^^^^^^^^^^^^^^^^^^^^^^^^^^^^^^^^^^^^^^^^^^^^^^^^^^^^^^^
  5 | import type { AppSettings } from '@/hooks/use-settings'
  6 |
  7 | // Runs once on mount across the whole app to apply persisted theme before first render flash

The export DEFAULTS was not found in module [project]/hooks/use-settings.ts [app-ssr] (ecmascript).
Did you mean to import useSettings?
All exports of the module are statically known (It doesn't have dynamic exports). So it's known statically that the requested export doesn't exist.

Import traces:
  Client Component Browser:
    ./components/settings/theme-applier.tsx [Client Component Browser]
    ./components/providers.tsx [Client Component Browser]
    ./components/providers.tsx [Server Component]
    ./app/layout.tsx [Server Component]

  Client Component SSR:
    ./components/settings/theme-applier.tsx [Client Component SSR]
    ./components/providers.tsx [Client Component SSR]
    ./components/providers.tsx [Server Component]
    ./app/layout.tsx [Server Component] @ http://localhost:3005/_next/static/chunks/node_modules_next_dist_b0a279d5._.js:1945
[  316419ms] [ERROR] ./components/settings/theme-applier.tsx:4:1
Export DEFAULTS doesn't exist in target module
  2 |
  3 | import { useEffect } from 'react'
> 4 | import { applyThemeToDOM, DEFAULTS } from '@/hooks/use-settings'
    | ^^^^^^^^^^^^^^^^^^^^^^^^^^^^^^^^^^^^^^^^^^^^^^^^^^^^^^^^^^^^^^^^
  5 | import type { AppSettings } from '@/hooks/use-settings'
  6 |
  7 | // Runs once on mount across the whole app to apply persisted theme before first render flash

The export DEFAULTS was not found in module [project]/hooks/use-settings.ts [app-client] (ecmascript).
Did you mean to import useSettings?
All exports of the module are statically known (It doesn't have dynamic exports). So it's known statically that the requested export doesn't exist.

Import traces:
  Client Component Browser:
    ./components/settings/theme-applier.tsx [Client Component Browser]
    ./components/providers.tsx [Client Component Browser]
    ./components/providers.tsx [Server Component]
    ./app/layout.tsx [Server Component]

  Client Component SSR:
    ./components/settings/theme-applier.tsx [Client Component SSR]
    ./components/providers.tsx [Client Component SSR]
    ./components/providers.tsx [Server Component]
    ./app/layout.tsx [Server Component] @ http://localhost:3005/_next/static/chunks/node_modules_next_dist_b0a279d5._.js:1945
[  316419ms] [ERROR] ./components/settings/theme-applier.tsx:4:1
Export DEFAULTS doesn't exist in target module
  2 |
  3 | import { useEffect } from 'react'
> 4 | import { applyThemeToDOM, DEFAULTS } from '@/hooks/use-settings'
    | ^^^^^^^^^^^^^^^^^^^^^^^^^^^^^^^^^^^^^^^^^^^^^^^^^^^^^^^^^^^^^^^^
  5 | import type { AppSettings } from '@/hooks/use-settings'
  6 |
  7 | // Runs once on mount across the whole app to apply persisted theme before first render flash

The export DEFAULTS was not found in module [project]/hooks/use-settings.ts [app-ssr] (ecmascript).
Did you mean to import useSettings?
All exports of the module are statically known (It doesn't have dynamic exports). So it's known statically that the requested export doesn't exist.

Import traces:
  Client Component Browser:
    ./components/settings/theme-applier.tsx [Client Component Browser]
    ./components/providers.tsx [Client Component Browser]
    ./components/providers.tsx [Server Component]
    ./app/layout.tsx [Server Component]

  Client Component SSR:
    ./components/settings/theme-applier.tsx [Client Component SSR]
    ./components/providers.tsx [Client Component SSR]
    ./components/providers.tsx [Server Component]
    ./app/layout.tsx [Server Component] @ http://localhost:3005/_next/static/chunks/node_modules_next_dist_b0a279d5._.js:1945
[  316480ms] [ERROR] ./components/settings/theme-applier.tsx:4:1
Export DEFAULTS doesn't exist in target module
  2 |
  3 | import { useEffect } from 'react'
> 4 | import { applyThemeToDOM, DEFAULTS } from '@/hooks/use-settings'
    | ^^^^^^^^^^^^^^^^^^^^^^^^^^^^^^^^^^^^^^^^^^^^^^^^^^^^^^^^^^^^^^^^
  5 | import type { AppSettings } from '@/hooks/use-settings'
  6 |
  7 | // Runs once on mount across the whole app to apply persisted theme before first render flash

The export DEFAULTS was not found in module [project]/hooks/use-settings.ts [app-client] (ecmascript).
Did you mean to import useSettings?
All exports of the module are statically known (It doesn't have dynamic exports). So it's known statically that the requested export doesn't exist.

Import traces:
  Client Component Browser:
    ./components/settings/theme-applier.tsx [Client Component Browser]
    ./components/providers.tsx [Client Component Browser]
    ./components/providers.tsx [Server Component]
    ./app/layout.tsx [Server Component]

  Client Component SSR:
    ./components/settings/theme-applier.tsx [Client Component SSR]
    ./components/providers.tsx [Client Component SSR]
    ./components/providers.tsx [Server Component]
    ./app/layout.tsx [Server Component] @ http://localhost:3005/_next/static/chunks/node_modules_next_dist_b0a279d5._.js:1945
[  316480ms] [ERROR] ./components/settings/theme-applier.tsx:4:1
Export DEFAULTS doesn't exist in target module
  2 |
  3 | import { useEffect } from 'react'
> 4 | import { applyThemeToDOM, DEFAULTS } from '@/hooks/use-settings'
    | ^^^^^^^^^^^^^^^^^^^^^^^^^^^^^^^^^^^^^^^^^^^^^^^^^^^^^^^^^^^^^^^^
  5 | import type { AppSettings } from '@/hooks/use-settings'
  6 |
  7 | // Runs once on mount across the whole app to apply persisted theme before first render flash

The export DEFAULTS was not found in module [project]/hooks/use-settings.ts [app-ssr] (ecmascript).
Did you mean to import useSettings?
All exports of the module are statically known (It doesn't have dynamic exports). So it's known statically that the requested export doesn't exist.

Import traces:
  Client Component Browser:
    ./components/settings/theme-applier.tsx [Client Component Browser]
    ./components/providers.tsx [Client Component Browser]
    ./components/providers.tsx [Server Component]
    ./app/layout.tsx [Server Component]

  Client Component SSR:
    ./components/settings/theme-applier.tsx [Client Component SSR]
    ./components/providers.tsx [Client Component SSR]
    ./components/providers.tsx [Server Component]
    ./app/layout.tsx [Server Component] @ http://localhost:3005/_next/static/chunks/node_modules_next_dist_b0a279d5._.js:1945
[  316543ms] [ERROR] ./components/settings/theme-applier.tsx:4:1
Export DEFAULTS doesn't exist in target module
  2 |
  3 | import { useEffect } from 'react'
> 4 | import { applyThemeToDOM, DEFAULTS } from '@/hooks/use-settings'
    | ^^^^^^^^^^^^^^^^^^^^^^^^^^^^^^^^^^^^^^^^^^^^^^^^^^^^^^^^^^^^^^^^
  5 | import type { AppSettings } from '@/hooks/use-settings'
  6 |
  7 | // Runs once on mount across the whole app to apply persisted theme before first render flash

The export DEFAULTS was not found in module [project]/hooks/use-settings.ts [app-client] (ecmascript).
Did you mean to import useSettings?
All exports of the module are statically known (It doesn't have dynamic exports). So it's known statically that the requested export doesn't exist.

Import traces:
  Client Component Browser:
    ./components/settings/theme-applier.tsx [Client Component Browser]
    ./components/providers.tsx [Client Component Browser]
    ./components/providers.tsx [Server Component]
    ./app/layout.tsx [Server Component]

  Client Component SSR:
    ./components/settings/theme-applier.tsx [Client Component SSR]
    ./components/providers.tsx [Client Component SSR]
    ./components/providers.tsx [Server Component]
    ./app/layout.tsx [Server Component] @ http://localhost:3005/_next/static/chunks/node_modules_next_dist_b0a279d5._.js:1945
[  316543ms] [ERROR] ./components/settings/theme-applier.tsx:4:1
Export DEFAULTS doesn't exist in target module
  2 |
  3 | import { useEffect } from 'react'
> 4 | import { applyThemeToDOM, DEFAULTS } from '@/hooks/use-settings'
    | ^^^^^^^^^^^^^^^^^^^^^^^^^^^^^^^^^^^^^^^^^^^^^^^^^^^^^^^^^^^^^^^^
  5 | import type { AppSettings } from '@/hooks/use-settings'
  6 |
  7 | // Runs once on mount across the whole app to apply persisted theme before first render flash

The export DEFAULTS was not found in module [project]/hooks/use-settings.ts [app-ssr] (ecmascript).
Did you mean to import useSettings?
All exports of the module are statically known (It doesn't have dynamic exports). So it's known statically that the requested export doesn't exist.

Import traces:
  Client Component Browser:
    ./components/settings/theme-applier.tsx [Client Component Browser]
    ./components/providers.tsx [Client Component Browser]
    ./components/providers.tsx [Server Component]
    ./app/layout.tsx [Server Component]

  Client Component SSR:
    ./components/settings/theme-applier.tsx [Client Component SSR]
    ./components/providers.tsx [Client Component SSR]
    ./components/providers.tsx [Server Component]
    ./app/layout.tsx [Server Component] @ http://localhost:3005/_next/static/chunks/node_modules_next_dist_b0a279d5._.js:1945
[  316605ms] [ERROR] ./components/settings/theme-applier.tsx:4:1
Export DEFAULTS doesn't exist in target module
  2 |
  3 | import { useEffect } from 'react'
> 4 | import { applyThemeToDOM, DEFAULTS } from '@/hooks/use-settings'
    | ^^^^^^^^^^^^^^^^^^^^^^^^^^^^^^^^^^^^^^^^^^^^^^^^^^^^^^^^^^^^^^^^
  5 | import type { AppSettings } from '@/hooks/use-settings'
  6 |
  7 | // Runs once on mount across the whole app to apply persisted theme before first render flash

The export DEFAULTS was not found in module [project]/hooks/use-settings.ts [app-client] (ecmascript).
Did you mean to import useSettings?
All exports of the module are statically known (It doesn't have dynamic exports). So it's known statically that the requested export doesn't exist.

Import traces:
  Client Component Browser:
    ./components/settings/theme-applier.tsx [Client Component Browser]
    ./components/providers.tsx [Client Component Browser]
    ./components/providers.tsx [Server Component]
    ./app/layout.tsx [Server Component]

  Client Component SSR:
    ./components/settings/theme-applier.tsx [Client Component SSR]
    ./components/providers.tsx [Client Component SSR]
    ./components/providers.tsx [Server Component]
    ./app/layout.tsx [Server Component] @ http://localhost:3005/_next/static/chunks/node_modules_next_dist_b0a279d5._.js:1945
[  316605ms] [ERROR] ./components/settings/theme-applier.tsx:4:1
Export DEFAULTS doesn't exist in target module
  2 |
  3 | import { useEffect } from 'react'
> 4 | import { applyThemeToDOM, DEFAULTS } from '@/hooks/use-settings'
    | ^^^^^^^^^^^^^^^^^^^^^^^^^^^^^^^^^^^^^^^^^^^^^^^^^^^^^^^^^^^^^^^^
  5 | import type { AppSettings } from '@/hooks/use-settings'
  6 |
  7 | // Runs once on mount across the whole app to apply persisted theme before first render flash

The export DEFAULTS was not found in module [project]/hooks/use-settings.ts [app-ssr] (ecmascript).
Did you mean to import useSettings?
All exports of the module are statically known (It doesn't have dynamic exports). So it's known statically that the requested export doesn't exist.

Import traces:
  Client Component Browser:
    ./components/settings/theme-applier.tsx [Client Component Browser]
    ./components/providers.tsx [Client Component Browser]
    ./components/providers.tsx [Server Component]
    ./app/layout.tsx [Server Component]

  Client Component SSR:
    ./components/settings/theme-applier.tsx [Client Component SSR]
    ./components/providers.tsx [Client Component SSR]
    ./components/providers.tsx [Server Component]
    ./app/layout.tsx [Server Component] @ http://localhost:3005/_next/static/chunks/node_modules_next_dist_b0a279d5._.js:1945
[  316668ms] [ERROR] ./components/settings/theme-applier.tsx:4:1
Export DEFAULTS doesn't exist in target module
  2 |
  3 | import { useEffect } from 'react'
> 4 | import { applyThemeToDOM, DEFAULTS } from '@/hooks/use-settings'
    | ^^^^^^^^^^^^^^^^^^^^^^^^^^^^^^^^^^^^^^^^^^^^^^^^^^^^^^^^^^^^^^^^
  5 | import type { AppSettings } from '@/hooks/use-settings'
  6 |
  7 | // Runs once on mount across the whole app to apply persisted theme before first render flash

The export DEFAULTS was not found in module [project]/hooks/use-settings.ts [app-client] (ecmascript).
Did you mean to import useSettings?
All exports of the module are statically known (It doesn't have dynamic exports). So it's known statically that the requested export doesn't exist.

Import traces:
  Client Component Browser:
    ./components/settings/theme-applier.tsx [Client Component Browser]
    ./components/providers.tsx [Client Component Browser]
    ./components/providers.tsx [Server Component]
    ./app/layout.tsx [Server Component]

  Client Component SSR:
    ./components/settings/theme-applier.tsx [Client Component SSR]
    ./components/providers.tsx [Client Component SSR]
    ./components/providers.tsx [Server Component]
    ./app/layout.tsx [Server Component] @ http://localhost:3005/_next/static/chunks/node_modules_next_dist_b0a279d5._.js:1945
[  316668ms] [ERROR] ./components/settings/theme-applier.tsx:4:1
Export DEFAULTS doesn't exist in target module
  2 |
  3 | import { useEffect } from 'react'
> 4 | import { applyThemeToDOM, DEFAULTS } from '@/hooks/use-settings'
    | ^^^^^^^^^^^^^^^^^^^^^^^^^^^^^^^^^^^^^^^^^^^^^^^^^^^^^^^^^^^^^^^^
  5 | import type { AppSettings } from '@/hooks/use-settings'
  6 |
  7 | // Runs once on mount across the whole app to apply persisted theme before first render flash

The export DEFAULTS was not found in module [project]/hooks/use-settings.ts [app-ssr] (ecmascript).
Did you mean to import useSettings?
All exports of the module are statically known (It doesn't have dynamic exports). So it's known statically that the requested export doesn't exist.

Import traces:
  Client Component Browser:
    ./components/settings/theme-applier.tsx [Client Component Browser]
    ./components/providers.tsx [Client Component Browser]
    ./components/providers.tsx [Server Component]
    ./app/layout.tsx [Server Component]

  Client Component SSR:
    ./components/settings/theme-applier.tsx [Client Component SSR]
    ./components/providers.tsx [Client Component SSR]
    ./components/providers.tsx [Server Component]
    ./app/layout.tsx [Server Component] @ http://localhost:3005/_next/static/chunks/node_modules_next_dist_b0a279d5._.js:1945
[  316729ms] [ERROR] ./components/settings/theme-applier.tsx:4:1
Export DEFAULTS doesn't exist in target module
  2 |
  3 | import { useEffect } from 'react'
> 4 | import { applyThemeToDOM, DEFAULTS } from '@/hooks/use-settings'
    | ^^^^^^^^^^^^^^^^^^^^^^^^^^^^^^^^^^^^^^^^^^^^^^^^^^^^^^^^^^^^^^^^
  5 | import type { AppSettings } from '@/hooks/use-settings'
  6 |
  7 | // Runs once on mount across the whole app to apply persisted theme before first render flash

The export DEFAULTS was not found in module [project]/hooks/use-settings.ts [app-client] (ecmascript).
Did you mean to import useSettings?
All exports of the module are statically known (It doesn't have dynamic exports). So it's known statically that the requested export doesn't exist.

Import traces:
  Client Component Browser:
    ./components/settings/theme-applier.tsx [Client Component Browser]
    ./components/providers.tsx [Client Component Browser]
    ./components/providers.tsx [Server Component]
    ./app/layout.tsx [Server Component]

  Client Component SSR:
    ./components/settings/theme-applier.tsx [Client Component SSR]
    ./components/providers.tsx [Client Component SSR]
    ./components/providers.tsx [Server Component]
    ./app/layout.tsx [Server Component] @ http://localhost:3005/_next/static/chunks/node_modules_next_dist_b0a279d5._.js:1945
[  316730ms] [ERROR] ./components/settings/theme-applier.tsx:4:1
Export DEFAULTS doesn't exist in target module
  2 |
  3 | import { useEffect } from 'react'
> 4 | import { applyThemeToDOM, DEFAULTS } from '@/hooks/use-settings'
    | ^^^^^^^^^^^^^^^^^^^^^^^^^^^^^^^^^^^^^^^^^^^^^^^^^^^^^^^^^^^^^^^^
  5 | import type { AppSettings } from '@/hooks/use-settings'
  6 |
  7 | // Runs once on mount across the whole app to apply persisted theme before first render flash

The export DEFAULTS was not found in module [project]/hooks/use-settings.ts [app-ssr] (ecmascript).
Did you mean to import useSettings?
All exports of the module are statically known (It doesn't have dynamic exports). So it's known statically that the requested export doesn't exist.

Import traces:
  Client Component Browser:
    ./components/settings/theme-applier.tsx [Client Component Browser]
    ./components/providers.tsx [Client Component Browser]
    ./components/providers.tsx [Server Component]
    ./app/layout.tsx [Server Component]

  Client Component SSR:
    ./components/settings/theme-applier.tsx [Client Component SSR]
    ./components/providers.tsx [Client Component SSR]
    ./components/providers.tsx [Server Component]
    ./app/layout.tsx [Server Component] @ http://localhost:3005/_next/static/chunks/node_modules_next_dist_b0a279d5._.js:1945
[  316792ms] [ERROR] ./components/settings/theme-applier.tsx:4:1
Export DEFAULTS doesn't exist in target module
  2 |
  3 | import { useEffect } from 'react'
> 4 | import { applyThemeToDOM, DEFAULTS } from '@/hooks/use-settings'
    | ^^^^^^^^^^^^^^^^^^^^^^^^^^^^^^^^^^^^^^^^^^^^^^^^^^^^^^^^^^^^^^^^
  5 | import type { AppSettings } from '@/hooks/use-settings'
  6 |
  7 | // Runs once on mount across the whole app to apply persisted theme before first render flash

The export DEFAULTS was not found in module [project]/hooks/use-settings.ts [app-client] (ecmascript).
Did you mean to import useSettings?
All exports of the module are statically known (It doesn't have dynamic exports). So it's known statically that the requested export doesn't exist.

Import traces:
  Client Component Browser:
    ./components/settings/theme-applier.tsx [Client Component Browser]
    ./components/providers.tsx [Client Component Browser]
    ./components/providers.tsx [Server Component]
    ./app/layout.tsx [Server Component]

  Client Component SSR:
    ./components/settings/theme-applier.tsx [Client Component SSR]
    ./components/providers.tsx [Client Component SSR]
    ./components/providers.tsx [Server Component]
    ./app/layout.tsx [Server Component] @ http://localhost:3005/_next/static/chunks/node_modules_next_dist_b0a279d5._.js:1945
[  316792ms] [ERROR] ./components/settings/theme-applier.tsx:4:1
Export DEFAULTS doesn't exist in target module
  2 |
  3 | import { useEffect } from 'react'
> 4 | import { applyThemeToDOM, DEFAULTS } from '@/hooks/use-settings'
    | ^^^^^^^^^^^^^^^^^^^^^^^^^^^^^^^^^^^^^^^^^^^^^^^^^^^^^^^^^^^^^^^^
  5 | import type { AppSettings } from '@/hooks/use-settings'
  6 |
  7 | // Runs once on mount across the whole app to apply persisted theme before first render flash

The export DEFAULTS was not found in module [project]/hooks/use-settings.ts [app-ssr] (ecmascript).
Did you mean to import useSettings?
All exports of the module are statically known (It doesn't have dynamic exports). So it's known statically that the requested export doesn't exist.

Import traces:
  Client Component Browser:
    ./components/settings/theme-applier.tsx [Client Component Browser]
    ./components/providers.tsx [Client Component Browser]
    ./components/providers.tsx [Server Component]
    ./app/layout.tsx [Server Component]

  Client Component SSR:
    ./components/settings/theme-applier.tsx [Client Component SSR]
    ./components/providers.tsx [Client Component SSR]
    ./components/providers.tsx [Server Component]
    ./app/layout.tsx [Server Component] @ http://localhost:3005/_next/static/chunks/node_modules_next_dist_b0a279d5._.js:1945
[  316854ms] [ERROR] ./components/settings/theme-applier.tsx:4:1
Export DEFAULTS doesn't exist in target module
  2 |
  3 | import { useEffect } from 'react'
> 4 | import { applyThemeToDOM, DEFAULTS } from '@/hooks/use-settings'
    | ^^^^^^^^^^^^^^^^^^^^^^^^^^^^^^^^^^^^^^^^^^^^^^^^^^^^^^^^^^^^^^^^
  5 | import type { AppSettings } from '@/hooks/use-settings'
  6 |
  7 | // Runs once on mount across the whole app to apply persisted theme before first render flash

The export DEFAULTS was not found in module [project]/hooks/use-settings.ts [app-client] (ecmascript).
Did you mean to import useSettings?
All exports of the module are statically known (It doesn't have dynamic exports). So it's known statically that the requested export doesn't exist.

Import traces:
  Client Component Browser:
    ./components/settings/theme-applier.tsx [Client Component Browser]
    ./components/providers.tsx [Client Component Browser]
    ./components/providers.tsx [Server Component]
    ./app/layout.tsx [Server Component]

  Client Component SSR:
    ./components/settings/theme-applier.tsx [Client Component SSR]
    ./components/providers.tsx [Client Component SSR]
    ./components/providers.tsx [Server Component]
    ./app/layout.tsx [Server Component] @ http://localhost:3005/_next/static/chunks/node_modules_next_dist_b0a279d5._.js:1945
[  316854ms] [ERROR] ./components/settings/theme-applier.tsx:4:1
Export DEFAULTS doesn't exist in target module
  2 |
  3 | import { useEffect } from 'react'
> 4 | import { applyThemeToDOM, DEFAULTS } from '@/hooks/use-settings'
    | ^^^^^^^^^^^^^^^^^^^^^^^^^^^^^^^^^^^^^^^^^^^^^^^^^^^^^^^^^^^^^^^^
  5 | import type { AppSettings } from '@/hooks/use-settings'
  6 |
  7 | // Runs once on mount across the whole app to apply persisted theme before first render flash

The export DEFAULTS was not found in module [project]/hooks/use-settings.ts [app-ssr] (ecmascript).
Did you mean to import useSettings?
All exports of the module are statically known (It doesn't have dynamic exports). So it's known statically that the requested export doesn't exist.

Import traces:
  Client Component Browser:
    ./components/settings/theme-applier.tsx [Client Component Browser]
    ./components/providers.tsx [Client Component Browser]
    ./components/providers.tsx [Server Component]
    ./app/layout.tsx [Server Component]

  Client Component SSR:
    ./components/settings/theme-applier.tsx [Client Component SSR]
    ./components/providers.tsx [Client Component SSR]
    ./components/providers.tsx [Server Component]
    ./app/layout.tsx [Server Component] @ http://localhost:3005/_next/static/chunks/node_modules_next_dist_b0a279d5._.js:1945
[  316917ms] [ERROR] ./components/settings/theme-applier.tsx:4:1
Export DEFAULTS doesn't exist in target module
  2 |
  3 | import { useEffect } from 'react'
> 4 | import { applyThemeToDOM, DEFAULTS } from '@/hooks/use-settings'
    | ^^^^^^^^^^^^^^^^^^^^^^^^^^^^^^^^^^^^^^^^^^^^^^^^^^^^^^^^^^^^^^^^
  5 | import type { AppSettings } from '@/hooks/use-settings'
  6 |
  7 | // Runs once on mount across the whole app to apply persisted theme before first render flash

The export DEFAULTS was not found in module [project]/hooks/use-settings.ts [app-client] (ecmascript).
Did you mean to import useSettings?
All exports of the module are statically known (It doesn't have dynamic exports). So it's known statically that the requested export doesn't exist.

Import traces:
  Client Component Browser:
    ./components/settings/theme-applier.tsx [Client Component Browser]
    ./components/providers.tsx [Client Component Browser]
    ./components/providers.tsx [Server Component]
    ./app/layout.tsx [Server Component]

  Client Component SSR:
    ./components/settings/theme-applier.tsx [Client Component SSR]
    ./components/providers.tsx [Client Component SSR]
    ./components/providers.tsx [Server Component]
    ./app/layout.tsx [Server Component] @ http://localhost:3005/_next/static/chunks/node_modules_next_dist_b0a279d5._.js:1945
[  316917ms] [ERROR] ./components/settings/theme-applier.tsx:4:1
Export DEFAULTS doesn't exist in target module
  2 |
  3 | import { useEffect } from 'react'
> 4 | import { applyThemeToDOM, DEFAULTS } from '@/hooks/use-settings'
    | ^^^^^^^^^^^^^^^^^^^^^^^^^^^^^^^^^^^^^^^^^^^^^^^^^^^^^^^^^^^^^^^^
  5 | import type { AppSettings } from '@/hooks/use-settings'
  6 |
  7 | // Runs once on mount across the whole app to apply persisted theme before first render flash

The export DEFAULTS was not found in module [project]/hooks/use-settings.ts [app-ssr] (ecmascript).
Did you mean to import useSettings?
All exports of the module are statically known (It doesn't have dynamic exports). So it's known statically that the requested export doesn't exist.

Import traces:
  Client Component Browser:
    ./components/settings/theme-applier.tsx [Client Component Browser]
    ./components/providers.tsx [Client Component Browser]
    ./components/providers.tsx [Server Component]
    ./app/layout.tsx [Server Component]

  Client Component SSR:
    ./components/settings/theme-applier.tsx [Client Component SSR]
    ./components/providers.tsx [Client Component SSR]
    ./components/providers.tsx [Server Component]
    ./app/layout.tsx [Server Component] @ http://localhost:3005/_next/static/chunks/node_modules_next_dist_b0a279d5._.js:1945
[  317003ms] [ERROR] ./components/settings/theme-applier.tsx:4:1
Export DEFAULTS doesn't exist in target module
  2 |
  3 | import { useEffect } from 'react'
> 4 | import { applyThemeToDOM, DEFAULTS } from '@/hooks/use-settings'
    | ^^^^^^^^^^^^^^^^^^^^^^^^^^^^^^^^^^^^^^^^^^^^^^^^^^^^^^^^^^^^^^^^
  5 | import type { AppSettings } from '@/hooks/use-settings'
  6 |
  7 | // Runs once on mount across the whole app to apply persisted theme before first render flash

The export DEFAULTS was not found in module [project]/hooks/use-settings.ts [app-client] (ecmascript).
Did you mean to import useSettings?
All exports of the module are statically known (It doesn't have dynamic exports). So it's known statically that the requested export doesn't exist.

Import traces:
  Client Component Browser:
    ./components/settings/theme-applier.tsx [Client Component Browser]
    ./components/providers.tsx [Client Component Browser]
    ./components/providers.tsx [Server Component]
    ./app/layout.tsx [Server Component]

  Client Component SSR:
    ./components/settings/theme-applier.tsx [Client Component SSR]
    ./components/providers.tsx [Client Component SSR]
    ./components/providers.tsx [Server Component]
    ./app/layout.tsx [Server Component] @ http://localhost:3005/_next/static/chunks/node_modules_next_dist_b0a279d5._.js:1945
[  317004ms] [ERROR] ./components/settings/theme-applier.tsx:4:1
Export DEFAULTS doesn't exist in target module
  2 |
  3 | import { useEffect } from 'react'
> 4 | import { applyThemeToDOM, DEFAULTS } from '@/hooks/use-settings'
    | ^^^^^^^^^^^^^^^^^^^^^^^^^^^^^^^^^^^^^^^^^^^^^^^^^^^^^^^^^^^^^^^^
  5 | import type { AppSettings } from '@/hooks/use-settings'
  6 |
  7 | // Runs once on mount across the whole app to apply persisted theme before first render flash

The export DEFAULTS was not found in module [project]/hooks/use-settings.ts [app-ssr] (ecmascript).
Did you mean to import useSettings?
All exports of the module are statically known (It doesn't have dynamic exports). So it's known statically that the requested export doesn't exist.

Import traces:
  Client Component Browser:
    ./components/settings/theme-applier.tsx [Client Component Browser]
    ./components/providers.tsx [Client Component Browser]
    ./components/providers.tsx [Server Component]
    ./app/layout.tsx [Server Component]

  Client Component SSR:
    ./components/settings/theme-applier.tsx [Client Component SSR]
    ./components/providers.tsx [Client Component SSR]
    ./components/providers.tsx [Server Component]
    ./app/layout.tsx [Server Component] @ http://localhost:3005/_next/static/chunks/node_modules_next_dist_b0a279d5._.js:1945
[  317071ms] [ERROR] ./components/settings/theme-applier.tsx:4:1
Export DEFAULTS doesn't exist in target module
  2 |
  3 | import { useEffect } from 'react'
> 4 | import { applyThemeToDOM, DEFAULTS } from '@/hooks/use-settings'
    | ^^^^^^^^^^^^^^^^^^^^^^^^^^^^^^^^^^^^^^^^^^^^^^^^^^^^^^^^^^^^^^^^
  5 | import type { AppSettings } from '@/hooks/use-settings'
  6 |
  7 | // Runs once on mount across the whole app to apply persisted theme before first render flash

The export DEFAULTS was not found in module [project]/hooks/use-settings.ts [app-client] (ecmascript).
Did you mean to import useSettings?
All exports of the module are statically known (It doesn't have dynamic exports). So it's known statically that the requested export doesn't exist.

Import traces:
  Client Component Browser:
    ./components/settings/theme-applier.tsx [Client Component Browser]
    ./components/providers.tsx [Client Component Browser]
    ./components/providers.tsx [Server Component]
    ./app/layout.tsx [Server Component]

  Client Component SSR:
    ./components/settings/theme-applier.tsx [Client Component SSR]
    ./components/providers.tsx [Client Component SSR]
    ./components/providers.tsx [Server Component]
    ./app/layout.tsx [Server Component] @ http://localhost:3005/_next/static/chunks/node_modules_next_dist_b0a279d5._.js:1945
[  317071ms] [ERROR] ./components/settings/theme-applier.tsx:4:1
Export DEFAULTS doesn't exist in target module
  2 |
  3 | import { useEffect } from 'react'
> 4 | import { applyThemeToDOM, DEFAULTS } from '@/hooks/use-settings'
    | ^^^^^^^^^^^^^^^^^^^^^^^^^^^^^^^^^^^^^^^^^^^^^^^^^^^^^^^^^^^^^^^^
  5 | import type { AppSettings } from '@/hooks/use-settings'
  6 |
  7 | // Runs once on mount across the whole app to apply persisted theme before first render flash

The export DEFAULTS was not found in module [project]/hooks/use-settings.ts [app-ssr] (ecmascript).
Did you mean to import useSettings?
All exports of the module are statically known (It doesn't have dynamic exports). So it's known statically that the requested export doesn't exist.

Import traces:
  Client Component Browser:
    ./components/settings/theme-applier.tsx [Client Component Browser]
    ./components/providers.tsx [Client Component Browser]
    ./components/providers.tsx [Server Component]
    ./app/layout.tsx [Server Component]

  Client Component SSR:
    ./components/settings/theme-applier.tsx [Client Component SSR]
    ./components/providers.tsx [Client Component SSR]
    ./components/providers.tsx [Server Component]
    ./app/layout.tsx [Server Component] @ http://localhost:3005/_next/static/chunks/node_modules_next_dist_b0a279d5._.js:1945
[  317133ms] [ERROR] ./components/settings/theme-applier.tsx:4:1
Export DEFAULTS doesn't exist in target module
  2 |
  3 | import { useEffect } from 'react'
> 4 | import { applyThemeToDOM, DEFAULTS } from '@/hooks/use-settings'
    | ^^^^^^^^^^^^^^^^^^^^^^^^^^^^^^^^^^^^^^^^^^^^^^^^^^^^^^^^^^^^^^^^
  5 | import type { AppSettings } from '@/hooks/use-settings'
  6 |
  7 | // Runs once on mount across the whole app to apply persisted theme before first render flash

The export DEFAULTS was not found in module [project]/hooks/use-settings.ts [app-client] (ecmascript).
Did you mean to import useSettings?
All exports of the module are statically known (It doesn't have dynamic exports). So it's known statically that the requested export doesn't exist.

Import traces:
  Client Component Browser:
    ./components/settings/theme-applier.tsx [Client Component Browser]
    ./components/providers.tsx [Client Component Browser]
    ./components/providers.tsx [Server Component]
    ./app/layout.tsx [Server Component]

  Client Component SSR:
    ./components/settings/theme-applier.tsx [Client Component SSR]
    ./components/providers.tsx [Client Component SSR]
    ./components/providers.tsx [Server Component]
    ./app/layout.tsx [Server Component] @ http://localhost:3005/_next/static/chunks/node_modules_next_dist_b0a279d5._.js:1945
[  317133ms] [ERROR] ./components/settings/theme-applier.tsx:4:1
Export DEFAULTS doesn't exist in target module
  2 |
  3 | import { useEffect } from 'react'
> 4 | import { applyThemeToDOM, DEFAULTS } from '@/hooks/use-settings'
    | ^^^^^^^^^^^^^^^^^^^^^^^^^^^^^^^^^^^^^^^^^^^^^^^^^^^^^^^^^^^^^^^^
  5 | import type { AppSettings } from '@/hooks/use-settings'
  6 |
  7 | // Runs once on mount across the whole app to apply persisted theme before first render flash

The export DEFAULTS was not found in module [project]/hooks/use-settings.ts [app-ssr] (ecmascript).
Did you mean to import useSettings?
All exports of the module are statically known (It doesn't have dynamic exports). So it's known statically that the requested export doesn't exist.

Import traces:
  Client Component Browser:
    ./components/settings/theme-applier.tsx [Client Component Browser]
    ./components/providers.tsx [Client Component Browser]
    ./components/providers.tsx [Server Component]
    ./app/layout.tsx [Server Component]

  Client Component SSR:
    ./components/settings/theme-applier.tsx [Client Component SSR]
    ./components/providers.tsx [Client Component SSR]
    ./components/providers.tsx [Server Component]
    ./app/layout.tsx [Server Component] @ http://localhost:3005/_next/static/chunks/node_modules_next_dist_b0a279d5._.js:1945
[  317195ms] [ERROR] ./components/settings/theme-applier.tsx:4:1
Export DEFAULTS doesn't exist in target module
  2 |
  3 | import { useEffect } from 'react'
> 4 | import { applyThemeToDOM, DEFAULTS } from '@/hooks/use-settings'
    | ^^^^^^^^^^^^^^^^^^^^^^^^^^^^^^^^^^^^^^^^^^^^^^^^^^^^^^^^^^^^^^^^
  5 | import type { AppSettings } from '@/hooks/use-settings'
  6 |
  7 | // Runs once on mount across the whole app to apply persisted theme before first render flash

The export DEFAULTS was not found in module [project]/hooks/use-settings.ts [app-client] (ecmascript).
Did you mean to import useSettings?
All exports of the module are statically known (It doesn't have dynamic exports). So it's known statically that the requested export doesn't exist.

Import traces:
  Client Component Browser:
    ./components/settings/theme-applier.tsx [Client Component Browser]
    ./components/providers.tsx [Client Component Browser]
    ./components/providers.tsx [Server Component]
    ./app/layout.tsx [Server Component]

  Client Component SSR:
    ./components/settings/theme-applier.tsx [Client Component SSR]
    ./components/providers.tsx [Client Component SSR]
    ./components/providers.tsx [Server Component]
    ./app/layout.tsx [Server Component] @ http://localhost:3005/_next/static/chunks/node_modules_next_dist_b0a279d5._.js:1945
[  317195ms] [ERROR] ./components/settings/theme-applier.tsx:4:1
Export DEFAULTS doesn't exist in target module
  2 |
  3 | import { useEffect } from 'react'
> 4 | import { applyThemeToDOM, DEFAULTS } from '@/hooks/use-settings'
    | ^^^^^^^^^^^^^^^^^^^^^^^^^^^^^^^^^^^^^^^^^^^^^^^^^^^^^^^^^^^^^^^^
  5 | import type { AppSettings } from '@/hooks/use-settings'
  6 |
  7 | // Runs once on mount across the whole app to apply persisted theme before first render flash

The export DEFAULTS was not found in module [project]/hooks/use-settings.ts [app-ssr] (ecmascript).
Did you mean to import useSettings?
All exports of the module are statically known (It doesn't have dynamic exports). So it's known statically that the requested export doesn't exist.

Import traces:
  Client Component Browser:
    ./components/settings/theme-applier.tsx [Client Component Browser]
    ./components/providers.tsx [Client Component Browser]
    ./components/providers.tsx [Server Component]
    ./app/layout.tsx [Server Component]

  Client Component SSR:
    ./components/settings/theme-applier.tsx [Client Component SSR]
    ./components/providers.tsx [Client Component SSR]
    ./components/providers.tsx [Server Component]
    ./app/layout.tsx [Server Component] @ http://localhost:3005/_next/static/chunks/node_modules_next_dist_b0a279d5._.js:1945
[  317260ms] [ERROR] ./components/settings/theme-applier.tsx:4:1
Export DEFAULTS doesn't exist in target module
  2 |
  3 | import { useEffect } from 'react'
> 4 | import { applyThemeToDOM, DEFAULTS } from '@/hooks/use-settings'
    | ^^^^^^^^^^^^^^^^^^^^^^^^^^^^^^^^^^^^^^^^^^^^^^^^^^^^^^^^^^^^^^^^
  5 | import type { AppSettings } from '@/hooks/use-settings'
  6 |
  7 | // Runs once on mount across the whole app to apply persisted theme before first render flash

The export DEFAULTS was not found in module [project]/hooks/use-settings.ts [app-client] (ecmascript).
Did you mean to import useSettings?
All exports of the module are statically known (It doesn't have dynamic exports). So it's known statically that the requested export doesn't exist.

Import traces:
  Client Component Browser:
    ./components/settings/theme-applier.tsx [Client Component Browser]
    ./components/providers.tsx [Client Component Browser]
    ./components/providers.tsx [Server Component]
    ./app/layout.tsx [Server Component]

  Client Component SSR:
    ./components/settings/theme-applier.tsx [Client Component SSR]
    ./components/providers.tsx [Client Component SSR]
    ./components/providers.tsx [Server Component]
    ./app/layout.tsx [Server Component] @ http://localhost:3005/_next/static/chunks/node_modules_next_dist_b0a279d5._.js:1945
[  317260ms] [ERROR] ./components/settings/theme-applier.tsx:4:1
Export DEFAULTS doesn't exist in target module
  2 |
  3 | import { useEffect } from 'react'
> 4 | import { applyThemeToDOM, DEFAULTS } from '@/hooks/use-settings'
    | ^^^^^^^^^^^^^^^^^^^^^^^^^^^^^^^^^^^^^^^^^^^^^^^^^^^^^^^^^^^^^^^^
  5 | import type { AppSettings } from '@/hooks/use-settings'
  6 |
  7 | // Runs once on mount across the whole app to apply persisted theme before first render flash

The export DEFAULTS was not found in module [project]/hooks/use-settings.ts [app-ssr] (ecmascript).
Did you mean to import useSettings?
All exports of the module are statically known (It doesn't have dynamic exports). So it's known statically that the requested export doesn't exist.

Import traces:
  Client Component Browser:
    ./components/settings/theme-applier.tsx [Client Component Browser]
    ./components/providers.tsx [Client Component Browser]
    ./components/providers.tsx [Server Component]
    ./app/layout.tsx [Server Component]

  Client Component SSR:
    ./components/settings/theme-applier.tsx [Client Component SSR]
    ./components/providers.tsx [Client Component SSR]
    ./components/providers.tsx [Server Component]
    ./app/layout.tsx [Server Component] @ http://localhost:3005/_next/static/chunks/node_modules_next_dist_b0a279d5._.js:1945
[  317320ms] [ERROR] ./components/settings/theme-applier.tsx:4:1
Export DEFAULTS doesn't exist in target module
  2 |
  3 | import { useEffect } from 'react'
> 4 | import { applyThemeToDOM, DEFAULTS } from '@/hooks/use-settings'
    | ^^^^^^^^^^^^^^^^^^^^^^^^^^^^^^^^^^^^^^^^^^^^^^^^^^^^^^^^^^^^^^^^
  5 | import type { AppSettings } from '@/hooks/use-settings'
  6 |
  7 | // Runs once on mount across the whole app to apply persisted theme before first render flash

The export DEFAULTS was not found in module [project]/hooks/use-settings.ts [app-client] (ecmascript).
Did you mean to import useSettings?
All exports of the module are statically known (It doesn't have dynamic exports). So it's known statically that the requested export doesn't exist.

Import traces:
  Client Component Browser:
    ./components/settings/theme-applier.tsx [Client Component Browser]
    ./components/providers.tsx [Client Component Browser]
    ./components/providers.tsx [Server Component]
    ./app/layout.tsx [Server Component]

  Client Component SSR:
    ./components/settings/theme-applier.tsx [Client Component SSR]
    ./components/providers.tsx [Client Component SSR]
    ./components/providers.tsx [Server Component]
    ./app/layout.tsx [Server Component] @ http://localhost:3005/_next/static/chunks/node_modules_next_dist_b0a279d5._.js:1945
[  317320ms] [ERROR] ./components/settings/theme-applier.tsx:4:1
Export DEFAULTS doesn't exist in target module
  2 |
  3 | import { useEffect } from 'react'
> 4 | import { applyThemeToDOM, DEFAULTS } from '@/hooks/use-settings'
    | ^^^^^^^^^^^^^^^^^^^^^^^^^^^^^^^^^^^^^^^^^^^^^^^^^^^^^^^^^^^^^^^^
  5 | import type { AppSettings } from '@/hooks/use-settings'
  6 |
  7 | // Runs once on mount across the whole app to apply persisted theme before first render flash

The export DEFAULTS was not found in module [project]/hooks/use-settings.ts [app-ssr] (ecmascript).
Did you mean to import useSettings?
All exports of the module are statically known (It doesn't have dynamic exports). So it's known statically that the requested export doesn't exist.

Import traces:
  Client Component Browser:
    ./components/settings/theme-applier.tsx [Client Component Browser]
    ./components/providers.tsx [Client Component Browser]
    ./components/providers.tsx [Server Component]
    ./app/layout.tsx [Server Component]

  Client Component SSR:
    ./components/settings/theme-applier.tsx [Client Component SSR]
    ./components/providers.tsx [Client Component SSR]
    ./components/providers.tsx [Server Component]
    ./app/layout.tsx [Server Component] @ http://localhost:3005/_next/static/chunks/node_modules_next_dist_b0a279d5._.js:1945
[  317382ms] [ERROR] ./components/settings/theme-applier.tsx:4:1
Export DEFAULTS doesn't exist in target module
  2 |
  3 | import { useEffect } from 'react'
> 4 | import { applyThemeToDOM, DEFAULTS } from '@/hooks/use-settings'
    | ^^^^^^^^^^^^^^^^^^^^^^^^^^^^^^^^^^^^^^^^^^^^^^^^^^^^^^^^^^^^^^^^
  5 | import type { AppSettings } from '@/hooks/use-settings'
  6 |
  7 | // Runs once on mount across the whole app to apply persisted theme before first render flash

The export DEFAULTS was not found in module [project]/hooks/use-settings.ts [app-client] (ecmascript).
Did you mean to import useSettings?
All exports of the module are statically known (It doesn't have dynamic exports). So it's known statically that the requested export doesn't exist.

Import traces:
  Client Component Browser:
    ./components/settings/theme-applier.tsx [Client Component Browser]
    ./components/providers.tsx [Client Component Browser]
    ./components/providers.tsx [Server Component]
    ./app/layout.tsx [Server Component]

  Client Component SSR:
    ./components/settings/theme-applier.tsx [Client Component SSR]
    ./components/providers.tsx [Client Component SSR]
    ./components/providers.tsx [Server Component]
    ./app/layout.tsx [Server Component] @ http://localhost:3005/_next/static/chunks/node_modules_next_dist_b0a279d5._.js:1945
[  317382ms] [ERROR] ./components/settings/theme-applier.tsx:4:1
Export DEFAULTS doesn't exist in target module
  2 |
  3 | import { useEffect } from 'react'
> 4 | import { applyThemeToDOM, DEFAULTS } from '@/hooks/use-settings'
    | ^^^^^^^^^^^^^^^^^^^^^^^^^^^^^^^^^^^^^^^^^^^^^^^^^^^^^^^^^^^^^^^^
  5 | import type { AppSettings } from '@/hooks/use-settings'
  6 |
  7 | // Runs once on mount across the whole app to apply persisted theme before first render flash

The export DEFAULTS was not found in module [project]/hooks/use-settings.ts [app-ssr] (ecmascript).
Did you mean to import useSettings?
All exports of the module are statically known (It doesn't have dynamic exports). So it's known statically that the requested export doesn't exist.

Import traces:
  Client Component Browser:
    ./components/settings/theme-applier.tsx [Client Component Browser]
    ./components/providers.tsx [Client Component Browser]
    ./components/providers.tsx [Server Component]
    ./app/layout.tsx [Server Component]

  Client Component SSR:
    ./components/settings/theme-applier.tsx [Client Component SSR]
    ./components/providers.tsx [Client Component SSR]
    ./components/providers.tsx [Server Component]
    ./app/layout.tsx [Server Component] @ http://localhost:3005/_next/static/chunks/node_modules_next_dist_b0a279d5._.js:1945
[  317443ms] [ERROR] ./components/settings/theme-applier.tsx:4:1
Export DEFAULTS doesn't exist in target module
  2 |
  3 | import { useEffect } from 'react'
> 4 | import { applyThemeToDOM, DEFAULTS } from '@/hooks/use-settings'
    | ^^^^^^^^^^^^^^^^^^^^^^^^^^^^^^^^^^^^^^^^^^^^^^^^^^^^^^^^^^^^^^^^
  5 | import type { AppSettings } from '@/hooks/use-settings'
  6 |
  7 | // Runs once on mount across the whole app to apply persisted theme before first render flash

The export DEFAULTS was not found in module [project]/hooks/use-settings.ts [app-client] (ecmascript).
Did you mean to import useSettings?
All exports of the module are statically known (It doesn't have dynamic exports). So it's known statically that the requested export doesn't exist.

Import traces:
  Client Component Browser:
    ./components/settings/theme-applier.tsx [Client Component Browser]
    ./components/providers.tsx [Client Component Browser]
    ./components/providers.tsx [Server Component]
    ./app/layout.tsx [Server Component]

  Client Component SSR:
    ./components/settings/theme-applier.tsx [Client Component SSR]
    ./components/providers.tsx [Client Component SSR]
    ./components/providers.tsx [Server Component]
    ./app/layout.tsx [Server Component] @ http://localhost:3005/_next/static/chunks/node_modules_next_dist_b0a279d5._.js:1945
[  317444ms] [ERROR] ./components/settings/theme-applier.tsx:4:1
Export DEFAULTS doesn't exist in target module
  2 |
  3 | import { useEffect } from 'react'
> 4 | import { applyThemeToDOM, DEFAULTS } from '@/hooks/use-settings'
    | ^^^^^^^^^^^^^^^^^^^^^^^^^^^^^^^^^^^^^^^^^^^^^^^^^^^^^^^^^^^^^^^^
  5 | import type { AppSettings } from '@/hooks/use-settings'
  6 |
  7 | // Runs once on mount across the whole app to apply persisted theme before first render flash

The export DEFAULTS was not found in module [project]/hooks/use-settings.ts [app-ssr] (ecmascript).
Did you mean to import useSettings?
All exports of the module are statically known (It doesn't have dynamic exports). So it's known statically that the requested export doesn't exist.

Import traces:
  Client Component Browser:
    ./components/settings/theme-applier.tsx [Client Component Browser]
    ./components/providers.tsx [Client Component Browser]
    ./components/providers.tsx [Server Component]
    ./app/layout.tsx [Server Component]

  Client Component SSR:
    ./components/settings/theme-applier.tsx [Client Component SSR]
    ./components/providers.tsx [Client Component SSR]
    ./components/providers.tsx [Server Component]
    ./app/layout.tsx [Server Component] @ http://localhost:3005/_next/static/chunks/node_modules_next_dist_b0a279d5._.js:1945
[  317506ms] [ERROR] ./components/settings/theme-applier.tsx:4:1
Export DEFAULTS doesn't exist in target module
  2 |
  3 | import { useEffect } from 'react'
> 4 | import { applyThemeToDOM, DEFAULTS } from '@/hooks/use-settings'
    | ^^^^^^^^^^^^^^^^^^^^^^^^^^^^^^^^^^^^^^^^^^^^^^^^^^^^^^^^^^^^^^^^
  5 | import type { AppSettings } from '@/hooks/use-settings'
  6 |
  7 | // Runs once on mount across the whole app to apply persisted theme before first render flash

The export DEFAULTS was not found in module [project]/hooks/use-settings.ts [app-client] (ecmascript).
Did you mean to import useSettings?
All exports of the module are statically known (It doesn't have dynamic exports). So it's known statically that the requested export doesn't exist.

Import traces:
  Client Component Browser:
    ./components/settings/theme-applier.tsx [Client Component Browser]
    ./components/providers.tsx [Client Component Browser]
    ./components/providers.tsx [Server Component]
    ./app/layout.tsx [Server Component]

  Client Component SSR:
    ./components/settings/theme-applier.tsx [Client Component SSR]
    ./components/providers.tsx [Client Component SSR]
    ./components/providers.tsx [Server Component]
    ./app/layout.tsx [Server Component] @ http://localhost:3005/_next/static/chunks/node_modules_next_dist_b0a279d5._.js:1945
[  317507ms] [ERROR] ./components/settings/theme-applier.tsx:4:1
Export DEFAULTS doesn't exist in target module
  2 |
  3 | import { useEffect } from 'react'
> 4 | import { applyThemeToDOM, DEFAULTS } from '@/hooks/use-settings'
    | ^^^^^^^^^^^^^^^^^^^^^^^^^^^^^^^^^^^^^^^^^^^^^^^^^^^^^^^^^^^^^^^^
  5 | import type { AppSettings } from '@/hooks/use-settings'
  6 |
  7 | // Runs once on mount across the whole app to apply persisted theme before first render flash

The export DEFAULTS was not found in module [project]/hooks/use-settings.ts [app-ssr] (ecmascript).
Did you mean to import useSettings?
All exports of the module are statically known (It doesn't have dynamic exports). So it's known statically that the requested export doesn't exist.

Import traces:
  Client Component Browser:
    ./components/settings/theme-applier.tsx [Client Component Browser]
    ./components/providers.tsx [Client Component Browser]
    ./components/providers.tsx [Server Component]
    ./app/layout.tsx [Server Component]

  Client Component SSR:
    ./components/settings/theme-applier.tsx [Client Component SSR]
    ./components/providers.tsx [Client Component SSR]
    ./components/providers.tsx [Server Component]
    ./app/layout.tsx [Server Component] @ http://localhost:3005/_next/static/chunks/node_modules_next_dist_b0a279d5._.js:1945
[  317568ms] [ERROR] ./components/settings/theme-applier.tsx:4:1
Export DEFAULTS doesn't exist in target module
  2 |
  3 | import { useEffect } from 'react'
> 4 | import { applyThemeToDOM, DEFAULTS } from '@/hooks/use-settings'
    | ^^^^^^^^^^^^^^^^^^^^^^^^^^^^^^^^^^^^^^^^^^^^^^^^^^^^^^^^^^^^^^^^
  5 | import type { AppSettings } from '@/hooks/use-settings'
  6 |
  7 | // Runs once on mount across the whole app to apply persisted theme before first render flash

The export DEFAULTS was not found in module [project]/hooks/use-settings.ts [app-client] (ecmascript).
Did you mean to import useSettings?
All exports of the module are statically known (It doesn't have dynamic exports). So it's known statically that the requested export doesn't exist.

Import traces:
  Client Component Browser:
    ./components/settings/theme-applier.tsx [Client Component Browser]
    ./components/providers.tsx [Client Component Browser]
    ./components/providers.tsx [Server Component]
    ./app/layout.tsx [Server Component]

  Client Component SSR:
    ./components/settings/theme-applier.tsx [Client Component SSR]
    ./components/providers.tsx [Client Component SSR]
    ./components/providers.tsx [Server Component]
    ./app/layout.tsx [Server Component] @ http://localhost:3005/_next/static/chunks/node_modules_next_dist_b0a279d5._.js:1945
[  317569ms] [ERROR] ./components/settings/theme-applier.tsx:4:1
Export DEFAULTS doesn't exist in target module
  2 |
  3 | import { useEffect } from 'react'
> 4 | import { applyThemeToDOM, DEFAULTS } from '@/hooks/use-settings'
    | ^^^^^^^^^^^^^^^^^^^^^^^^^^^^^^^^^^^^^^^^^^^^^^^^^^^^^^^^^^^^^^^^
  5 | import type { AppSettings } from '@/hooks/use-settings'
  6 |
  7 | // Runs once on mount across the whole app to apply persisted theme before first render flash

The export DEFAULTS was not found in module [project]/hooks/use-settings.ts [app-ssr] (ecmascript).
Did you mean to import useSettings?
All exports of the module are statically known (It doesn't have dynamic exports). So it's known statically that the requested export doesn't exist.

Import traces:
  Client Component Browser:
    ./components/settings/theme-applier.tsx [Client Component Browser]
    ./components/providers.tsx [Client Component Browser]
    ./components/providers.tsx [Server Component]
    ./app/layout.tsx [Server Component]

  Client Component SSR:
    ./components/settings/theme-applier.tsx [Client Component SSR]
    ./components/providers.tsx [Client Component SSR]
    ./components/providers.tsx [Server Component]
    ./app/layout.tsx [Server Component] @ http://localhost:3005/_next/static/chunks/node_modules_next_dist_b0a279d5._.js:1945
[  317630ms] [ERROR] ./components/settings/theme-applier.tsx:4:1
Export DEFAULTS doesn't exist in target module
  2 |
  3 | import { useEffect } from 'react'
> 4 | import { applyThemeToDOM, DEFAULTS } from '@/hooks/use-settings'
    | ^^^^^^^^^^^^^^^^^^^^^^^^^^^^^^^^^^^^^^^^^^^^^^^^^^^^^^^^^^^^^^^^
  5 | import type { AppSettings } from '@/hooks/use-settings'
  6 |
  7 | // Runs once on mount across the whole app to apply persisted theme before first render flash

The export DEFAULTS was not found in module [project]/hooks/use-settings.ts [app-client] (ecmascript).
Did you mean to import useSettings?
All exports of the module are statically known (It doesn't have dynamic exports). So it's known statically that the requested export doesn't exist.

Import traces:
  Client Component Browser:
    ./components/settings/theme-applier.tsx [Client Component Browser]
    ./components/providers.tsx [Client Component Browser]
    ./components/providers.tsx [Server Component]
    ./app/layout.tsx [Server Component]

  Client Component SSR:
    ./components/settings/theme-applier.tsx [Client Component SSR]
    ./components/providers.tsx [Client Component SSR]
    ./components/providers.tsx [Server Component]
    ./app/layout.tsx [Server Component] @ http://localhost:3005/_next/static/chunks/node_modules_next_dist_b0a279d5._.js:1945
[  317630ms] [ERROR] ./components/settings/theme-applier.tsx:4:1
Export DEFAULTS doesn't exist in target module
  2 |
  3 | import { useEffect } from 'react'
> 4 | import { applyThemeToDOM, DEFAULTS } from '@/hooks/use-settings'
    | ^^^^^^^^^^^^^^^^^^^^^^^^^^^^^^^^^^^^^^^^^^^^^^^^^^^^^^^^^^^^^^^^
  5 | import type { AppSettings } from '@/hooks/use-settings'
  6 |
  7 | // Runs once on mount across the whole app to apply persisted theme before first render flash

The export DEFAULTS was not found in module [project]/hooks/use-settings.ts [app-ssr] (ecmascript).
Did you mean to import useSettings?
All exports of the module are statically known (It doesn't have dynamic exports). So it's known statically that the requested export doesn't exist.

Import traces:
  Client Component Browser:
    ./components/settings/theme-applier.tsx [Client Component Browser]
    ./components/providers.tsx [Client Component Browser]
    ./components/providers.tsx [Server Component]
    ./app/layout.tsx [Server Component]

  Client Component SSR:
    ./components/settings/theme-applier.tsx [Client Component SSR]
    ./components/providers.tsx [Client Component SSR]
    ./components/providers.tsx [Server Component]
    ./app/layout.tsx [Server Component] @ http://localhost:3005/_next/static/chunks/node_modules_next_dist_b0a279d5._.js:1945
[  317692ms] [ERROR] ./components/settings/theme-applier.tsx:4:1
Export DEFAULTS doesn't exist in target module
  2 |
  3 | import { useEffect } from 'react'
> 4 | import { applyThemeToDOM, DEFAULTS } from '@/hooks/use-settings'
    | ^^^^^^^^^^^^^^^^^^^^^^^^^^^^^^^^^^^^^^^^^^^^^^^^^^^^^^^^^^^^^^^^
  5 | import type { AppSettings } from '@/hooks/use-settings'
  6 |
  7 | // Runs once on mount across the whole app to apply persisted theme before first render flash

The export DEFAULTS was not found in module [project]/hooks/use-settings.ts [app-client] (ecmascript).
Did you mean to import useSettings?
All exports of the module are statically known (It doesn't have dynamic exports). So it's known statically that the requested export doesn't exist.

Import traces:
  Client Component Browser:
    ./components/settings/theme-applier.tsx [Client Component Browser]
    ./components/providers.tsx [Client Component Browser]
    ./components/providers.tsx [Server Component]
    ./app/layout.tsx [Server Component]

  Client Component SSR:
    ./components/settings/theme-applier.tsx [Client Component SSR]
    ./components/providers.tsx [Client Component SSR]
    ./components/providers.tsx [Server Component]
    ./app/layout.tsx [Server Component] @ http://localhost:3005/_next/static/chunks/node_modules_next_dist_b0a279d5._.js:1945
[  317692ms] [ERROR] ./components/settings/theme-applier.tsx:4:1
Export DEFAULTS doesn't exist in target module
  2 |
  3 | import { useEffect } from 'react'
> 4 | import { applyThemeToDOM, DEFAULTS } from '@/hooks/use-settings'
    | ^^^^^^^^^^^^^^^^^^^^^^^^^^^^^^^^^^^^^^^^^^^^^^^^^^^^^^^^^^^^^^^^
  5 | import type { AppSettings } from '@/hooks/use-settings'
  6 |
  7 | // Runs once on mount across the whole app to apply persisted theme before first render flash

The export DEFAULTS was not found in module [project]/hooks/use-settings.ts [app-ssr] (ecmascript).
Did you mean to import useSettings?
All exports of the module are statically known (It doesn't have dynamic exports). So it's known statically that the requested export doesn't exist.

Import traces:
  Client Component Browser:
    ./components/settings/theme-applier.tsx [Client Component Browser]
    ./components/providers.tsx [Client Component Browser]
    ./components/providers.tsx [Server Component]
    ./app/layout.tsx [Server Component]

  Client Component SSR:
    ./components/settings/theme-applier.tsx [Client Component SSR]
    ./components/providers.tsx [Client Component SSR]
    ./components/providers.tsx [Server Component]
    ./app/layout.tsx [Server Component] @ http://localhost:3005/_next/static/chunks/node_modules_next_dist_b0a279d5._.js:1945
[  317755ms] [ERROR] ./components/settings/theme-applier.tsx:4:1
Export DEFAULTS doesn't exist in target module
  2 |
  3 | import { useEffect } from 'react'
> 4 | import { applyThemeToDOM, DEFAULTS } from '@/hooks/use-settings'
    | ^^^^^^^^^^^^^^^^^^^^^^^^^^^^^^^^^^^^^^^^^^^^^^^^^^^^^^^^^^^^^^^^
  5 | import type { AppSettings } from '@/hooks/use-settings'
  6 |
  7 | // Runs once on mount across the whole app to apply persisted theme before first render flash

The export DEFAULTS was not found in module [project]/hooks/use-settings.ts [app-client] (ecmascript).
Did you mean to import useSettings?
All exports of the module are statically known (It doesn't have dynamic exports). So it's known statically that the requested export doesn't exist.

Import traces:
  Client Component Browser:
    ./components/settings/theme-applier.tsx [Client Component Browser]
    ./components/providers.tsx [Client Component Browser]
    ./components/providers.tsx [Server Component]
    ./app/layout.tsx [Server Component]

  Client Component SSR:
    ./components/settings/theme-applier.tsx [Client Component SSR]
    ./components/providers.tsx [Client Component SSR]
    ./components/providers.tsx [Server Component]
    ./app/layout.tsx [Server Component] @ http://localhost:3005/_next/static/chunks/node_modules_next_dist_b0a279d5._.js:1945
[  317755ms] [ERROR] ./components/settings/theme-applier.tsx:4:1
Export DEFAULTS doesn't exist in target module
  2 |
  3 | import { useEffect } from 'react'
> 4 | import { applyThemeToDOM, DEFAULTS } from '@/hooks/use-settings'
    | ^^^^^^^^^^^^^^^^^^^^^^^^^^^^^^^^^^^^^^^^^^^^^^^^^^^^^^^^^^^^^^^^
  5 | import type { AppSettings } from '@/hooks/use-settings'
  6 |
  7 | // Runs once on mount across the whole app to apply persisted theme before first render flash

The export DEFAULTS was not found in module [project]/hooks/use-settings.ts [app-ssr] (ecmascript).
Did you mean to import useSettings?
All exports of the module are statically known (It doesn't have dynamic exports). So it's known statically that the requested export doesn't exist.

Import traces:
  Client Component Browser:
    ./components/settings/theme-applier.tsx [Client Component Browser]
    ./components/providers.tsx [Client Component Browser]
    ./components/providers.tsx [Server Component]
    ./app/layout.tsx [Server Component]

  Client Component SSR:
    ./components/settings/theme-applier.tsx [Client Component SSR]
    ./components/providers.tsx [Client Component SSR]
    ./components/providers.tsx [Server Component]
    ./app/layout.tsx [Server Component] @ http://localhost:3005/_next/static/chunks/node_modules_next_dist_b0a279d5._.js:1945
[  317817ms] [ERROR] ./components/settings/theme-applier.tsx:4:1
Export DEFAULTS doesn't exist in target module
  2 |
  3 | import { useEffect } from 'react'
> 4 | import { applyThemeToDOM, DEFAULTS } from '@/hooks/use-settings'
    | ^^^^^^^^^^^^^^^^^^^^^^^^^^^^^^^^^^^^^^^^^^^^^^^^^^^^^^^^^^^^^^^^
  5 | import type { AppSettings } from '@/hooks/use-settings'
  6 |
  7 | // Runs once on mount across the whole app to apply persisted theme before first render flash

The export DEFAULTS was not found in module [project]/hooks/use-settings.ts [app-client] (ecmascript).
Did you mean to import useSettings?
All exports of the module are statically known (It doesn't have dynamic exports). So it's known statically that the requested export doesn't exist.

Import traces:
  Client Component Browser:
    ./components/settings/theme-applier.tsx [Client Component Browser]
    ./components/providers.tsx [Client Component Browser]
    ./components/providers.tsx [Server Component]
    ./app/layout.tsx [Server Component]

  Client Component SSR:
    ./components/settings/theme-applier.tsx [Client Component SSR]
    ./components/providers.tsx [Client Component SSR]
    ./components/providers.tsx [Server Component]
    ./app/layout.tsx [Server Component] @ http://localhost:3005/_next/static/chunks/node_modules_next_dist_b0a279d5._.js:1945
[  317817ms] [ERROR] ./components/settings/theme-applier.tsx:4:1
Export DEFAULTS doesn't exist in target module
  2 |
  3 | import { useEffect } from 'react'
> 4 | import { applyThemeToDOM, DEFAULTS } from '@/hooks/use-settings'
    | ^^^^^^^^^^^^^^^^^^^^^^^^^^^^^^^^^^^^^^^^^^^^^^^^^^^^^^^^^^^^^^^^
  5 | import type { AppSettings } from '@/hooks/use-settings'
  6 |
  7 | // Runs once on mount across the whole app to apply persisted theme before first render flash

The export DEFAULTS was not found in module [project]/hooks/use-settings.ts [app-ssr] (ecmascript).
Did you mean to import useSettings?
All exports of the module are statically known (It doesn't have dynamic exports). So it's known statically that the requested export doesn't exist.

Import traces:
  Client Component Browser:
    ./components/settings/theme-applier.tsx [Client Component Browser]
    ./components/providers.tsx [Client Component Browser]
    ./components/providers.tsx [Server Component]
    ./app/layout.tsx [Server Component]

  Client Component SSR:
    ./components/settings/theme-applier.tsx [Client Component SSR]
    ./components/providers.tsx [Client Component SSR]
    ./components/providers.tsx [Server Component]
    ./app/layout.tsx [Server Component] @ http://localhost:3005/_next/static/chunks/node_modules_next_dist_b0a279d5._.js:1945
[  317878ms] [ERROR] ./components/settings/theme-applier.tsx:4:1
Export DEFAULTS doesn't exist in target module
  2 |
  3 | import { useEffect } from 'react'
> 4 | import { applyThemeToDOM, DEFAULTS } from '@/hooks/use-settings'
    | ^^^^^^^^^^^^^^^^^^^^^^^^^^^^^^^^^^^^^^^^^^^^^^^^^^^^^^^^^^^^^^^^
  5 | import type { AppSettings } from '@/hooks/use-settings'
  6 |
  7 | // Runs once on mount across the whole app to apply persisted theme before first render flash

The export DEFAULTS was not found in module [project]/hooks/use-settings.ts [app-client] (ecmascript).
Did you mean to import useSettings?
All exports of the module are statically known (It doesn't have dynamic exports). So it's known statically that the requested export doesn't exist.

Import traces:
  Client Component Browser:
    ./components/settings/theme-applier.tsx [Client Component Browser]
    ./components/providers.tsx [Client Component Browser]
    ./components/providers.tsx [Server Component]
    ./app/layout.tsx [Server Component]

  Client Component SSR:
    ./components/settings/theme-applier.tsx [Client Component SSR]
    ./components/providers.tsx [Client Component SSR]
    ./components/providers.tsx [Server Component]
    ./app/layout.tsx [Server Component] @ http://localhost:3005/_next/static/chunks/node_modules_next_dist_b0a279d5._.js:1945
[  317878ms] [ERROR] ./components/settings/theme-applier.tsx:4:1
Export DEFAULTS doesn't exist in target module
  2 |
  3 | import { useEffect } from 'react'
> 4 | import { applyThemeToDOM, DEFAULTS } from '@/hooks/use-settings'
    | ^^^^^^^^^^^^^^^^^^^^^^^^^^^^^^^^^^^^^^^^^^^^^^^^^^^^^^^^^^^^^^^^
  5 | import type { AppSettings } from '@/hooks/use-settings'
  6 |
  7 | // Runs once on mount across the whole app to apply persisted theme before first render flash

The export DEFAULTS was not found in module [project]/hooks/use-settings.ts [app-ssr] (ecmascript).
Did you mean to import useSettings?
All exports of the module are statically known (It doesn't have dynamic exports). So it's known statically that the requested export doesn't exist.

Import traces:
  Client Component Browser:
    ./components/settings/theme-applier.tsx [Client Component Browser]
    ./components/providers.tsx [Client Component Browser]
    ./components/providers.tsx [Server Component]
    ./app/layout.tsx [Server Component]

  Client Component SSR:
    ./components/settings/theme-applier.tsx [Client Component SSR]
    ./components/providers.tsx [Client Component SSR]
    ./components/providers.tsx [Server Component]
    ./app/layout.tsx [Server Component] @ http://localhost:3005/_next/static/chunks/node_modules_next_dist_b0a279d5._.js:1945
[  317941ms] [ERROR] ./components/settings/theme-applier.tsx:4:1
Export DEFAULTS doesn't exist in target module
  2 |
  3 | import { useEffect } from 'react'
> 4 | import { applyThemeToDOM, DEFAULTS } from '@/hooks/use-settings'
    | ^^^^^^^^^^^^^^^^^^^^^^^^^^^^^^^^^^^^^^^^^^^^^^^^^^^^^^^^^^^^^^^^
  5 | import type { AppSettings } from '@/hooks/use-settings'
  6 |
  7 | // Runs once on mount across the whole app to apply persisted theme before first render flash

The export DEFAULTS was not found in module [project]/hooks/use-settings.ts [app-client] (ecmascript).
Did you mean to import useSettings?
All exports of the module are statically known (It doesn't have dynamic exports). So it's known statically that the requested export doesn't exist.

Import traces:
  Client Component Browser:
    ./components/settings/theme-applier.tsx [Client Component Browser]
    ./components/providers.tsx [Client Component Browser]
    ./components/providers.tsx [Server Component]
    ./app/layout.tsx [Server Component]

  Client Component SSR:
    ./components/settings/theme-applier.tsx [Client Component SSR]
    ./components/providers.tsx [Client Component SSR]
    ./components/providers.tsx [Server Component]
    ./app/layout.tsx [Server Component] @ http://localhost:3005/_next/static/chunks/node_modules_next_dist_b0a279d5._.js:1945
[  317942ms] [ERROR] ./components/settings/theme-applier.tsx:4:1
Export DEFAULTS doesn't exist in target module
  2 |
  3 | import { useEffect } from 'react'
> 4 | import { applyThemeToDOM, DEFAULTS } from '@/hooks/use-settings'
    | ^^^^^^^^^^^^^^^^^^^^^^^^^^^^^^^^^^^^^^^^^^^^^^^^^^^^^^^^^^^^^^^^
  5 | import type { AppSettings } from '@/hooks/use-settings'
  6 |
  7 | // Runs once on mount across the whole app to apply persisted theme before first render flash

The export DEFAULTS was not found in module [project]/hooks/use-settings.ts [app-ssr] (ecmascript).
Did you mean to import useSettings?
All exports of the module are statically known (It doesn't have dynamic exports). So it's known statically that the requested export doesn't exist.

Import traces:
  Client Component Browser:
    ./components/settings/theme-applier.tsx [Client Component Browser]
    ./components/providers.tsx [Client Component Browser]
    ./components/providers.tsx [Server Component]
    ./app/layout.tsx [Server Component]

  Client Component SSR:
    ./components/settings/theme-applier.tsx [Client Component SSR]
    ./components/providers.tsx [Client Component SSR]
    ./components/providers.tsx [Server Component]
    ./app/layout.tsx [Server Component] @ http://localhost:3005/_next/static/chunks/node_modules_next_dist_b0a279d5._.js:1945
[  318002ms] [ERROR] ./components/settings/theme-applier.tsx:4:1
Export DEFAULTS doesn't exist in target module
  2 |
  3 | import { useEffect } from 'react'
> 4 | import { applyThemeToDOM, DEFAULTS } from '@/hooks/use-settings'
    | ^^^^^^^^^^^^^^^^^^^^^^^^^^^^^^^^^^^^^^^^^^^^^^^^^^^^^^^^^^^^^^^^
  5 | import type { AppSettings } from '@/hooks/use-settings'
  6 |
  7 | // Runs once on mount across the whole app to apply persisted theme before first render flash

The export DEFAULTS was not found in module [project]/hooks/use-settings.ts [app-client] (ecmascript).
Did you mean to import useSettings?
All exports of the module are statically known (It doesn't have dynamic exports). So it's known statically that the requested export doesn't exist.

Import traces:
  Client Component Browser:
    ./components/settings/theme-applier.tsx [Client Component Browser]
    ./components/providers.tsx [Client Component Browser]
    ./components/providers.tsx [Server Component]
    ./app/layout.tsx [Server Component]

  Client Component SSR:
    ./components/settings/theme-applier.tsx [Client Component SSR]
    ./components/providers.tsx [Client Component SSR]
    ./components/providers.tsx [Server Component]
    ./app/layout.tsx [Server Component] @ http://localhost:3005/_next/static/chunks/node_modules_next_dist_b0a279d5._.js:1945
[  318003ms] [ERROR] ./components/settings/theme-applier.tsx:4:1
Export DEFAULTS doesn't exist in target module
  2 |
  3 | import { useEffect } from 'react'
> 4 | import { applyThemeToDOM, DEFAULTS } from '@/hooks/use-settings'
    | ^^^^^^^^^^^^^^^^^^^^^^^^^^^^^^^^^^^^^^^^^^^^^^^^^^^^^^^^^^^^^^^^
  5 | import type { AppSettings } from '@/hooks/use-settings'
  6 |
  7 | // Runs once on mount across the whole app to apply persisted theme before first render flash

The export DEFAULTS was not found in module [project]/hooks/use-settings.ts [app-ssr] (ecmascript).
Did you mean to import useSettings?
All exports of the module are statically known (It doesn't have dynamic exports). So it's known statically that the requested export doesn't exist.

Import traces:
  Client Component Browser:
    ./components/settings/theme-applier.tsx [Client Component Browser]
    ./components/providers.tsx [Client Component Browser]
    ./components/providers.tsx [Server Component]
    ./app/layout.tsx [Server Component]

  Client Component SSR:
    ./components/settings/theme-applier.tsx [Client Component SSR]
    ./components/providers.tsx [Client Component SSR]
    ./components/providers.tsx [Server Component]
    ./app/layout.tsx [Server Component] @ http://localhost:3005/_next/static/chunks/node_modules_next_dist_b0a279d5._.js:1945
[  318064ms] [ERROR] ./components/settings/theme-applier.tsx:4:1
Export DEFAULTS doesn't exist in target module
  2 |
  3 | import { useEffect } from 'react'
> 4 | import { applyThemeToDOM, DEFAULTS } from '@/hooks/use-settings'
    | ^^^^^^^^^^^^^^^^^^^^^^^^^^^^^^^^^^^^^^^^^^^^^^^^^^^^^^^^^^^^^^^^
  5 | import type { AppSettings } from '@/hooks/use-settings'
  6 |
  7 | // Runs once on mount across the whole app to apply persisted theme before first render flash

The export DEFAULTS was not found in module [project]/hooks/use-settings.ts [app-client] (ecmascript).
Did you mean to import useSettings?
All exports of the module are statically known (It doesn't have dynamic exports). So it's known statically that the requested export doesn't exist.

Import traces:
  Client Component Browser:
    ./components/settings/theme-applier.tsx [Client Component Browser]
    ./components/providers.tsx [Client Component Browser]
    ./components/providers.tsx [Server Component]
    ./app/layout.tsx [Server Component]

  Client Component SSR:
    ./components/settings/theme-applier.tsx [Client Component SSR]
    ./components/providers.tsx [Client Component SSR]
    ./components/providers.tsx [Server Component]
    ./app/layout.tsx [Server Component] @ http://localhost:3005/_next/static/chunks/node_modules_next_dist_b0a279d5._.js:1945
[  318064ms] [ERROR] ./components/settings/theme-applier.tsx:4:1
Export DEFAULTS doesn't exist in target module
  2 |
  3 | import { useEffect } from 'react'
> 4 | import { applyThemeToDOM, DEFAULTS } from '@/hooks/use-settings'
    | ^^^^^^^^^^^^^^^^^^^^^^^^^^^^^^^^^^^^^^^^^^^^^^^^^^^^^^^^^^^^^^^^
  5 | import type { AppSettings } from '@/hooks/use-settings'
  6 |
  7 | // Runs once on mount across the whole app to apply persisted theme before first render flash

The export DEFAULTS was not found in module [project]/hooks/use-settings.ts [app-ssr] (ecmascript).
Did you mean to import useSettings?
All exports of the module are statically known (It doesn't have dynamic exports). So it's known statically that the requested export doesn't exist.

Import traces:
  Client Component Browser:
    ./components/settings/theme-applier.tsx [Client Component Browser]
    ./components/providers.tsx [Client Component Browser]
    ./components/providers.tsx [Server Component]
    ./app/layout.tsx [Server Component]

  Client Component SSR:
    ./components/settings/theme-applier.tsx [Client Component SSR]
    ./components/providers.tsx [Client Component SSR]
    ./components/providers.tsx [Server Component]
    ./app/layout.tsx [Server Component] @ http://localhost:3005/_next/static/chunks/node_modules_next_dist_b0a279d5._.js:1945
[  318127ms] [ERROR] ./components/settings/theme-applier.tsx:4:1
Export DEFAULTS doesn't exist in target module
  2 |
  3 | import { useEffect } from 'react'
> 4 | import { applyThemeToDOM, DEFAULTS } from '@/hooks/use-settings'
    | ^^^^^^^^^^^^^^^^^^^^^^^^^^^^^^^^^^^^^^^^^^^^^^^^^^^^^^^^^^^^^^^^
  5 | import type { AppSettings } from '@/hooks/use-settings'
  6 |
  7 | // Runs once on mount across the whole app to apply persisted theme before first render flash

The export DEFAULTS was not found in module [project]/hooks/use-settings.ts [app-client] (ecmascript).
Did you mean to import useSettings?
All exports of the module are statically known (It doesn't have dynamic exports). So it's known statically that the requested export doesn't exist.

Import traces:
  Client Component Browser:
    ./components/settings/theme-applier.tsx [Client Component Browser]
    ./components/providers.tsx [Client Component Browser]
    ./components/providers.tsx [Server Component]
    ./app/layout.tsx [Server Component]

  Client Component SSR:
    ./components/settings/theme-applier.tsx [Client Component SSR]
    ./components/providers.tsx [Client Component SSR]
    ./components/providers.tsx [Server Component]
    ./app/layout.tsx [Server Component] @ http://localhost:3005/_next/static/chunks/node_modules_next_dist_b0a279d5._.js:1945
[  318127ms] [ERROR] ./components/settings/theme-applier.tsx:4:1
Export DEFAULTS doesn't exist in target module
  2 |
  3 | import { useEffect } from 'react'
> 4 | import { applyThemeToDOM, DEFAULTS } from '@/hooks/use-settings'
    | ^^^^^^^^^^^^^^^^^^^^^^^^^^^^^^^^^^^^^^^^^^^^^^^^^^^^^^^^^^^^^^^^
  5 | import type { AppSettings } from '@/hooks/use-settings'
  6 |
  7 | // Runs once on mount across the whole app to apply persisted theme before first render flash

The export DEFAULTS was not found in module [project]/hooks/use-settings.ts [app-ssr] (ecmascript).
Did you mean to import useSettings?
All exports of the module are statically known (It doesn't have dynamic exports). So it's known statically that the requested export doesn't exist.

Import traces:
  Client Component Browser:
    ./components/settings/theme-applier.tsx [Client Component Browser]
    ./components/providers.tsx [Client Component Browser]
    ./components/providers.tsx [Server Component]
    ./app/layout.tsx [Server Component]

  Client Component SSR:
    ./components/settings/theme-applier.tsx [Client Component SSR]
    ./components/providers.tsx [Client Component SSR]
    ./components/providers.tsx [Server Component]
    ./app/layout.tsx [Server Component] @ http://localhost:3005/_next/static/chunks/node_modules_next_dist_b0a279d5._.js:1945
[  318188ms] [ERROR] ./components/settings/theme-applier.tsx:4:1
Export DEFAULTS doesn't exist in target module
  2 |
  3 | import { useEffect } from 'react'
> 4 | import { applyThemeToDOM, DEFAULTS } from '@/hooks/use-settings'
    | ^^^^^^^^^^^^^^^^^^^^^^^^^^^^^^^^^^^^^^^^^^^^^^^^^^^^^^^^^^^^^^^^
  5 | import type { AppSettings } from '@/hooks/use-settings'
  6 |
  7 | // Runs once on mount across the whole app to apply persisted theme before first render flash

The export DEFAULTS was not found in module [project]/hooks/use-settings.ts [app-client] (ecmascript).
Did you mean to import useSettings?
All exports of the module are statically known (It doesn't have dynamic exports). So it's known statically that the requested export doesn't exist.

Import traces:
  Client Component Browser:
    ./components/settings/theme-applier.tsx [Client Component Browser]
    ./components/providers.tsx [Client Component Browser]
    ./components/providers.tsx [Server Component]
    ./app/layout.tsx [Server Component]

  Client Component SSR:
    ./components/settings/theme-applier.tsx [Client Component SSR]
    ./components/providers.tsx [Client Component SSR]
    ./components/providers.tsx [Server Component]
    ./app/layout.tsx [Server Component] @ http://localhost:3005/_next/static/chunks/node_modules_next_dist_b0a279d5._.js:1945
[  318188ms] [ERROR] ./components/settings/theme-applier.tsx:4:1
Export DEFAULTS doesn't exist in target module
  2 |
  3 | import { useEffect } from 'react'
> 4 | import { applyThemeToDOM, DEFAULTS } from '@/hooks/use-settings'
    | ^^^^^^^^^^^^^^^^^^^^^^^^^^^^^^^^^^^^^^^^^^^^^^^^^^^^^^^^^^^^^^^^
  5 | import type { AppSettings } from '@/hooks/use-settings'
  6 |
  7 | // Runs once on mount across the whole app to apply persisted theme before first render flash

The export DEFAULTS was not found in module [project]/hooks/use-settings.ts [app-ssr] (ecmascript).
Did you mean to import useSettings?
All exports of the module are statically known (It doesn't have dynamic exports). So it's known statically that the requested export doesn't exist.

Import traces:
  Client Component Browser:
    ./components/settings/theme-applier.tsx [Client Component Browser]
    ./components/providers.tsx [Client Component Browser]
    ./components/providers.tsx [Server Component]
    ./app/layout.tsx [Server Component]

  Client Component SSR:
    ./components/settings/theme-applier.tsx [Client Component SSR]
    ./components/providers.tsx [Client Component SSR]
    ./components/providers.tsx [Server Component]
    ./app/layout.tsx [Server Component] @ http://localhost:3005/_next/static/chunks/node_modules_next_dist_b0a279d5._.js:1945
[  318250ms] [ERROR] ./components/settings/theme-applier.tsx:4:1
Export DEFAULTS doesn't exist in target module
  2 |
  3 | import { useEffect } from 'react'
> 4 | import { applyThemeToDOM, DEFAULTS } from '@/hooks/use-settings'
    | ^^^^^^^^^^^^^^^^^^^^^^^^^^^^^^^^^^^^^^^^^^^^^^^^^^^^^^^^^^^^^^^^
  5 | import type { AppSettings } from '@/hooks/use-settings'
  6 |
  7 | // Runs once on mount across the whole app to apply persisted theme before first render flash

The export DEFAULTS was not found in module [project]/hooks/use-settings.ts [app-client] (ecmascript).
Did you mean to import useSettings?
All exports of the module are statically known (It doesn't have dynamic exports). So it's known statically that the requested export doesn't exist.

Import traces:
  Client Component Browser:
    ./components/settings/theme-applier.tsx [Client Component Browser]
    ./components/providers.tsx [Client Component Browser]
    ./components/providers.tsx [Server Component]
    ./app/layout.tsx [Server Component]

  Client Component SSR:
    ./components/settings/theme-applier.tsx [Client Component SSR]
    ./components/providers.tsx [Client Component SSR]
    ./components/providers.tsx [Server Component]
    ./app/layout.tsx [Server Component] @ http://localhost:3005/_next/static/chunks/node_modules_next_dist_b0a279d5._.js:1945
[  318250ms] [ERROR] ./components/settings/theme-applier.tsx:4:1
Export DEFAULTS doesn't exist in target module
  2 |
  3 | import { useEffect } from 'react'
> 4 | import { applyThemeToDOM, DEFAULTS } from '@/hooks/use-settings'
    | ^^^^^^^^^^^^^^^^^^^^^^^^^^^^^^^^^^^^^^^^^^^^^^^^^^^^^^^^^^^^^^^^
  5 | import type { AppSettings } from '@/hooks/use-settings'
  6 |
  7 | // Runs once on mount across the whole app to apply persisted theme before first render flash

The export DEFAULTS was not found in module [project]/hooks/use-settings.ts [app-ssr] (ecmascript).
Did you mean to import useSettings?
All exports of the module are statically known (It doesn't have dynamic exports). So it's known statically that the requested export doesn't exist.

Import traces:
  Client Component Browser:
    ./components/settings/theme-applier.tsx [Client Component Browser]
    ./components/providers.tsx [Client Component Browser]
    ./components/providers.tsx [Server Component]
    ./app/layout.tsx [Server Component]

  Client Component SSR:
    ./components/settings/theme-applier.tsx [Client Component SSR]
    ./components/providers.tsx [Client Component SSR]
    ./components/providers.tsx [Server Component]
    ./app/layout.tsx [Server Component] @ http://localhost:3005/_next/static/chunks/node_modules_next_dist_b0a279d5._.js:1945
[  318314ms] [ERROR] ./components/settings/theme-applier.tsx:4:1
Export DEFAULTS doesn't exist in target module
  2 |
  3 | import { useEffect } from 'react'
> 4 | import { applyThemeToDOM, DEFAULTS } from '@/hooks/use-settings'
    | ^^^^^^^^^^^^^^^^^^^^^^^^^^^^^^^^^^^^^^^^^^^^^^^^^^^^^^^^^^^^^^^^
  5 | import type { AppSettings } from '@/hooks/use-settings'
  6 |
  7 | // Runs once on mount across the whole app to apply persisted theme before first render flash

The export DEFAULTS was not found in module [project]/hooks/use-settings.ts [app-client] (ecmascript).
Did you mean to import useSettings?
All exports of the module are statically known (It doesn't have dynamic exports). So it's known statically that the requested export doesn't exist.

Import traces:
  Client Component Browser:
    ./components/settings/theme-applier.tsx [Client Component Browser]
    ./components/providers.tsx [Client Component Browser]
    ./components/providers.tsx [Server Component]
    ./app/layout.tsx [Server Component]

  Client Component SSR:
    ./components/settings/theme-applier.tsx [Client Component SSR]
    ./components/providers.tsx [Client Component SSR]
    ./components/providers.tsx [Server Component]
    ./app/layout.tsx [Server Component] @ http://localhost:3005/_next/static/chunks/node_modules_next_dist_b0a279d5._.js:1945
[  318314ms] [ERROR] ./components/settings/theme-applier.tsx:4:1
Export DEFAULTS doesn't exist in target module
  2 |
  3 | import { useEffect } from 'react'
> 4 | import { applyThemeToDOM, DEFAULTS } from '@/hooks/use-settings'
    | ^^^^^^^^^^^^^^^^^^^^^^^^^^^^^^^^^^^^^^^^^^^^^^^^^^^^^^^^^^^^^^^^
  5 | import type { AppSettings } from '@/hooks/use-settings'
  6 |
  7 | // Runs once on mount across the whole app to apply persisted theme before first render flash

The export DEFAULTS was not found in module [project]/hooks/use-settings.ts [app-ssr] (ecmascript).
Did you mean to import useSettings?
All exports of the module are statically known (It doesn't have dynamic exports). So it's known statically that the requested export doesn't exist.

Import traces:
  Client Component Browser:
    ./components/settings/theme-applier.tsx [Client Component Browser]
    ./components/providers.tsx [Client Component Browser]
    ./components/providers.tsx [Server Component]
    ./app/layout.tsx [Server Component]

  Client Component SSR:
    ./components/settings/theme-applier.tsx [Client Component SSR]
    ./components/providers.tsx [Client Component SSR]
    ./components/providers.tsx [Server Component]
    ./app/layout.tsx [Server Component] @ http://localhost:3005/_next/static/chunks/node_modules_next_dist_b0a279d5._.js:1945
[  318375ms] [ERROR] ./components/settings/theme-applier.tsx:4:1
Export DEFAULTS doesn't exist in target module
  2 |
  3 | import { useEffect } from 'react'
> 4 | import { applyThemeToDOM, DEFAULTS } from '@/hooks/use-settings'
    | ^^^^^^^^^^^^^^^^^^^^^^^^^^^^^^^^^^^^^^^^^^^^^^^^^^^^^^^^^^^^^^^^
  5 | import type { AppSettings } from '@/hooks/use-settings'
  6 |
  7 | // Runs once on mount across the whole app to apply persisted theme before first render flash

The export DEFAULTS was not found in module [project]/hooks/use-settings.ts [app-client] (ecmascript).
Did you mean to import useSettings?
All exports of the module are statically known (It doesn't have dynamic exports). So it's known statically that the requested export doesn't exist.

Import traces:
  Client Component Browser:
    ./components/settings/theme-applier.tsx [Client Component Browser]
    ./components/providers.tsx [Client Component Browser]
    ./components/providers.tsx [Server Component]
    ./app/layout.tsx [Server Component]

  Client Component SSR:
    ./components/settings/theme-applier.tsx [Client Component SSR]
    ./components/providers.tsx [Client Component SSR]
    ./components/providers.tsx [Server Component]
    ./app/layout.tsx [Server Component] @ http://localhost:3005/_next/static/chunks/node_modules_next_dist_b0a279d5._.js:1945
[  318375ms] [ERROR] ./components/settings/theme-applier.tsx:4:1
Export DEFAULTS doesn't exist in target module
  2 |
  3 | import { useEffect } from 'react'
> 4 | import { applyThemeToDOM, DEFAULTS } from '@/hooks/use-settings'
    | ^^^^^^^^^^^^^^^^^^^^^^^^^^^^^^^^^^^^^^^^^^^^^^^^^^^^^^^^^^^^^^^^
  5 | import type { AppSettings } from '@/hooks/use-settings'
  6 |
  7 | // Runs once on mount across the whole app to apply persisted theme before first render flash

The export DEFAULTS was not found in module [project]/hooks/use-settings.ts [app-ssr] (ecmascript).
Did you mean to import useSettings?
All exports of the module are statically known (It doesn't have dynamic exports). So it's known statically that the requested export doesn't exist.

Import traces:
  Client Component Browser:
    ./components/settings/theme-applier.tsx [Client Component Browser]
    ./components/providers.tsx [Client Component Browser]
    ./components/providers.tsx [Server Component]
    ./app/layout.tsx [Server Component]

  Client Component SSR:
    ./components/settings/theme-applier.tsx [Client Component SSR]
    ./components/providers.tsx [Client Component SSR]
    ./components/providers.tsx [Server Component]
    ./app/layout.tsx [Server Component] @ http://localhost:3005/_next/static/chunks/node_modules_next_dist_b0a279d5._.js:1945
[  318437ms] [ERROR] ./components/settings/theme-applier.tsx:4:1
Export DEFAULTS doesn't exist in target module
  2 |
  3 | import { useEffect } from 'react'
> 4 | import { applyThemeToDOM, DEFAULTS } from '@/hooks/use-settings'
    | ^^^^^^^^^^^^^^^^^^^^^^^^^^^^^^^^^^^^^^^^^^^^^^^^^^^^^^^^^^^^^^^^
  5 | import type { AppSettings } from '@/hooks/use-settings'
  6 |
  7 | // Runs once on mount across the whole app to apply persisted theme before first render flash

The export DEFAULTS was not found in module [project]/hooks/use-settings.ts [app-client] (ecmascript).
Did you mean to import useSettings?
All exports of the module are statically known (It doesn't have dynamic exports). So it's known statically that the requested export doesn't exist.

Import traces:
  Client Component Browser:
    ./components/settings/theme-applier.tsx [Client Component Browser]
    ./components/providers.tsx [Client Component Browser]
    ./components/providers.tsx [Server Component]
    ./app/layout.tsx [Server Component]

  Client Component SSR:
    ./components/settings/theme-applier.tsx [Client Component SSR]
    ./components/providers.tsx [Client Component SSR]
    ./components/providers.tsx [Server Component]
    ./app/layout.tsx [Server Component] @ http://localhost:3005/_next/static/chunks/node_modules_next_dist_b0a279d5._.js:1945
[  318438ms] [ERROR] ./components/settings/theme-applier.tsx:4:1
Export DEFAULTS doesn't exist in target module
  2 |
  3 | import { useEffect } from 'react'
> 4 | import { applyThemeToDOM, DEFAULTS } from '@/hooks/use-settings'
    | ^^^^^^^^^^^^^^^^^^^^^^^^^^^^^^^^^^^^^^^^^^^^^^^^^^^^^^^^^^^^^^^^
  5 | import type { AppSettings } from '@/hooks/use-settings'
  6 |
  7 | // Runs once on mount across the whole app to apply persisted theme before first render flash

The export DEFAULTS was not found in module [project]/hooks/use-settings.ts [app-ssr] (ecmascript).
Did you mean to import useSettings?
All exports of the module are statically known (It doesn't have dynamic exports). So it's known statically that the requested export doesn't exist.

Import traces:
  Client Component Browser:
    ./components/settings/theme-applier.tsx [Client Component Browser]
    ./components/providers.tsx [Client Component Browser]
    ./components/providers.tsx [Server Component]
    ./app/layout.tsx [Server Component]

  Client Component SSR:
    ./components/settings/theme-applier.tsx [Client Component SSR]
    ./components/providers.tsx [Client Component SSR]
    ./components/providers.tsx [Server Component]
    ./app/layout.tsx [Server Component] @ http://localhost:3005/_next/static/chunks/node_modules_next_dist_b0a279d5._.js:1945
[  318500ms] [ERROR] ./components/settings/theme-applier.tsx:4:1
Export DEFAULTS doesn't exist in target module
  2 |
  3 | import { useEffect } from 'react'
> 4 | import { applyThemeToDOM, DEFAULTS } from '@/hooks/use-settings'
    | ^^^^^^^^^^^^^^^^^^^^^^^^^^^^^^^^^^^^^^^^^^^^^^^^^^^^^^^^^^^^^^^^
  5 | import type { AppSettings } from '@/hooks/use-settings'
  6 |
  7 | // Runs once on mount across the whole app to apply persisted theme before first render flash

The export DEFAULTS was not found in module [project]/hooks/use-settings.ts [app-client] (ecmascript).
Did you mean to import useSettings?
All exports of the module are statically known (It doesn't have dynamic exports). So it's known statically that the requested export doesn't exist.

Import traces:
  Client Component Browser:
    ./components/settings/theme-applier.tsx [Client Component Browser]
    ./components/providers.tsx [Client Component Browser]
    ./components/providers.tsx [Server Component]
    ./app/layout.tsx [Server Component]

  Client Component SSR:
    ./components/settings/theme-applier.tsx [Client Component SSR]
    ./components/providers.tsx [Client Component SSR]
    ./components/providers.tsx [Server Component]
    ./app/layout.tsx [Server Component] @ http://localhost:3005/_next/static/chunks/node_modules_next_dist_b0a279d5._.js:1945
[  318500ms] [ERROR] ./components/settings/theme-applier.tsx:4:1
Export DEFAULTS doesn't exist in target module
  2 |
  3 | import { useEffect } from 'react'
> 4 | import { applyThemeToDOM, DEFAULTS } from '@/hooks/use-settings'
    | ^^^^^^^^^^^^^^^^^^^^^^^^^^^^^^^^^^^^^^^^^^^^^^^^^^^^^^^^^^^^^^^^
  5 | import type { AppSettings } from '@/hooks/use-settings'
  6 |
  7 | // Runs once on mount across the whole app to apply persisted theme before first render flash

The export DEFAULTS was not found in module [project]/hooks/use-settings.ts [app-ssr] (ecmascript).
Did you mean to import useSettings?
All exports of the module are statically known (It doesn't have dynamic exports). So it's known statically that the requested export doesn't exist.

Import traces:
  Client Component Browser:
    ./components/settings/theme-applier.tsx [Client Component Browser]
    ./components/providers.tsx [Client Component Browser]
    ./components/providers.tsx [Server Component]
    ./app/layout.tsx [Server Component]

  Client Component SSR:
    ./components/settings/theme-applier.tsx [Client Component SSR]
    ./components/providers.tsx [Client Component SSR]
    ./components/providers.tsx [Server Component]
    ./app/layout.tsx [Server Component] @ http://localhost:3005/_next/static/chunks/node_modules_next_dist_b0a279d5._.js:1945
[  318563ms] [ERROR] ./components/settings/theme-applier.tsx:4:1
Export DEFAULTS doesn't exist in target module
  2 |
  3 | import { useEffect } from 'react'
> 4 | import { applyThemeToDOM, DEFAULTS } from '@/hooks/use-settings'
    | ^^^^^^^^^^^^^^^^^^^^^^^^^^^^^^^^^^^^^^^^^^^^^^^^^^^^^^^^^^^^^^^^
  5 | import type { AppSettings } from '@/hooks/use-settings'
  6 |
  7 | // Runs once on mount across the whole app to apply persisted theme before first render flash

The export DEFAULTS was not found in module [project]/hooks/use-settings.ts [app-client] (ecmascript).
Did you mean to import useSettings?
All exports of the module are statically known (It doesn't have dynamic exports). So it's known statically that the requested export doesn't exist.

Import traces:
  Client Component Browser:
    ./components/settings/theme-applier.tsx [Client Component Browser]
    ./components/providers.tsx [Client Component Browser]
    ./components/providers.tsx [Server Component]
    ./app/layout.tsx [Server Component]

  Client Component SSR:
    ./components/settings/theme-applier.tsx [Client Component SSR]
    ./components/providers.tsx [Client Component SSR]
    ./components/providers.tsx [Server Component]
    ./app/layout.tsx [Server Component] @ http://localhost:3005/_next/static/chunks/node_modules_next_dist_b0a279d5._.js:1945
[  318563ms] [ERROR] ./components/settings/theme-applier.tsx:4:1
Export DEFAULTS doesn't exist in target module
  2 |
  3 | import { useEffect } from 'react'
> 4 | import { applyThemeToDOM, DEFAULTS } from '@/hooks/use-settings'
    | ^^^^^^^^^^^^^^^^^^^^^^^^^^^^^^^^^^^^^^^^^^^^^^^^^^^^^^^^^^^^^^^^
  5 | import type { AppSettings } from '@/hooks/use-settings'
  6 |
  7 | // Runs once on mount across the whole app to apply persisted theme before first render flash

The export DEFAULTS was not found in module [project]/hooks/use-settings.ts [app-ssr] (ecmascript).
Did you mean to import useSettings?
All exports of the module are statically known (It doesn't have dynamic exports). So it's known statically that the requested export doesn't exist.

Import traces:
  Client Component Browser:
    ./components/settings/theme-applier.tsx [Client Component Browser]
    ./components/providers.tsx [Client Component Browser]
    ./components/providers.tsx [Server Component]
    ./app/layout.tsx [Server Component]

  Client Component SSR:
    ./components/settings/theme-applier.tsx [Client Component SSR]
    ./components/providers.tsx [Client Component SSR]
    ./components/providers.tsx [Server Component]
    ./app/layout.tsx [Server Component] @ http://localhost:3005/_next/static/chunks/node_modules_next_dist_b0a279d5._.js:1945
[  318625ms] [ERROR] ./components/settings/theme-applier.tsx:4:1
Export DEFAULTS doesn't exist in target module
  2 |
  3 | import { useEffect } from 'react'
> 4 | import { applyThemeToDOM, DEFAULTS } from '@/hooks/use-settings'
    | ^^^^^^^^^^^^^^^^^^^^^^^^^^^^^^^^^^^^^^^^^^^^^^^^^^^^^^^^^^^^^^^^
  5 | import type { AppSettings } from '@/hooks/use-settings'
  6 |
  7 | // Runs once on mount across the whole app to apply persisted theme before first render flash

The export DEFAULTS was not found in module [project]/hooks/use-settings.ts [app-client] (ecmascript).
Did you mean to import useSettings?
All exports of the module are statically known (It doesn't have dynamic exports). So it's known statically that the requested export doesn't exist.

Import traces:
  Client Component Browser:
    ./components/settings/theme-applier.tsx [Client Component Browser]
    ./components/providers.tsx [Client Component Browser]
    ./components/providers.tsx [Server Component]
    ./app/layout.tsx [Server Component]

  Client Component SSR:
    ./components/settings/theme-applier.tsx [Client Component SSR]
    ./components/providers.tsx [Client Component SSR]
    ./components/providers.tsx [Server Component]
    ./app/layout.tsx [Server Component] @ http://localhost:3005/_next/static/chunks/node_modules_next_dist_b0a279d5._.js:1945
[  318625ms] [ERROR] ./components/settings/theme-applier.tsx:4:1
Export DEFAULTS doesn't exist in target module
  2 |
  3 | import { useEffect } from 'react'
> 4 | import { applyThemeToDOM, DEFAULTS } from '@/hooks/use-settings'
    | ^^^^^^^^^^^^^^^^^^^^^^^^^^^^^^^^^^^^^^^^^^^^^^^^^^^^^^^^^^^^^^^^
  5 | import type { AppSettings } from '@/hooks/use-settings'
  6 |
  7 | // Runs once on mount across the whole app to apply persisted theme before first render flash

The export DEFAULTS was not found in module [project]/hooks/use-settings.ts [app-ssr] (ecmascript).
Did you mean to import useSettings?
All exports of the module are statically known (It doesn't have dynamic exports). So it's known statically that the requested export doesn't exist.

Import traces:
  Client Component Browser:
    ./components/settings/theme-applier.tsx [Client Component Browser]
    ./components/providers.tsx [Client Component Browser]
    ./components/providers.tsx [Server Component]
    ./app/layout.tsx [Server Component]

  Client Component SSR:
    ./components/settings/theme-applier.tsx [Client Component SSR]
    ./components/providers.tsx [Client Component SSR]
    ./components/providers.tsx [Server Component]
    ./app/layout.tsx [Server Component] @ http://localhost:3005/_next/static/chunks/node_modules_next_dist_b0a279d5._.js:1945
[  318686ms] [ERROR] ./components/settings/theme-applier.tsx:4:1
Export DEFAULTS doesn't exist in target module
  2 |
  3 | import { useEffect } from 'react'
> 4 | import { applyThemeToDOM, DEFAULTS } from '@/hooks/use-settings'
    | ^^^^^^^^^^^^^^^^^^^^^^^^^^^^^^^^^^^^^^^^^^^^^^^^^^^^^^^^^^^^^^^^
  5 | import type { AppSettings } from '@/hooks/use-settings'
  6 |
  7 | // Runs once on mount across the whole app to apply persisted theme before first render flash

The export DEFAULTS was not found in module [project]/hooks/use-settings.ts [app-client] (ecmascript).
Did you mean to import useSettings?
All exports of the module are statically known (It doesn't have dynamic exports). So it's known statically that the requested export doesn't exist.

Import traces:
  Client Component Browser:
    ./components/settings/theme-applier.tsx [Client Component Browser]
    ./components/providers.tsx [Client Component Browser]
    ./components/providers.tsx [Server Component]
    ./app/layout.tsx [Server Component]

  Client Component SSR:
    ./components/settings/theme-applier.tsx [Client Component SSR]
    ./components/providers.tsx [Client Component SSR]
    ./components/providers.tsx [Server Component]
    ./app/layout.tsx [Server Component] @ http://localhost:3005/_next/static/chunks/node_modules_next_dist_b0a279d5._.js:1945
[  318686ms] [ERROR] ./components/settings/theme-applier.tsx:4:1
Export DEFAULTS doesn't exist in target module
  2 |
  3 | import { useEffect } from 'react'
> 4 | import { applyThemeToDOM, DEFAULTS } from '@/hooks/use-settings'
    | ^^^^^^^^^^^^^^^^^^^^^^^^^^^^^^^^^^^^^^^^^^^^^^^^^^^^^^^^^^^^^^^^
  5 | import type { AppSettings } from '@/hooks/use-settings'
  6 |
  7 | // Runs once on mount across the whole app to apply persisted theme before first render flash

The export DEFAULTS was not found in module [project]/hooks/use-settings.ts [app-ssr] (ecmascript).
Did you mean to import useSettings?
All exports of the module are statically known (It doesn't have dynamic exports). So it's known statically that the requested export doesn't exist.

Import traces:
  Client Component Browser:
    ./components/settings/theme-applier.tsx [Client Component Browser]
    ./components/providers.tsx [Client Component Browser]
    ./components/providers.tsx [Server Component]
    ./app/layout.tsx [Server Component]

  Client Component SSR:
    ./components/settings/theme-applier.tsx [Client Component SSR]
    ./components/providers.tsx [Client Component SSR]
    ./components/providers.tsx [Server Component]
    ./app/layout.tsx [Server Component] @ http://localhost:3005/_next/static/chunks/node_modules_next_dist_b0a279d5._.js:1945
[  318748ms] [ERROR] ./components/settings/theme-applier.tsx:4:1
Export DEFAULTS doesn't exist in target module
  2 |
  3 | import { useEffect } from 'react'
> 4 | import { applyThemeToDOM, DEFAULTS } from '@/hooks/use-settings'
    | ^^^^^^^^^^^^^^^^^^^^^^^^^^^^^^^^^^^^^^^^^^^^^^^^^^^^^^^^^^^^^^^^
  5 | import type { AppSettings } from '@/hooks/use-settings'
  6 |
  7 | // Runs once on mount across the whole app to apply persisted theme before first render flash

The export DEFAULTS was not found in module [project]/hooks/use-settings.ts [app-client] (ecmascript).
Did you mean to import useSettings?
All exports of the module are statically known (It doesn't have dynamic exports). So it's known statically that the requested export doesn't exist.

Import traces:
  Client Component Browser:
    ./components/settings/theme-applier.tsx [Client Component Browser]
    ./components/providers.tsx [Client Component Browser]
    ./components/providers.tsx [Server Component]
    ./app/layout.tsx [Server Component]

  Client Component SSR:
    ./components/settings/theme-applier.tsx [Client Component SSR]
    ./components/providers.tsx [Client Component SSR]
    ./components/providers.tsx [Server Component]
    ./app/layout.tsx [Server Component] @ http://localhost:3005/_next/static/chunks/node_modules_next_dist_b0a279d5._.js:1945
[  318748ms] [ERROR] ./components/settings/theme-applier.tsx:4:1
Export DEFAULTS doesn't exist in target module
  2 |
  3 | import { useEffect } from 'react'
> 4 | import { applyThemeToDOM, DEFAULTS } from '@/hooks/use-settings'
    | ^^^^^^^^^^^^^^^^^^^^^^^^^^^^^^^^^^^^^^^^^^^^^^^^^^^^^^^^^^^^^^^^
  5 | import type { AppSettings } from '@/hooks/use-settings'
  6 |
  7 | // Runs once on mount across the whole app to apply persisted theme before first render flash

The export DEFAULTS was not found in module [project]/hooks/use-settings.ts [app-ssr] (ecmascript).
Did you mean to import useSettings?
All exports of the module are statically known (It doesn't have dynamic exports). So it's known statically that the requested export doesn't exist.

Import traces:
  Client Component Browser:
    ./components/settings/theme-applier.tsx [Client Component Browser]
    ./components/providers.tsx [Client Component Browser]
    ./components/providers.tsx [Server Component]
    ./app/layout.tsx [Server Component]

  Client Component SSR:
    ./components/settings/theme-applier.tsx [Client Component SSR]
    ./components/providers.tsx [Client Component SSR]
    ./components/providers.tsx [Server Component]
    ./app/layout.tsx [Server Component] @ http://localhost:3005/_next/static/chunks/node_modules_next_dist_b0a279d5._.js:1945
[  318810ms] [ERROR] ./components/settings/theme-applier.tsx:4:1
Export DEFAULTS doesn't exist in target module
  2 |
  3 | import { useEffect } from 'react'
> 4 | import { applyThemeToDOM, DEFAULTS } from '@/hooks/use-settings'
    | ^^^^^^^^^^^^^^^^^^^^^^^^^^^^^^^^^^^^^^^^^^^^^^^^^^^^^^^^^^^^^^^^
  5 | import type { AppSettings } from '@/hooks/use-settings'
  6 |
  7 | // Runs once on mount across the whole app to apply persisted theme before first render flash

The export DEFAULTS was not found in module [project]/hooks/use-settings.ts [app-client] (ecmascript).
Did you mean to import useSettings?
All exports of the module are statically known (It doesn't have dynamic exports). So it's known statically that the requested export doesn't exist.

Import traces:
  Client Component Browser:
    ./components/settings/theme-applier.tsx [Client Component Browser]
    ./components/providers.tsx [Client Component Browser]
    ./components/providers.tsx [Server Component]
    ./app/layout.tsx [Server Component]

  Client Component SSR:
    ./components/settings/theme-applier.tsx [Client Component SSR]
    ./components/providers.tsx [Client Component SSR]
    ./components/providers.tsx [Server Component]
    ./app/layout.tsx [Server Component] @ http://localhost:3005/_next/static/chunks/node_modules_next_dist_b0a279d5._.js:1945
[  318811ms] [ERROR] ./components/settings/theme-applier.tsx:4:1
Export DEFAULTS doesn't exist in target module
  2 |
  3 | import { useEffect } from 'react'
> 4 | import { applyThemeToDOM, DEFAULTS } from '@/hooks/use-settings'
    | ^^^^^^^^^^^^^^^^^^^^^^^^^^^^^^^^^^^^^^^^^^^^^^^^^^^^^^^^^^^^^^^^
  5 | import type { AppSettings } from '@/hooks/use-settings'
  6 |
  7 | // Runs once on mount across the whole app to apply persisted theme before first render flash

The export DEFAULTS was not found in module [project]/hooks/use-settings.ts [app-ssr] (ecmascript).
Did you mean to import useSettings?
All exports of the module are statically known (It doesn't have dynamic exports). So it's known statically that the requested export doesn't exist.

Import traces:
  Client Component Browser:
    ./components/settings/theme-applier.tsx [Client Component Browser]
    ./components/providers.tsx [Client Component Browser]
    ./components/providers.tsx [Server Component]
    ./app/layout.tsx [Server Component]

  Client Component SSR:
    ./components/settings/theme-applier.tsx [Client Component SSR]
    ./components/providers.tsx [Client Component SSR]
    ./components/providers.tsx [Server Component]
    ./app/layout.tsx [Server Component] @ http://localhost:3005/_next/static/chunks/node_modules_next_dist_b0a279d5._.js:1945
[  318874ms] [ERROR] ./components/settings/theme-applier.tsx:4:1
Export DEFAULTS doesn't exist in target module
  2 |
  3 | import { useEffect } from 'react'
> 4 | import { applyThemeToDOM, DEFAULTS } from '@/hooks/use-settings'
    | ^^^^^^^^^^^^^^^^^^^^^^^^^^^^^^^^^^^^^^^^^^^^^^^^^^^^^^^^^^^^^^^^
  5 | import type { AppSettings } from '@/hooks/use-settings'
  6 |
  7 | // Runs once on mount across the whole app to apply persisted theme before first render flash

The export DEFAULTS was not found in module [project]/hooks/use-settings.ts [app-client] (ecmascript).
Did you mean to import useSettings?
All exports of the module are statically known (It doesn't have dynamic exports). So it's known statically that the requested export doesn't exist.

Import traces:
  Client Component Browser:
    ./components/settings/theme-applier.tsx [Client Component Browser]
    ./components/providers.tsx [Client Component Browser]
    ./components/providers.tsx [Server Component]
    ./app/layout.tsx [Server Component]

  Client Component SSR:
    ./components/settings/theme-applier.tsx [Client Component SSR]
    ./components/providers.tsx [Client Component SSR]
    ./components/providers.tsx [Server Component]
    ./app/layout.tsx [Server Component] @ http://localhost:3005/_next/static/chunks/node_modules_next_dist_b0a279d5._.js:1945
[  318875ms] [ERROR] ./components/settings/theme-applier.tsx:4:1
Export DEFAULTS doesn't exist in target module
  2 |
  3 | import { useEffect } from 'react'
> 4 | import { applyThemeToDOM, DEFAULTS } from '@/hooks/use-settings'
    | ^^^^^^^^^^^^^^^^^^^^^^^^^^^^^^^^^^^^^^^^^^^^^^^^^^^^^^^^^^^^^^^^
  5 | import type { AppSettings } from '@/hooks/use-settings'
  6 |
  7 | // Runs once on mount across the whole app to apply persisted theme before first render flash

The export DEFAULTS was not found in module [project]/hooks/use-settings.ts [app-ssr] (ecmascript).
Did you mean to import useSettings?
All exports of the module are statically known (It doesn't have dynamic exports). So it's known statically that the requested export doesn't exist.

Import traces:
  Client Component Browser:
    ./components/settings/theme-applier.tsx [Client Component Browser]
    ./components/providers.tsx [Client Component Browser]
    ./components/providers.tsx [Server Component]
    ./app/layout.tsx [Server Component]

  Client Component SSR:
    ./components/settings/theme-applier.tsx [Client Component SSR]
    ./components/providers.tsx [Client Component SSR]
    ./components/providers.tsx [Server Component]
    ./app/layout.tsx [Server Component] @ http://localhost:3005/_next/static/chunks/node_modules_next_dist_b0a279d5._.js:1945
[  318937ms] [ERROR] ./components/settings/theme-applier.tsx:4:1
Export DEFAULTS doesn't exist in target module
  2 |
  3 | import { useEffect } from 'react'
> 4 | import { applyThemeToDOM, DEFAULTS } from '@/hooks/use-settings'
    | ^^^^^^^^^^^^^^^^^^^^^^^^^^^^^^^^^^^^^^^^^^^^^^^^^^^^^^^^^^^^^^^^
  5 | import type { AppSettings } from '@/hooks/use-settings'
  6 |
  7 | // Runs once on mount across the whole app to apply persisted theme before first render flash

The export DEFAULTS was not found in module [project]/hooks/use-settings.ts [app-client] (ecmascript).
Did you mean to import useSettings?
All exports of the module are statically known (It doesn't have dynamic exports). So it's known statically that the requested export doesn't exist.

Import traces:
  Client Component Browser:
    ./components/settings/theme-applier.tsx [Client Component Browser]
    ./components/providers.tsx [Client Component Browser]
    ./components/providers.tsx [Server Component]
    ./app/layout.tsx [Server Component]

  Client Component SSR:
    ./components/settings/theme-applier.tsx [Client Component SSR]
    ./components/providers.tsx [Client Component SSR]
    ./components/providers.tsx [Server Component]
    ./app/layout.tsx [Server Component] @ http://localhost:3005/_next/static/chunks/node_modules_next_dist_b0a279d5._.js:1945
[  318937ms] [ERROR] ./components/settings/theme-applier.tsx:4:1
Export DEFAULTS doesn't exist in target module
  2 |
  3 | import { useEffect } from 'react'
> 4 | import { applyThemeToDOM, DEFAULTS } from '@/hooks/use-settings'
    | ^^^^^^^^^^^^^^^^^^^^^^^^^^^^^^^^^^^^^^^^^^^^^^^^^^^^^^^^^^^^^^^^
  5 | import type { AppSettings } from '@/hooks/use-settings'
  6 |
  7 | // Runs once on mount across the whole app to apply persisted theme before first render flash

The export DEFAULTS was not found in module [project]/hooks/use-settings.ts [app-ssr] (ecmascript).
Did you mean to import useSettings?
All exports of the module are statically known (It doesn't have dynamic exports). So it's known statically that the requested export doesn't exist.

Import traces:
  Client Component Browser:
    ./components/settings/theme-applier.tsx [Client Component Browser]
    ./components/providers.tsx [Client Component Browser]
    ./components/providers.tsx [Server Component]
    ./app/layout.tsx [Server Component]

  Client Component SSR:
    ./components/settings/theme-applier.tsx [Client Component SSR]
    ./components/providers.tsx [Client Component SSR]
    ./components/providers.tsx [Server Component]
    ./app/layout.tsx [Server Component] @ http://localhost:3005/_next/static/chunks/node_modules_next_dist_b0a279d5._.js:1945
[  318998ms] [ERROR] ./components/settings/theme-applier.tsx:4:1
Export DEFAULTS doesn't exist in target module
  2 |
  3 | import { useEffect } from 'react'
> 4 | import { applyThemeToDOM, DEFAULTS } from '@/hooks/use-settings'
    | ^^^^^^^^^^^^^^^^^^^^^^^^^^^^^^^^^^^^^^^^^^^^^^^^^^^^^^^^^^^^^^^^
  5 | import type { AppSettings } from '@/hooks/use-settings'
  6 |
  7 | // Runs once on mount across the whole app to apply persisted theme before first render flash

The export DEFAULTS was not found in module [project]/hooks/use-settings.ts [app-client] (ecmascript).
Did you mean to import useSettings?
All exports of the module are statically known (It doesn't have dynamic exports). So it's known statically that the requested export doesn't exist.

Import traces:
  Client Component Browser:
    ./components/settings/theme-applier.tsx [Client Component Browser]
    ./components/providers.tsx [Client Component Browser]
    ./components/providers.tsx [Server Component]
    ./app/layout.tsx [Server Component]

  Client Component SSR:
    ./components/settings/theme-applier.tsx [Client Component SSR]
    ./components/providers.tsx [Client Component SSR]
    ./components/providers.tsx [Server Component]
    ./app/layout.tsx [Server Component] @ http://localhost:3005/_next/static/chunks/node_modules_next_dist_b0a279d5._.js:1945
[  318999ms] [ERROR] ./components/settings/theme-applier.tsx:4:1
Export DEFAULTS doesn't exist in target module
  2 |
  3 | import { useEffect } from 'react'
> 4 | import { applyThemeToDOM, DEFAULTS } from '@/hooks/use-settings'
    | ^^^^^^^^^^^^^^^^^^^^^^^^^^^^^^^^^^^^^^^^^^^^^^^^^^^^^^^^^^^^^^^^
  5 | import type { AppSettings } from '@/hooks/use-settings'
  6 |
  7 | // Runs once on mount across the whole app to apply persisted theme before first render flash

The export DEFAULTS was not found in module [project]/hooks/use-settings.ts [app-ssr] (ecmascript).
Did you mean to import useSettings?
All exports of the module are statically known (It doesn't have dynamic exports). So it's known statically that the requested export doesn't exist.

Import traces:
  Client Component Browser:
    ./components/settings/theme-applier.tsx [Client Component Browser]
    ./components/providers.tsx [Client Component Browser]
    ./components/providers.tsx [Server Component]
    ./app/layout.tsx [Server Component]

  Client Component SSR:
    ./components/settings/theme-applier.tsx [Client Component SSR]
    ./components/providers.tsx [Client Component SSR]
    ./components/providers.tsx [Server Component]
    ./app/layout.tsx [Server Component] @ http://localhost:3005/_next/static/chunks/node_modules_next_dist_b0a279d5._.js:1945
[  319061ms] [ERROR] ./components/settings/theme-applier.tsx:4:1
Export DEFAULTS doesn't exist in target module
  2 |
  3 | import { useEffect } from 'react'
> 4 | import { applyThemeToDOM, DEFAULTS } from '@/hooks/use-settings'
    | ^^^^^^^^^^^^^^^^^^^^^^^^^^^^^^^^^^^^^^^^^^^^^^^^^^^^^^^^^^^^^^^^
  5 | import type { AppSettings } from '@/hooks/use-settings'
  6 |
  7 | // Runs once on mount across the whole app to apply persisted theme before first render flash

The export DEFAULTS was not found in module [project]/hooks/use-settings.ts [app-client] (ecmascript).
Did you mean to import useSettings?
All exports of the module are statically known (It doesn't have dynamic exports). So it's known statically that the requested export doesn't exist.

Import traces:
  Client Component Browser:
    ./components/settings/theme-applier.tsx [Client Component Browser]
    ./components/providers.tsx [Client Component Browser]
    ./components/providers.tsx [Server Component]
    ./app/layout.tsx [Server Component]

  Client Component SSR:
    ./components/settings/theme-applier.tsx [Client Component SSR]
    ./components/providers.tsx [Client Component SSR]
    ./components/providers.tsx [Server Component]
    ./app/layout.tsx [Server Component] @ http://localhost:3005/_next/static/chunks/node_modules_next_dist_b0a279d5._.js:1945
[  319061ms] [ERROR] ./components/settings/theme-applier.tsx:4:1
Export DEFAULTS doesn't exist in target module
  2 |
  3 | import { useEffect } from 'react'
> 4 | import { applyThemeToDOM, DEFAULTS } from '@/hooks/use-settings'
    | ^^^^^^^^^^^^^^^^^^^^^^^^^^^^^^^^^^^^^^^^^^^^^^^^^^^^^^^^^^^^^^^^
  5 | import type { AppSettings } from '@/hooks/use-settings'
  6 |
  7 | // Runs once on mount across the whole app to apply persisted theme before first render flash

The export DEFAULTS was not found in module [project]/hooks/use-settings.ts [app-ssr] (ecmascript).
Did you mean to import useSettings?
All exports of the module are statically known (It doesn't have dynamic exports). So it's known statically that the requested export doesn't exist.

Import traces:
  Client Component Browser:
    ./components/settings/theme-applier.tsx [Client Component Browser]
    ./components/providers.tsx [Client Component Browser]
    ./components/providers.tsx [Server Component]
    ./app/layout.tsx [Server Component]

  Client Component SSR:
    ./components/settings/theme-applier.tsx [Client Component SSR]
    ./components/providers.tsx [Client Component SSR]
    ./components/providers.tsx [Server Component]
    ./app/layout.tsx [Server Component] @ http://localhost:3005/_next/static/chunks/node_modules_next_dist_b0a279d5._.js:1945
[  319121ms] [ERROR] ./components/settings/theme-applier.tsx:4:1
Export DEFAULTS doesn't exist in target module
  2 |
  3 | import { useEffect } from 'react'
> 4 | import { applyThemeToDOM, DEFAULTS } from '@/hooks/use-settings'
    | ^^^^^^^^^^^^^^^^^^^^^^^^^^^^^^^^^^^^^^^^^^^^^^^^^^^^^^^^^^^^^^^^
  5 | import type { AppSettings } from '@/hooks/use-settings'
  6 |
  7 | // Runs once on mount across the whole app to apply persisted theme before first render flash

The export DEFAULTS was not found in module [project]/hooks/use-settings.ts [app-client] (ecmascript).
Did you mean to import useSettings?
All exports of the module are statically known (It doesn't have dynamic exports). So it's known statically that the requested export doesn't exist.

Import traces:
  Client Component Browser:
    ./components/settings/theme-applier.tsx [Client Component Browser]
    ./components/providers.tsx [Client Component Browser]
    ./components/providers.tsx [Server Component]
    ./app/layout.tsx [Server Component]

  Client Component SSR:
    ./components/settings/theme-applier.tsx [Client Component SSR]
    ./components/providers.tsx [Client Component SSR]
    ./components/providers.tsx [Server Component]
    ./app/layout.tsx [Server Component] @ http://localhost:3005/_next/static/chunks/node_modules_next_dist_b0a279d5._.js:1945
[  319121ms] [ERROR] ./components/settings/theme-applier.tsx:4:1
Export DEFAULTS doesn't exist in target module
  2 |
  3 | import { useEffect } from 'react'
> 4 | import { applyThemeToDOM, DEFAULTS } from '@/hooks/use-settings'
    | ^^^^^^^^^^^^^^^^^^^^^^^^^^^^^^^^^^^^^^^^^^^^^^^^^^^^^^^^^^^^^^^^
  5 | import type { AppSettings } from '@/hooks/use-settings'
  6 |
  7 | // Runs once on mount across the whole app to apply persisted theme before first render flash

The export DEFAULTS was not found in module [project]/hooks/use-settings.ts [app-ssr] (ecmascript).
Did you mean to import useSettings?
All exports of the module are statically known (It doesn't have dynamic exports). So it's known statically that the requested export doesn't exist.

Import traces:
  Client Component Browser:
    ./components/settings/theme-applier.tsx [Client Component Browser]
    ./components/providers.tsx [Client Component Browser]
    ./components/providers.tsx [Server Component]
    ./app/layout.tsx [Server Component]

  Client Component SSR:
    ./components/settings/theme-applier.tsx [Client Component SSR]
    ./components/providers.tsx [Client Component SSR]
    ./components/providers.tsx [Server Component]
    ./app/layout.tsx [Server Component] @ http://localhost:3005/_next/static/chunks/node_modules_next_dist_b0a279d5._.js:1945
[  319183ms] [ERROR] ./components/settings/theme-applier.tsx:4:1
Export DEFAULTS doesn't exist in target module
  2 |
  3 | import { useEffect } from 'react'
> 4 | import { applyThemeToDOM, DEFAULTS } from '@/hooks/use-settings'
    | ^^^^^^^^^^^^^^^^^^^^^^^^^^^^^^^^^^^^^^^^^^^^^^^^^^^^^^^^^^^^^^^^
  5 | import type { AppSettings } from '@/hooks/use-settings'
  6 |
  7 | // Runs once on mount across the whole app to apply persisted theme before first render flash

The export DEFAULTS was not found in module [project]/hooks/use-settings.ts [app-client] (ecmascript).
Did you mean to import useSettings?
All exports of the module are statically known (It doesn't have dynamic exports). So it's known statically that the requested export doesn't exist.

Import traces:
  Client Component Browser:
    ./components/settings/theme-applier.tsx [Client Component Browser]
    ./components/providers.tsx [Client Component Browser]
    ./components/providers.tsx [Server Component]
    ./app/layout.tsx [Server Component]

  Client Component SSR:
    ./components/settings/theme-applier.tsx [Client Component SSR]
    ./components/providers.tsx [Client Component SSR]
    ./components/providers.tsx [Server Component]
    ./app/layout.tsx [Server Component] @ http://localhost:3005/_next/static/chunks/node_modules_next_dist_b0a279d5._.js:1945
[  319184ms] [ERROR] ./components/settings/theme-applier.tsx:4:1
Export DEFAULTS doesn't exist in target module
  2 |
  3 | import { useEffect } from 'react'
> 4 | import { applyThemeToDOM, DEFAULTS } from '@/hooks/use-settings'
    | ^^^^^^^^^^^^^^^^^^^^^^^^^^^^^^^^^^^^^^^^^^^^^^^^^^^^^^^^^^^^^^^^
  5 | import type { AppSettings } from '@/hooks/use-settings'
  6 |
  7 | // Runs once on mount across the whole app to apply persisted theme before first render flash

The export DEFAULTS was not found in module [project]/hooks/use-settings.ts [app-ssr] (ecmascript).
Did you mean to import useSettings?
All exports of the module are statically known (It doesn't have dynamic exports). So it's known statically that the requested export doesn't exist.

Import traces:
  Client Component Browser:
    ./components/settings/theme-applier.tsx [Client Component Browser]
    ./components/providers.tsx [Client Component Browser]
    ./components/providers.tsx [Server Component]
    ./app/layout.tsx [Server Component]

  Client Component SSR:
    ./components/settings/theme-applier.tsx [Client Component SSR]
    ./components/providers.tsx [Client Component SSR]
    ./components/providers.tsx [Server Component]
    ./app/layout.tsx [Server Component] @ http://localhost:3005/_next/static/chunks/node_modules_next_dist_b0a279d5._.js:1945
[  319246ms] [ERROR] ./components/settings/theme-applier.tsx:4:1
Export DEFAULTS doesn't exist in target module
  2 |
  3 | import { useEffect } from 'react'
> 4 | import { applyThemeToDOM, DEFAULTS } from '@/hooks/use-settings'
    | ^^^^^^^^^^^^^^^^^^^^^^^^^^^^^^^^^^^^^^^^^^^^^^^^^^^^^^^^^^^^^^^^
  5 | import type { AppSettings } from '@/hooks/use-settings'
  6 |
  7 | // Runs once on mount across the whole app to apply persisted theme before first render flash

The export DEFAULTS was not found in module [project]/hooks/use-settings.ts [app-client] (ecmascript).
Did you mean to import useSettings?
All exports of the module are statically known (It doesn't have dynamic exports). So it's known statically that the requested export doesn't exist.

Import traces:
  Client Component Browser:
    ./components/settings/theme-applier.tsx [Client Component Browser]
    ./components/providers.tsx [Client Component Browser]
    ./components/providers.tsx [Server Component]
    ./app/layout.tsx [Server Component]

  Client Component SSR:
    ./components/settings/theme-applier.tsx [Client Component SSR]
    ./components/providers.tsx [Client Component SSR]
    ./components/providers.tsx [Server Component]
    ./app/layout.tsx [Server Component] @ http://localhost:3005/_next/static/chunks/node_modules_next_dist_b0a279d5._.js:1945
[  319246ms] [ERROR] ./components/settings/theme-applier.tsx:4:1
Export DEFAULTS doesn't exist in target module
  2 |
  3 | import { useEffect } from 'react'
> 4 | import { applyThemeToDOM, DEFAULTS } from '@/hooks/use-settings'
    | ^^^^^^^^^^^^^^^^^^^^^^^^^^^^^^^^^^^^^^^^^^^^^^^^^^^^^^^^^^^^^^^^
  5 | import type { AppSettings } from '@/hooks/use-settings'
  6 |
  7 | // Runs once on mount across the whole app to apply persisted theme before first render flash

The export DEFAULTS was not found in module [project]/hooks/use-settings.ts [app-ssr] (ecmascript).
Did you mean to import useSettings?
All exports of the module are statically known (It doesn't have dynamic exports). So it's known statically that the requested export doesn't exist.

Import traces:
  Client Component Browser:
    ./components/settings/theme-applier.tsx [Client Component Browser]
    ./components/providers.tsx [Client Component Browser]
    ./components/providers.tsx [Server Component]
    ./app/layout.tsx [Server Component]

  Client Component SSR:
    ./components/settings/theme-applier.tsx [Client Component SSR]
    ./components/providers.tsx [Client Component SSR]
    ./components/providers.tsx [Server Component]
    ./app/layout.tsx [Server Component] @ http://localhost:3005/_next/static/chunks/node_modules_next_dist_b0a279d5._.js:1945
[  319311ms] [ERROR] ./components/settings/theme-applier.tsx:4:1
Export DEFAULTS doesn't exist in target module
  2 |
  3 | import { useEffect } from 'react'
> 4 | import { applyThemeToDOM, DEFAULTS } from '@/hooks/use-settings'
    | ^^^^^^^^^^^^^^^^^^^^^^^^^^^^^^^^^^^^^^^^^^^^^^^^^^^^^^^^^^^^^^^^
  5 | import type { AppSettings } from '@/hooks/use-settings'
  6 |
  7 | // Runs once on mount across the whole app to apply persisted theme before first render flash

The export DEFAULTS was not found in module [project]/hooks/use-settings.ts [app-client] (ecmascript).
Did you mean to import useSettings?
All exports of the module are statically known (It doesn't have dynamic exports). So it's known statically that the requested export doesn't exist.

Import traces:
  Client Component Browser:
    ./components/settings/theme-applier.tsx [Client Component Browser]
    ./components/providers.tsx [Client Component Browser]
    ./components/providers.tsx [Server Component]
    ./app/layout.tsx [Server Component]

  Client Component SSR:
    ./components/settings/theme-applier.tsx [Client Component SSR]
    ./components/providers.tsx [Client Component SSR]
    ./components/providers.tsx [Server Component]
    ./app/layout.tsx [Server Component] @ http://localhost:3005/_next/static/chunks/node_modules_next_dist_b0a279d5._.js:1945
[  319311ms] [ERROR] ./components/settings/theme-applier.tsx:4:1
Export DEFAULTS doesn't exist in target module
  2 |
  3 | import { useEffect } from 'react'
> 4 | import { applyThemeToDOM, DEFAULTS } from '@/hooks/use-settings'
    | ^^^^^^^^^^^^^^^^^^^^^^^^^^^^^^^^^^^^^^^^^^^^^^^^^^^^^^^^^^^^^^^^
  5 | import type { AppSettings } from '@/hooks/use-settings'
  6 |
  7 | // Runs once on mount across the whole app to apply persisted theme before first render flash

The export DEFAULTS was not found in module [project]/hooks/use-settings.ts [app-ssr] (ecmascript).
Did you mean to import useSettings?
All exports of the module are statically known (It doesn't have dynamic exports). So it's known statically that the requested export doesn't exist.

Import traces:
  Client Component Browser:
    ./components/settings/theme-applier.tsx [Client Component Browser]
    ./components/providers.tsx [Client Component Browser]
    ./components/providers.tsx [Server Component]
    ./app/layout.tsx [Server Component]

  Client Component SSR:
    ./components/settings/theme-applier.tsx [Client Component SSR]
    ./components/providers.tsx [Client Component SSR]
    ./components/providers.tsx [Server Component]
    ./app/layout.tsx [Server Component] @ http://localhost:3005/_next/static/chunks/node_modules_next_dist_b0a279d5._.js:1945
[  319369ms] [ERROR] ./components/settings/theme-applier.tsx:4:1
Export DEFAULTS doesn't exist in target module
  2 |
  3 | import { useEffect } from 'react'
> 4 | import { applyThemeToDOM, DEFAULTS } from '@/hooks/use-settings'
    | ^^^^^^^^^^^^^^^^^^^^^^^^^^^^^^^^^^^^^^^^^^^^^^^^^^^^^^^^^^^^^^^^
  5 | import type { AppSettings } from '@/hooks/use-settings'
  6 |
  7 | // Runs once on mount across the whole app to apply persisted theme before first render flash

The export DEFAULTS was not found in module [project]/hooks/use-settings.ts [app-client] (ecmascript).
Did you mean to import useSettings?
All exports of the module are statically known (It doesn't have dynamic exports). So it's known statically that the requested export doesn't exist.

Import traces:
  Client Component Browser:
    ./components/settings/theme-applier.tsx [Client Component Browser]
    ./components/providers.tsx [Client Component Browser]
    ./components/providers.tsx [Server Component]
    ./app/layout.tsx [Server Component]

  Client Component SSR:
    ./components/settings/theme-applier.tsx [Client Component SSR]
    ./components/providers.tsx [Client Component SSR]
    ./components/providers.tsx [Server Component]
    ./app/layout.tsx [Server Component] @ http://localhost:3005/_next/static/chunks/node_modules_next_dist_b0a279d5._.js:1945
[  319369ms] [ERROR] ./components/settings/theme-applier.tsx:4:1
Export DEFAULTS doesn't exist in target module
  2 |
  3 | import { useEffect } from 'react'
> 4 | import { applyThemeToDOM, DEFAULTS } from '@/hooks/use-settings'
    | ^^^^^^^^^^^^^^^^^^^^^^^^^^^^^^^^^^^^^^^^^^^^^^^^^^^^^^^^^^^^^^^^
  5 | import type { AppSettings } from '@/hooks/use-settings'
  6 |
  7 | // Runs once on mount across the whole app to apply persisted theme before first render flash

The export DEFAULTS was not found in module [project]/hooks/use-settings.ts [app-ssr] (ecmascript).
Did you mean to import useSettings?
All exports of the module are statically known (It doesn't have dynamic exports). So it's known statically that the requested export doesn't exist.

Import traces:
  Client Component Browser:
    ./components/settings/theme-applier.tsx [Client Component Browser]
    ./components/providers.tsx [Client Component Browser]
    ./components/providers.tsx [Server Component]
    ./app/layout.tsx [Server Component]

  Client Component SSR:
    ./components/settings/theme-applier.tsx [Client Component SSR]
    ./components/providers.tsx [Client Component SSR]
    ./components/providers.tsx [Server Component]
    ./app/layout.tsx [Server Component] @ http://localhost:3005/_next/static/chunks/node_modules_next_dist_b0a279d5._.js:1945
[  319434ms] [ERROR] ./components/settings/theme-applier.tsx:4:1
Export DEFAULTS doesn't exist in target module
  2 |
  3 | import { useEffect } from 'react'
> 4 | import { applyThemeToDOM, DEFAULTS } from '@/hooks/use-settings'
    | ^^^^^^^^^^^^^^^^^^^^^^^^^^^^^^^^^^^^^^^^^^^^^^^^^^^^^^^^^^^^^^^^
  5 | import type { AppSettings } from '@/hooks/use-settings'
  6 |
  7 | // Runs once on mount across the whole app to apply persisted theme before first render flash

The export DEFAULTS was not found in module [project]/hooks/use-settings.ts [app-client] (ecmascript).
Did you mean to import useSettings?
All exports of the module are statically known (It doesn't have dynamic exports). So it's known statically that the requested export doesn't exist.

Import traces:
  Client Component Browser:
    ./components/settings/theme-applier.tsx [Client Component Browser]
    ./components/providers.tsx [Client Component Browser]
    ./components/providers.tsx [Server Component]
    ./app/layout.tsx [Server Component]

  Client Component SSR:
    ./components/settings/theme-applier.tsx [Client Component SSR]
    ./components/providers.tsx [Client Component SSR]
    ./components/providers.tsx [Server Component]
    ./app/layout.tsx [Server Component] @ http://localhost:3005/_next/static/chunks/node_modules_next_dist_b0a279d5._.js:1945
[  319434ms] [ERROR] ./components/settings/theme-applier.tsx:4:1
Export DEFAULTS doesn't exist in target module
  2 |
  3 | import { useEffect } from 'react'
> 4 | import { applyThemeToDOM, DEFAULTS } from '@/hooks/use-settings'
    | ^^^^^^^^^^^^^^^^^^^^^^^^^^^^^^^^^^^^^^^^^^^^^^^^^^^^^^^^^^^^^^^^
  5 | import type { AppSettings } from '@/hooks/use-settings'
  6 |
  7 | // Runs once on mount across the whole app to apply persisted theme before first render flash

The export DEFAULTS was not found in module [project]/hooks/use-settings.ts [app-ssr] (ecmascript).
Did you mean to import useSettings?
All exports of the module are statically known (It doesn't have dynamic exports). So it's known statically that the requested export doesn't exist.

Import traces:
  Client Component Browser:
    ./components/settings/theme-applier.tsx [Client Component Browser]
    ./components/providers.tsx [Client Component Browser]
    ./components/providers.tsx [Server Component]
    ./app/layout.tsx [Server Component]

  Client Component SSR:
    ./components/settings/theme-applier.tsx [Client Component SSR]
    ./components/providers.tsx [Client Component SSR]
    ./components/providers.tsx [Server Component]
    ./app/layout.tsx [Server Component] @ http://localhost:3005/_next/static/chunks/node_modules_next_dist_b0a279d5._.js:1945
[  319494ms] [ERROR] ./components/settings/theme-applier.tsx:4:1
Export DEFAULTS doesn't exist in target module
  2 |
  3 | import { useEffect } from 'react'
> 4 | import { applyThemeToDOM, DEFAULTS } from '@/hooks/use-settings'
    | ^^^^^^^^^^^^^^^^^^^^^^^^^^^^^^^^^^^^^^^^^^^^^^^^^^^^^^^^^^^^^^^^
  5 | import type { AppSettings } from '@/hooks/use-settings'
  6 |
  7 | // Runs once on mount across the whole app to apply persisted theme before first render flash

The export DEFAULTS was not found in module [project]/hooks/use-settings.ts [app-client] (ecmascript).
Did you mean to import useSettings?
All exports of the module are statically known (It doesn't have dynamic exports). So it's known statically that the requested export doesn't exist.

Import traces:
  Client Component Browser:
    ./components/settings/theme-applier.tsx [Client Component Browser]
    ./components/providers.tsx [Client Component Browser]
    ./components/providers.tsx [Server Component]
    ./app/layout.tsx [Server Component]

  Client Component SSR:
    ./components/settings/theme-applier.tsx [Client Component SSR]
    ./components/providers.tsx [Client Component SSR]
    ./components/providers.tsx [Server Component]
    ./app/layout.tsx [Server Component] @ http://localhost:3005/_next/static/chunks/node_modules_next_dist_b0a279d5._.js:1945
[  319495ms] [ERROR] ./components/settings/theme-applier.tsx:4:1
Export DEFAULTS doesn't exist in target module
  2 |
  3 | import { useEffect } from 'react'
> 4 | import { applyThemeToDOM, DEFAULTS } from '@/hooks/use-settings'
    | ^^^^^^^^^^^^^^^^^^^^^^^^^^^^^^^^^^^^^^^^^^^^^^^^^^^^^^^^^^^^^^^^
  5 | import type { AppSettings } from '@/hooks/use-settings'
  6 |
  7 | // Runs once on mount across the whole app to apply persisted theme before first render flash

The export DEFAULTS was not found in module [project]/hooks/use-settings.ts [app-ssr] (ecmascript).
Did you mean to import useSettings?
All exports of the module are statically known (It doesn't have dynamic exports). So it's known statically that the requested export doesn't exist.

Import traces:
  Client Component Browser:
    ./components/settings/theme-applier.tsx [Client Component Browser]
    ./components/providers.tsx [Client Component Browser]
    ./components/providers.tsx [Server Component]
    ./app/layout.tsx [Server Component]

  Client Component SSR:
    ./components/settings/theme-applier.tsx [Client Component SSR]
    ./components/providers.tsx [Client Component SSR]
    ./components/providers.tsx [Server Component]
    ./app/layout.tsx [Server Component] @ http://localhost:3005/_next/static/chunks/node_modules_next_dist_b0a279d5._.js:1945
[  319555ms] [ERROR] ./components/settings/theme-applier.tsx:4:1
Export DEFAULTS doesn't exist in target module
  2 |
  3 | import { useEffect } from 'react'
> 4 | import { applyThemeToDOM, DEFAULTS } from '@/hooks/use-settings'
    | ^^^^^^^^^^^^^^^^^^^^^^^^^^^^^^^^^^^^^^^^^^^^^^^^^^^^^^^^^^^^^^^^
  5 | import type { AppSettings } from '@/hooks/use-settings'
  6 |
  7 | // Runs once on mount across the whole app to apply persisted theme before first render flash

The export DEFAULTS was not found in module [project]/hooks/use-settings.ts [app-client] (ecmascript).
Did you mean to import useSettings?
All exports of the module are statically known (It doesn't have dynamic exports). So it's known statically that the requested export doesn't exist.

Import traces:
  Client Component Browser:
    ./components/settings/theme-applier.tsx [Client Component Browser]
    ./components/providers.tsx [Client Component Browser]
    ./components/providers.tsx [Server Component]
    ./app/layout.tsx [Server Component]

  Client Component SSR:
    ./components/settings/theme-applier.tsx [Client Component SSR]
    ./components/providers.tsx [Client Component SSR]
    ./components/providers.tsx [Server Component]
    ./app/layout.tsx [Server Component] @ http://localhost:3005/_next/static/chunks/node_modules_next_dist_b0a279d5._.js:1945
[  319555ms] [ERROR] ./components/settings/theme-applier.tsx:4:1
Export DEFAULTS doesn't exist in target module
  2 |
  3 | import { useEffect } from 'react'
> 4 | import { applyThemeToDOM, DEFAULTS } from '@/hooks/use-settings'
    | ^^^^^^^^^^^^^^^^^^^^^^^^^^^^^^^^^^^^^^^^^^^^^^^^^^^^^^^^^^^^^^^^
  5 | import type { AppSettings } from '@/hooks/use-settings'
  6 |
  7 | // Runs once on mount across the whole app to apply persisted theme before first render flash

The export DEFAULTS was not found in module [project]/hooks/use-settings.ts [app-ssr] (ecmascript).
Did you mean to import useSettings?
All exports of the module are statically known (It doesn't have dynamic exports). So it's known statically that the requested export doesn't exist.

Import traces:
  Client Component Browser:
    ./components/settings/theme-applier.tsx [Client Component Browser]
    ./components/providers.tsx [Client Component Browser]
    ./components/providers.tsx [Server Component]
    ./app/layout.tsx [Server Component]

  Client Component SSR:
    ./components/settings/theme-applier.tsx [Client Component SSR]
    ./components/providers.tsx [Client Component SSR]
    ./components/providers.tsx [Server Component]
    ./app/layout.tsx [Server Component] @ http://localhost:3005/_next/static/chunks/node_modules_next_dist_b0a279d5._.js:1945
[  319618ms] [ERROR] ./components/settings/theme-applier.tsx:4:1
Export DEFAULTS doesn't exist in target module
  2 |
  3 | import { useEffect } from 'react'
> 4 | import { applyThemeToDOM, DEFAULTS } from '@/hooks/use-settings'
    | ^^^^^^^^^^^^^^^^^^^^^^^^^^^^^^^^^^^^^^^^^^^^^^^^^^^^^^^^^^^^^^^^
  5 | import type { AppSettings } from '@/hooks/use-settings'
  6 |
  7 | // Runs once on mount across the whole app to apply persisted theme before first render flash

The export DEFAULTS was not found in module [project]/hooks/use-settings.ts [app-client] (ecmascript).
Did you mean to import useSettings?
All exports of the module are statically known (It doesn't have dynamic exports). So it's known statically that the requested export doesn't exist.

Import traces:
  Client Component Browser:
    ./components/settings/theme-applier.tsx [Client Component Browser]
    ./components/providers.tsx [Client Component Browser]
    ./components/providers.tsx [Server Component]
    ./app/layout.tsx [Server Component]

  Client Component SSR:
    ./components/settings/theme-applier.tsx [Client Component SSR]
    ./components/providers.tsx [Client Component SSR]
    ./components/providers.tsx [Server Component]
    ./app/layout.tsx [Server Component] @ http://localhost:3005/_next/static/chunks/node_modules_next_dist_b0a279d5._.js:1945
[  319618ms] [ERROR] ./components/settings/theme-applier.tsx:4:1
Export DEFAULTS doesn't exist in target module
  2 |
  3 | import { useEffect } from 'react'
> 4 | import { applyThemeToDOM, DEFAULTS } from '@/hooks/use-settings'
    | ^^^^^^^^^^^^^^^^^^^^^^^^^^^^^^^^^^^^^^^^^^^^^^^^^^^^^^^^^^^^^^^^
  5 | import type { AppSettings } from '@/hooks/use-settings'
  6 |
  7 | // Runs once on mount across the whole app to apply persisted theme before first render flash

The export DEFAULTS was not found in module [project]/hooks/use-settings.ts [app-ssr] (ecmascript).
Did you mean to import useSettings?
All exports of the module are statically known (It doesn't have dynamic exports). So it's known statically that the requested export doesn't exist.

Import traces:
  Client Component Browser:
    ./components/settings/theme-applier.tsx [Client Component Browser]
    ./components/providers.tsx [Client Component Browser]
    ./components/providers.tsx [Server Component]
    ./app/layout.tsx [Server Component]

  Client Component SSR:
    ./components/settings/theme-applier.tsx [Client Component SSR]
    ./components/providers.tsx [Client Component SSR]
    ./components/providers.tsx [Server Component]
    ./app/layout.tsx [Server Component] @ http://localhost:3005/_next/static/chunks/node_modules_next_dist_b0a279d5._.js:1945
[  319681ms] [ERROR] ./components/settings/theme-applier.tsx:4:1
Export DEFAULTS doesn't exist in target module
  2 |
  3 | import { useEffect } from 'react'
> 4 | import { applyThemeToDOM, DEFAULTS } from '@/hooks/use-settings'
    | ^^^^^^^^^^^^^^^^^^^^^^^^^^^^^^^^^^^^^^^^^^^^^^^^^^^^^^^^^^^^^^^^
  5 | import type { AppSettings } from '@/hooks/use-settings'
  6 |
  7 | // Runs once on mount across the whole app to apply persisted theme before first render flash

The export DEFAULTS was not found in module [project]/hooks/use-settings.ts [app-client] (ecmascript).
Did you mean to import useSettings?
All exports of the module are statically known (It doesn't have dynamic exports). So it's known statically that the requested export doesn't exist.

Import traces:
  Client Component Browser:
    ./components/settings/theme-applier.tsx [Client Component Browser]
    ./components/providers.tsx [Client Component Browser]
    ./components/providers.tsx [Server Component]
    ./app/layout.tsx [Server Component]

  Client Component SSR:
    ./components/settings/theme-applier.tsx [Client Component SSR]
    ./components/providers.tsx [Client Component SSR]
    ./components/providers.tsx [Server Component]
    ./app/layout.tsx [Server Component] @ http://localhost:3005/_next/static/chunks/node_modules_next_dist_b0a279d5._.js:1945
[  319681ms] [ERROR] ./components/settings/theme-applier.tsx:4:1
Export DEFAULTS doesn't exist in target module
  2 |
  3 | import { useEffect } from 'react'
> 4 | import { applyThemeToDOM, DEFAULTS } from '@/hooks/use-settings'
    | ^^^^^^^^^^^^^^^^^^^^^^^^^^^^^^^^^^^^^^^^^^^^^^^^^^^^^^^^^^^^^^^^
  5 | import type { AppSettings } from '@/hooks/use-settings'
  6 |
  7 | // Runs once on mount across the whole app to apply persisted theme before first render flash

The export DEFAULTS was not found in module [project]/hooks/use-settings.ts [app-ssr] (ecmascript).
Did you mean to import useSettings?
All exports of the module are statically known (It doesn't have dynamic exports). So it's known statically that the requested export doesn't exist.

Import traces:
  Client Component Browser:
    ./components/settings/theme-applier.tsx [Client Component Browser]
    ./components/providers.tsx [Client Component Browser]
    ./components/providers.tsx [Server Component]
    ./app/layout.tsx [Server Component]

  Client Component SSR:
    ./components/settings/theme-applier.tsx [Client Component SSR]
    ./components/providers.tsx [Client Component SSR]
    ./components/providers.tsx [Server Component]
    ./app/layout.tsx [Server Component] @ http://localhost:3005/_next/static/chunks/node_modules_next_dist_b0a279d5._.js:1945
[  319743ms] [ERROR] ./components/settings/theme-applier.tsx:4:1
Export DEFAULTS doesn't exist in target module
  2 |
  3 | import { useEffect } from 'react'
> 4 | import { applyThemeToDOM, DEFAULTS } from '@/hooks/use-settings'
    | ^^^^^^^^^^^^^^^^^^^^^^^^^^^^^^^^^^^^^^^^^^^^^^^^^^^^^^^^^^^^^^^^
  5 | import type { AppSettings } from '@/hooks/use-settings'
  6 |
  7 | // Runs once on mount across the whole app to apply persisted theme before first render flash

The export DEFAULTS was not found in module [project]/hooks/use-settings.ts [app-client] (ecmascript).
Did you mean to import useSettings?
All exports of the module are statically known (It doesn't have dynamic exports). So it's known statically that the requested export doesn't exist.

Import traces:
  Client Component Browser:
    ./components/settings/theme-applier.tsx [Client Component Browser]
    ./components/providers.tsx [Client Component Browser]
    ./components/providers.tsx [Server Component]
    ./app/layout.tsx [Server Component]

  Client Component SSR:
    ./components/settings/theme-applier.tsx [Client Component SSR]
    ./components/providers.tsx [Client Component SSR]
    ./components/providers.tsx [Server Component]
    ./app/layout.tsx [Server Component] @ http://localhost:3005/_next/static/chunks/node_modules_next_dist_b0a279d5._.js:1945
[  319744ms] [ERROR] ./components/settings/theme-applier.tsx:4:1
Export DEFAULTS doesn't exist in target module
  2 |
  3 | import { useEffect } from 'react'
> 4 | import { applyThemeToDOM, DEFAULTS } from '@/hooks/use-settings'
    | ^^^^^^^^^^^^^^^^^^^^^^^^^^^^^^^^^^^^^^^^^^^^^^^^^^^^^^^^^^^^^^^^
  5 | import type { AppSettings } from '@/hooks/use-settings'
  6 |
  7 | // Runs once on mount across the whole app to apply persisted theme before first render flash

The export DEFAULTS was not found in module [project]/hooks/use-settings.ts [app-ssr] (ecmascript).
Did you mean to import useSettings?
All exports of the module are statically known (It doesn't have dynamic exports). So it's known statically that the requested export doesn't exist.

Import traces:
  Client Component Browser:
    ./components/settings/theme-applier.tsx [Client Component Browser]
    ./components/providers.tsx [Client Component Browser]
    ./components/providers.tsx [Server Component]
    ./app/layout.tsx [Server Component]

  Client Component SSR:
    ./components/settings/theme-applier.tsx [Client Component SSR]
    ./components/providers.tsx [Client Component SSR]
    ./components/providers.tsx [Server Component]
    ./app/layout.tsx [Server Component] @ http://localhost:3005/_next/static/chunks/node_modules_next_dist_b0a279d5._.js:1945
[  319804ms] [ERROR] ./components/settings/theme-applier.tsx:4:1
Export DEFAULTS doesn't exist in target module
  2 |
  3 | import { useEffect } from 'react'
> 4 | import { applyThemeToDOM, DEFAULTS } from '@/hooks/use-settings'
    | ^^^^^^^^^^^^^^^^^^^^^^^^^^^^^^^^^^^^^^^^^^^^^^^^^^^^^^^^^^^^^^^^
  5 | import type { AppSettings } from '@/hooks/use-settings'
  6 |
  7 | // Runs once on mount across the whole app to apply persisted theme before first render flash

The export DEFAULTS was not found in module [project]/hooks/use-settings.ts [app-client] (ecmascript).
Did you mean to import useSettings?
All exports of the module are statically known (It doesn't have dynamic exports). So it's known statically that the requested export doesn't exist.

Import traces:
  Client Component Browser:
    ./components/settings/theme-applier.tsx [Client Component Browser]
    ./components/providers.tsx [Client Component Browser]
    ./components/providers.tsx [Server Component]
    ./app/layout.tsx [Server Component]

  Client Component SSR:
    ./components/settings/theme-applier.tsx [Client Component SSR]
    ./components/providers.tsx [Client Component SSR]
    ./components/providers.tsx [Server Component]
    ./app/layout.tsx [Server Component] @ http://localhost:3005/_next/static/chunks/node_modules_next_dist_b0a279d5._.js:1945
[  319805ms] [ERROR] ./components/settings/theme-applier.tsx:4:1
Export DEFAULTS doesn't exist in target module
  2 |
  3 | import { useEffect } from 'react'
> 4 | import { applyThemeToDOM, DEFAULTS } from '@/hooks/use-settings'
    | ^^^^^^^^^^^^^^^^^^^^^^^^^^^^^^^^^^^^^^^^^^^^^^^^^^^^^^^^^^^^^^^^
  5 | import type { AppSettings } from '@/hooks/use-settings'
  6 |
  7 | // Runs once on mount across the whole app to apply persisted theme before first render flash

The export DEFAULTS was not found in module [project]/hooks/use-settings.ts [app-ssr] (ecmascript).
Did you mean to import useSettings?
All exports of the module are statically known (It doesn't have dynamic exports). So it's known statically that the requested export doesn't exist.

Import traces:
  Client Component Browser:
    ./components/settings/theme-applier.tsx [Client Component Browser]
    ./components/providers.tsx [Client Component Browser]
    ./components/providers.tsx [Server Component]
    ./app/layout.tsx [Server Component]

  Client Component SSR:
    ./components/settings/theme-applier.tsx [Client Component SSR]
    ./components/providers.tsx [Client Component SSR]
    ./components/providers.tsx [Server Component]
    ./app/layout.tsx [Server Component] @ http://localhost:3005/_next/static/chunks/node_modules_next_dist_b0a279d5._.js:1945
[  319867ms] [ERROR] ./components/settings/theme-applier.tsx:4:1
Export DEFAULTS doesn't exist in target module
  2 |
  3 | import { useEffect } from 'react'
> 4 | import { applyThemeToDOM, DEFAULTS } from '@/hooks/use-settings'
    | ^^^^^^^^^^^^^^^^^^^^^^^^^^^^^^^^^^^^^^^^^^^^^^^^^^^^^^^^^^^^^^^^
  5 | import type { AppSettings } from '@/hooks/use-settings'
  6 |
  7 | // Runs once on mount across the whole app to apply persisted theme before first render flash

The export DEFAULTS was not found in module [project]/hooks/use-settings.ts [app-client] (ecmascript).
Did you mean to import useSettings?
All exports of the module are statically known (It doesn't have dynamic exports). So it's known statically that the requested export doesn't exist.

Import traces:
  Client Component Browser:
    ./components/settings/theme-applier.tsx [Client Component Browser]
    ./components/providers.tsx [Client Component Browser]
    ./components/providers.tsx [Server Component]
    ./app/layout.tsx [Server Component]

  Client Component SSR:
    ./components/settings/theme-applier.tsx [Client Component SSR]
    ./components/providers.tsx [Client Component SSR]
    ./components/providers.tsx [Server Component]
    ./app/layout.tsx [Server Component] @ http://localhost:3005/_next/static/chunks/node_modules_next_dist_b0a279d5._.js:1945
[  319868ms] [ERROR] ./components/settings/theme-applier.tsx:4:1
Export DEFAULTS doesn't exist in target module
  2 |
  3 | import { useEffect } from 'react'
> 4 | import { applyThemeToDOM, DEFAULTS } from '@/hooks/use-settings'
    | ^^^^^^^^^^^^^^^^^^^^^^^^^^^^^^^^^^^^^^^^^^^^^^^^^^^^^^^^^^^^^^^^
  5 | import type { AppSettings } from '@/hooks/use-settings'
  6 |
  7 | // Runs once on mount across the whole app to apply persisted theme before first render flash

The export DEFAULTS was not found in module [project]/hooks/use-settings.ts [app-ssr] (ecmascript).
Did you mean to import useSettings?
All exports of the module are statically known (It doesn't have dynamic exports). So it's known statically that the requested export doesn't exist.

Import traces:
  Client Component Browser:
    ./components/settings/theme-applier.tsx [Client Component Browser]
    ./components/providers.tsx [Client Component Browser]
    ./components/providers.tsx [Server Component]
    ./app/layout.tsx [Server Component]

  Client Component SSR:
    ./components/settings/theme-applier.tsx [Client Component SSR]
    ./components/providers.tsx [Client Component SSR]
    ./components/providers.tsx [Server Component]
    ./app/layout.tsx [Server Component] @ http://localhost:3005/_next/static/chunks/node_modules_next_dist_b0a279d5._.js:1945
[  319931ms] [ERROR] ./components/settings/theme-applier.tsx:4:1
Export DEFAULTS doesn't exist in target module
  2 |
  3 | import { useEffect } from 'react'
> 4 | import { applyThemeToDOM, DEFAULTS } from '@/hooks/use-settings'
    | ^^^^^^^^^^^^^^^^^^^^^^^^^^^^^^^^^^^^^^^^^^^^^^^^^^^^^^^^^^^^^^^^
  5 | import type { AppSettings } from '@/hooks/use-settings'
  6 |
  7 | // Runs once on mount across the whole app to apply persisted theme before first render flash

The export DEFAULTS was not found in module [project]/hooks/use-settings.ts [app-client] (ecmascript).
Did you mean to import useSettings?
All exports of the module are statically known (It doesn't have dynamic exports). So it's known statically that the requested export doesn't exist.

Import traces:
  Client Component Browser:
    ./components/settings/theme-applier.tsx [Client Component Browser]
    ./components/providers.tsx [Client Component Browser]
    ./components/providers.tsx [Server Component]
    ./app/layout.tsx [Server Component]

  Client Component SSR:
    ./components/settings/theme-applier.tsx [Client Component SSR]
    ./components/providers.tsx [Client Component SSR]
    ./components/providers.tsx [Server Component]
    ./app/layout.tsx [Server Component] @ http://localhost:3005/_next/static/chunks/node_modules_next_dist_b0a279d5._.js:1945
[  319931ms] [ERROR] ./components/settings/theme-applier.tsx:4:1
Export DEFAULTS doesn't exist in target module
  2 |
  3 | import { useEffect } from 'react'
> 4 | import { applyThemeToDOM, DEFAULTS } from '@/hooks/use-settings'
    | ^^^^^^^^^^^^^^^^^^^^^^^^^^^^^^^^^^^^^^^^^^^^^^^^^^^^^^^^^^^^^^^^
  5 | import type { AppSettings } from '@/hooks/use-settings'
  6 |
  7 | // Runs once on mount across the whole app to apply persisted theme before first render flash

The export DEFAULTS was not found in module [project]/hooks/use-settings.ts [app-ssr] (ecmascript).
Did you mean to import useSettings?
All exports of the module are statically known (It doesn't have dynamic exports). So it's known statically that the requested export doesn't exist.

Import traces:
  Client Component Browser:
    ./components/settings/theme-applier.tsx [Client Component Browser]
    ./components/providers.tsx [Client Component Browser]
    ./components/providers.tsx [Server Component]
    ./app/layout.tsx [Server Component]

  Client Component SSR:
    ./components/settings/theme-applier.tsx [Client Component SSR]
    ./components/providers.tsx [Client Component SSR]
    ./components/providers.tsx [Server Component]
    ./app/layout.tsx [Server Component] @ http://localhost:3005/_next/static/chunks/node_modules_next_dist_b0a279d5._.js:1945
[  319993ms] [ERROR] ./components/settings/theme-applier.tsx:4:1
Export DEFAULTS doesn't exist in target module
  2 |
  3 | import { useEffect } from 'react'
> 4 | import { applyThemeToDOM, DEFAULTS } from '@/hooks/use-settings'
    | ^^^^^^^^^^^^^^^^^^^^^^^^^^^^^^^^^^^^^^^^^^^^^^^^^^^^^^^^^^^^^^^^
  5 | import type { AppSettings } from '@/hooks/use-settings'
  6 |
  7 | // Runs once on mount across the whole app to apply persisted theme before first render flash

The export DEFAULTS was not found in module [project]/hooks/use-settings.ts [app-client] (ecmascript).
Did you mean to import useSettings?
All exports of the module are statically known (It doesn't have dynamic exports). So it's known statically that the requested export doesn't exist.

Import traces:
  Client Component Browser:
    ./components/settings/theme-applier.tsx [Client Component Browser]
    ./components/providers.tsx [Client Component Browser]
    ./components/providers.tsx [Server Component]
    ./app/layout.tsx [Server Component]

  Client Component SSR:
    ./components/settings/theme-applier.tsx [Client Component SSR]
    ./components/providers.tsx [Client Component SSR]
    ./components/providers.tsx [Server Component]
    ./app/layout.tsx [Server Component] @ http://localhost:3005/_next/static/chunks/node_modules_next_dist_b0a279d5._.js:1945
[  319993ms] [ERROR] ./components/settings/theme-applier.tsx:4:1
Export DEFAULTS doesn't exist in target module
  2 |
  3 | import { useEffect } from 'react'
> 4 | import { applyThemeToDOM, DEFAULTS } from '@/hooks/use-settings'
    | ^^^^^^^^^^^^^^^^^^^^^^^^^^^^^^^^^^^^^^^^^^^^^^^^^^^^^^^^^^^^^^^^
  5 | import type { AppSettings } from '@/hooks/use-settings'
  6 |
  7 | // Runs once on mount across the whole app to apply persisted theme before first render flash

The export DEFAULTS was not found in module [project]/hooks/use-settings.ts [app-ssr] (ecmascript).
Did you mean to import useSettings?
All exports of the module are statically known (It doesn't have dynamic exports). So it's known statically that the requested export doesn't exist.

Import traces:
  Client Component Browser:
    ./components/settings/theme-applier.tsx [Client Component Browser]
    ./components/providers.tsx [Client Component Browser]
    ./components/providers.tsx [Server Component]
    ./app/layout.tsx [Server Component]

  Client Component SSR:
    ./components/settings/theme-applier.tsx [Client Component SSR]
    ./components/providers.tsx [Client Component SSR]
    ./components/providers.tsx [Server Component]
    ./app/layout.tsx [Server Component] @ http://localhost:3005/_next/static/chunks/node_modules_next_dist_b0a279d5._.js:1945
[  320054ms] [ERROR] ./components/settings/theme-applier.tsx:4:1
Export DEFAULTS doesn't exist in target module
  2 |
  3 | import { useEffect } from 'react'
> 4 | import { applyThemeToDOM, DEFAULTS } from '@/hooks/use-settings'
    | ^^^^^^^^^^^^^^^^^^^^^^^^^^^^^^^^^^^^^^^^^^^^^^^^^^^^^^^^^^^^^^^^
  5 | import type { AppSettings } from '@/hooks/use-settings'
  6 |
  7 | // Runs once on mount across the whole app to apply persisted theme before first render flash

The export DEFAULTS was not found in module [project]/hooks/use-settings.ts [app-client] (ecmascript).
Did you mean to import useSettings?
All exports of the module are statically known (It doesn't have dynamic exports). So it's known statically that the requested export doesn't exist.

Import traces:
  Client Component Browser:
    ./components/settings/theme-applier.tsx [Client Component Browser]
    ./components/providers.tsx [Client Component Browser]
    ./components/providers.tsx [Server Component]
    ./app/layout.tsx [Server Component]

  Client Component SSR:
    ./components/settings/theme-applier.tsx [Client Component SSR]
    ./components/providers.tsx [Client Component SSR]
    ./components/providers.tsx [Server Component]
    ./app/layout.tsx [Server Component] @ http://localhost:3005/_next/static/chunks/node_modules_next_dist_b0a279d5._.js:1945
[  320054ms] [ERROR] ./components/settings/theme-applier.tsx:4:1
Export DEFAULTS doesn't exist in target module
  2 |
  3 | import { useEffect } from 'react'
> 4 | import { applyThemeToDOM, DEFAULTS } from '@/hooks/use-settings'
    | ^^^^^^^^^^^^^^^^^^^^^^^^^^^^^^^^^^^^^^^^^^^^^^^^^^^^^^^^^^^^^^^^
  5 | import type { AppSettings } from '@/hooks/use-settings'
  6 |
  7 | // Runs once on mount across the whole app to apply persisted theme before first render flash

The export DEFAULTS was not found in module [project]/hooks/use-settings.ts [app-ssr] (ecmascript).
Did you mean to import useSettings?
All exports of the module are statically known (It doesn't have dynamic exports). So it's known statically that the requested export doesn't exist.

Import traces:
  Client Component Browser:
    ./components/settings/theme-applier.tsx [Client Component Browser]
    ./components/providers.tsx [Client Component Browser]
    ./components/providers.tsx [Server Component]
    ./app/layout.tsx [Server Component]

  Client Component SSR:
    ./components/settings/theme-applier.tsx [Client Component SSR]
    ./components/providers.tsx [Client Component SSR]
    ./components/providers.tsx [Server Component]
    ./app/layout.tsx [Server Component] @ http://localhost:3005/_next/static/chunks/node_modules_next_dist_b0a279d5._.js:1945
[  320116ms] [ERROR] ./components/settings/theme-applier.tsx:4:1
Export DEFAULTS doesn't exist in target module
  2 |
  3 | import { useEffect } from 'react'
> 4 | import { applyThemeToDOM, DEFAULTS } from '@/hooks/use-settings'
    | ^^^^^^^^^^^^^^^^^^^^^^^^^^^^^^^^^^^^^^^^^^^^^^^^^^^^^^^^^^^^^^^^
  5 | import type { AppSettings } from '@/hooks/use-settings'
  6 |
  7 | // Runs once on mount across the whole app to apply persisted theme before first render flash

The export DEFAULTS was not found in module [project]/hooks/use-settings.ts [app-client] (ecmascript).
Did you mean to import useSettings?
All exports of the module are statically known (It doesn't have dynamic exports). So it's known statically that the requested export doesn't exist.

Import traces:
  Client Component Browser:
    ./components/settings/theme-applier.tsx [Client Component Browser]
    ./components/providers.tsx [Client Component Browser]
    ./components/providers.tsx [Server Component]
    ./app/layout.tsx [Server Component]

  Client Component SSR:
    ./components/settings/theme-applier.tsx [Client Component SSR]
    ./components/providers.tsx [Client Component SSR]
    ./components/providers.tsx [Server Component]
    ./app/layout.tsx [Server Component] @ http://localhost:3005/_next/static/chunks/node_modules_next_dist_b0a279d5._.js:1945
[  320116ms] [ERROR] ./components/settings/theme-applier.tsx:4:1
Export DEFAULTS doesn't exist in target module
  2 |
  3 | import { useEffect } from 'react'
> 4 | import { applyThemeToDOM, DEFAULTS } from '@/hooks/use-settings'
    | ^^^^^^^^^^^^^^^^^^^^^^^^^^^^^^^^^^^^^^^^^^^^^^^^^^^^^^^^^^^^^^^^
  5 | import type { AppSettings } from '@/hooks/use-settings'
  6 |
  7 | // Runs once on mount across the whole app to apply persisted theme before first render flash

The export DEFAULTS was not found in module [project]/hooks/use-settings.ts [app-ssr] (ecmascript).
Did you mean to import useSettings?
All exports of the module are statically known (It doesn't have dynamic exports). So it's known statically that the requested export doesn't exist.

Import traces:
  Client Component Browser:
    ./components/settings/theme-applier.tsx [Client Component Browser]
    ./components/providers.tsx [Client Component Browser]
    ./components/providers.tsx [Server Component]
    ./app/layout.tsx [Server Component]

  Client Component SSR:
    ./components/settings/theme-applier.tsx [Client Component SSR]
    ./components/providers.tsx [Client Component SSR]
    ./components/providers.tsx [Server Component]
    ./app/layout.tsx [Server Component] @ http://localhost:3005/_next/static/chunks/node_modules_next_dist_b0a279d5._.js:1945
[  320178ms] [ERROR] ./components/settings/theme-applier.tsx:4:1
Export DEFAULTS doesn't exist in target module
  2 |
  3 | import { useEffect } from 'react'
> 4 | import { applyThemeToDOM, DEFAULTS } from '@/hooks/use-settings'
    | ^^^^^^^^^^^^^^^^^^^^^^^^^^^^^^^^^^^^^^^^^^^^^^^^^^^^^^^^^^^^^^^^
  5 | import type { AppSettings } from '@/hooks/use-settings'
  6 |
  7 | // Runs once on mount across the whole app to apply persisted theme before first render flash

The export DEFAULTS was not found in module [project]/hooks/use-settings.ts [app-client] (ecmascript).
Did you mean to import useSettings?
All exports of the module are statically known (It doesn't have dynamic exports). So it's known statically that the requested export doesn't exist.

Import traces:
  Client Component Browser:
    ./components/settings/theme-applier.tsx [Client Component Browser]
    ./components/providers.tsx [Client Component Browser]
    ./components/providers.tsx [Server Component]
    ./app/layout.tsx [Server Component]

  Client Component SSR:
    ./components/settings/theme-applier.tsx [Client Component SSR]
    ./components/providers.tsx [Client Component SSR]
    ./components/providers.tsx [Server Component]
    ./app/layout.tsx [Server Component] @ http://localhost:3005/_next/static/chunks/node_modules_next_dist_b0a279d5._.js:1945
[  320178ms] [ERROR] ./components/settings/theme-applier.tsx:4:1
Export DEFAULTS doesn't exist in target module
  2 |
  3 | import { useEffect } from 'react'
> 4 | import { applyThemeToDOM, DEFAULTS } from '@/hooks/use-settings'
    | ^^^^^^^^^^^^^^^^^^^^^^^^^^^^^^^^^^^^^^^^^^^^^^^^^^^^^^^^^^^^^^^^
  5 | import type { AppSettings } from '@/hooks/use-settings'
  6 |
  7 | // Runs once on mount across the whole app to apply persisted theme before first render flash

The export DEFAULTS was not found in module [project]/hooks/use-settings.ts [app-ssr] (ecmascript).
Did you mean to import useSettings?
All exports of the module are statically known (It doesn't have dynamic exports). So it's known statically that the requested export doesn't exist.

Import traces:
  Client Component Browser:
    ./components/settings/theme-applier.tsx [Client Component Browser]
    ./components/providers.tsx [Client Component Browser]
    ./components/providers.tsx [Server Component]
    ./app/layout.tsx [Server Component]

  Client Component SSR:
    ./components/settings/theme-applier.tsx [Client Component SSR]
    ./components/providers.tsx [Client Component SSR]
    ./components/providers.tsx [Server Component]
    ./app/layout.tsx [Server Component] @ http://localhost:3005/_next/static/chunks/node_modules_next_dist_b0a279d5._.js:1945
[  320241ms] [ERROR] ./components/settings/theme-applier.tsx:4:1
Export DEFAULTS doesn't exist in target module
  2 |
  3 | import { useEffect } from 'react'
> 4 | import { applyThemeToDOM, DEFAULTS } from '@/hooks/use-settings'
    | ^^^^^^^^^^^^^^^^^^^^^^^^^^^^^^^^^^^^^^^^^^^^^^^^^^^^^^^^^^^^^^^^
  5 | import type { AppSettings } from '@/hooks/use-settings'
  6 |
  7 | // Runs once on mount across the whole app to apply persisted theme before first render flash

The export DEFAULTS was not found in module [project]/hooks/use-settings.ts [app-client] (ecmascript).
Did you mean to import useSettings?
All exports of the module are statically known (It doesn't have dynamic exports). So it's known statically that the requested export doesn't exist.

Import traces:
  Client Component Browser:
    ./components/settings/theme-applier.tsx [Client Component Browser]
    ./components/providers.tsx [Client Component Browser]
    ./components/providers.tsx [Server Component]
    ./app/layout.tsx [Server Component]

  Client Component SSR:
    ./components/settings/theme-applier.tsx [Client Component SSR]
    ./components/providers.tsx [Client Component SSR]
    ./components/providers.tsx [Server Component]
    ./app/layout.tsx [Server Component] @ http://localhost:3005/_next/static/chunks/node_modules_next_dist_b0a279d5._.js:1945
[  320241ms] [ERROR] ./components/settings/theme-applier.tsx:4:1
Export DEFAULTS doesn't exist in target module
  2 |
  3 | import { useEffect } from 'react'
> 4 | import { applyThemeToDOM, DEFAULTS } from '@/hooks/use-settings'
    | ^^^^^^^^^^^^^^^^^^^^^^^^^^^^^^^^^^^^^^^^^^^^^^^^^^^^^^^^^^^^^^^^
  5 | import type { AppSettings } from '@/hooks/use-settings'
  6 |
  7 | // Runs once on mount across the whole app to apply persisted theme before first render flash

The export DEFAULTS was not found in module [project]/hooks/use-settings.ts [app-ssr] (ecmascript).
Did you mean to import useSettings?
All exports of the module are statically known (It doesn't have dynamic exports). So it's known statically that the requested export doesn't exist.

Import traces:
  Client Component Browser:
    ./components/settings/theme-applier.tsx [Client Component Browser]
    ./components/providers.tsx [Client Component Browser]
    ./components/providers.tsx [Server Component]
    ./app/layout.tsx [Server Component]

  Client Component SSR:
    ./components/settings/theme-applier.tsx [Client Component SSR]
    ./components/providers.tsx [Client Component SSR]
    ./components/providers.tsx [Server Component]
    ./app/layout.tsx [Server Component] @ http://localhost:3005/_next/static/chunks/node_modules_next_dist_b0a279d5._.js:1945
[  320305ms] [ERROR] ./components/settings/theme-applier.tsx:4:1
Export DEFAULTS doesn't exist in target module
  2 |
  3 | import { useEffect } from 'react'
> 4 | import { applyThemeToDOM, DEFAULTS } from '@/hooks/use-settings'
    | ^^^^^^^^^^^^^^^^^^^^^^^^^^^^^^^^^^^^^^^^^^^^^^^^^^^^^^^^^^^^^^^^
  5 | import type { AppSettings } from '@/hooks/use-settings'
  6 |
  7 | // Runs once on mount across the whole app to apply persisted theme before first render flash

The export DEFAULTS was not found in module [project]/hooks/use-settings.ts [app-client] (ecmascript).
Did you mean to import useSettings?
All exports of the module are statically known (It doesn't have dynamic exports). So it's known statically that the requested export doesn't exist.

Import traces:
  Client Component Browser:
    ./components/settings/theme-applier.tsx [Client Component Browser]
    ./components/providers.tsx [Client Component Browser]
    ./components/providers.tsx [Server Component]
    ./app/layout.tsx [Server Component]

  Client Component SSR:
    ./components/settings/theme-applier.tsx [Client Component SSR]
    ./components/providers.tsx [Client Component SSR]
    ./components/providers.tsx [Server Component]
    ./app/layout.tsx [Server Component] @ http://localhost:3005/_next/static/chunks/node_modules_next_dist_b0a279d5._.js:1945
[  320306ms] [ERROR] ./components/settings/theme-applier.tsx:4:1
Export DEFAULTS doesn't exist in target module
  2 |
  3 | import { useEffect } from 'react'
> 4 | import { applyThemeToDOM, DEFAULTS } from '@/hooks/use-settings'
    | ^^^^^^^^^^^^^^^^^^^^^^^^^^^^^^^^^^^^^^^^^^^^^^^^^^^^^^^^^^^^^^^^
  5 | import type { AppSettings } from '@/hooks/use-settings'
  6 |
  7 | // Runs once on mount across the whole app to apply persisted theme before first render flash

The export DEFAULTS was not found in module [project]/hooks/use-settings.ts [app-ssr] (ecmascript).
Did you mean to import useSettings?
All exports of the module are statically known (It doesn't have dynamic exports). So it's known statically that the requested export doesn't exist.

Import traces:
  Client Component Browser:
    ./components/settings/theme-applier.tsx [Client Component Browser]
    ./components/providers.tsx [Client Component Browser]
    ./components/providers.tsx [Server Component]
    ./app/layout.tsx [Server Component]

  Client Component SSR:
    ./components/settings/theme-applier.tsx [Client Component SSR]
    ./components/providers.tsx [Client Component SSR]
    ./components/providers.tsx [Server Component]
    ./app/layout.tsx [Server Component] @ http://localhost:3005/_next/static/chunks/node_modules_next_dist_b0a279d5._.js:1945
[  320366ms] [ERROR] ./components/settings/theme-applier.tsx:4:1
Export DEFAULTS doesn't exist in target module
  2 |
  3 | import { useEffect } from 'react'
> 4 | import { applyThemeToDOM, DEFAULTS } from '@/hooks/use-settings'
    | ^^^^^^^^^^^^^^^^^^^^^^^^^^^^^^^^^^^^^^^^^^^^^^^^^^^^^^^^^^^^^^^^
  5 | import type { AppSettings } from '@/hooks/use-settings'
  6 |
  7 | // Runs once on mount across the whole app to apply persisted theme before first render flash

The export DEFAULTS was not found in module [project]/hooks/use-settings.ts [app-client] (ecmascript).
Did you mean to import useSettings?
All exports of the module are statically known (It doesn't have dynamic exports). So it's known statically that the requested export doesn't exist.

Import traces:
  Client Component Browser:
    ./components/settings/theme-applier.tsx [Client Component Browser]
    ./components/providers.tsx [Client Component Browser]
    ./components/providers.tsx [Server Component]
    ./app/layout.tsx [Server Component]

  Client Component SSR:
    ./components/settings/theme-applier.tsx [Client Component SSR]
    ./components/providers.tsx [Client Component SSR]
    ./components/providers.tsx [Server Component]
    ./app/layout.tsx [Server Component] @ http://localhost:3005/_next/static/chunks/node_modules_next_dist_b0a279d5._.js:1945
[  320366ms] [ERROR] ./components/settings/theme-applier.tsx:4:1
Export DEFAULTS doesn't exist in target module
  2 |
  3 | import { useEffect } from 'react'
> 4 | import { applyThemeToDOM, DEFAULTS } from '@/hooks/use-settings'
    | ^^^^^^^^^^^^^^^^^^^^^^^^^^^^^^^^^^^^^^^^^^^^^^^^^^^^^^^^^^^^^^^^
  5 | import type { AppSettings } from '@/hooks/use-settings'
  6 |
  7 | // Runs once on mount across the whole app to apply persisted theme before first render flash

The export DEFAULTS was not found in module [project]/hooks/use-settings.ts [app-ssr] (ecmascript).
Did you mean to import useSettings?
All exports of the module are statically known (It doesn't have dynamic exports). So it's known statically that the requested export doesn't exist.

Import traces:
  Client Component Browser:
    ./components/settings/theme-applier.tsx [Client Component Browser]
    ./components/providers.tsx [Client Component Browser]
    ./components/providers.tsx [Server Component]
    ./app/layout.tsx [Server Component]

  Client Component SSR:
    ./components/settings/theme-applier.tsx [Client Component SSR]
    ./components/providers.tsx [Client Component SSR]
    ./components/providers.tsx [Server Component]
    ./app/layout.tsx [Server Component] @ http://localhost:3005/_next/static/chunks/node_modules_next_dist_b0a279d5._.js:1945
[  320427ms] [ERROR] ./components/settings/theme-applier.tsx:4:1
Export DEFAULTS doesn't exist in target module
  2 |
  3 | import { useEffect } from 'react'
> 4 | import { applyThemeToDOM, DEFAULTS } from '@/hooks/use-settings'
    | ^^^^^^^^^^^^^^^^^^^^^^^^^^^^^^^^^^^^^^^^^^^^^^^^^^^^^^^^^^^^^^^^
  5 | import type { AppSettings } from '@/hooks/use-settings'
  6 |
  7 | // Runs once on mount across the whole app to apply persisted theme before first render flash

The export DEFAULTS was not found in module [project]/hooks/use-settings.ts [app-client] (ecmascript).
Did you mean to import useSettings?
All exports of the module are statically known (It doesn't have dynamic exports). So it's known statically that the requested export doesn't exist.

Import traces:
  Client Component Browser:
    ./components/settings/theme-applier.tsx [Client Component Browser]
    ./components/providers.tsx [Client Component Browser]
    ./components/providers.tsx [Server Component]
    ./app/layout.tsx [Server Component]

  Client Component SSR:
    ./components/settings/theme-applier.tsx [Client Component SSR]
    ./components/providers.tsx [Client Component SSR]
    ./components/providers.tsx [Server Component]
    ./app/layout.tsx [Server Component] @ http://localhost:3005/_next/static/chunks/node_modules_next_dist_b0a279d5._.js:1945
[  320427ms] [ERROR] ./components/settings/theme-applier.tsx:4:1
Export DEFAULTS doesn't exist in target module
  2 |
  3 | import { useEffect } from 'react'
> 4 | import { applyThemeToDOM, DEFAULTS } from '@/hooks/use-settings'
    | ^^^^^^^^^^^^^^^^^^^^^^^^^^^^^^^^^^^^^^^^^^^^^^^^^^^^^^^^^^^^^^^^
  5 | import type { AppSettings } from '@/hooks/use-settings'
  6 |
  7 | // Runs once on mount across the whole app to apply persisted theme before first render flash

The export DEFAULTS was not found in module [project]/hooks/use-settings.ts [app-ssr] (ecmascript).
Did you mean to import useSettings?
All exports of the module are statically known (It doesn't have dynamic exports). So it's known statically that the requested export doesn't exist.

Import traces:
  Client Component Browser:
    ./components/settings/theme-applier.tsx [Client Component Browser]
    ./components/providers.tsx [Client Component Browser]
    ./components/providers.tsx [Server Component]
    ./app/layout.tsx [Server Component]

  Client Component SSR:
    ./components/settings/theme-applier.tsx [Client Component SSR]
    ./components/providers.tsx [Client Component SSR]
    ./components/providers.tsx [Server Component]
    ./app/layout.tsx [Server Component] @ http://localhost:3005/_next/static/chunks/node_modules_next_dist_b0a279d5._.js:1945
[  320489ms] [ERROR] ./components/settings/theme-applier.tsx:4:1
Export DEFAULTS doesn't exist in target module
  2 |
  3 | import { useEffect } from 'react'
> 4 | import { applyThemeToDOM, DEFAULTS } from '@/hooks/use-settings'
    | ^^^^^^^^^^^^^^^^^^^^^^^^^^^^^^^^^^^^^^^^^^^^^^^^^^^^^^^^^^^^^^^^
  5 | import type { AppSettings } from '@/hooks/use-settings'
  6 |
  7 | // Runs once on mount across the whole app to apply persisted theme before first render flash

The export DEFAULTS was not found in module [project]/hooks/use-settings.ts [app-client] (ecmascript).
Did you mean to import useSettings?
All exports of the module are statically known (It doesn't have dynamic exports). So it's known statically that the requested export doesn't exist.

Import traces:
  Client Component Browser:
    ./components/settings/theme-applier.tsx [Client Component Browser]
    ./components/providers.tsx [Client Component Browser]
    ./components/providers.tsx [Server Component]
    ./app/layout.tsx [Server Component]

  Client Component SSR:
    ./components/settings/theme-applier.tsx [Client Component SSR]
    ./components/providers.tsx [Client Component SSR]
    ./components/providers.tsx [Server Component]
    ./app/layout.tsx [Server Component] @ http://localhost:3005/_next/static/chunks/node_modules_next_dist_b0a279d5._.js:1945
[  320490ms] [ERROR] ./components/settings/theme-applier.tsx:4:1
Export DEFAULTS doesn't exist in target module
  2 |
  3 | import { useEffect } from 'react'
> 4 | import { applyThemeToDOM, DEFAULTS } from '@/hooks/use-settings'
    | ^^^^^^^^^^^^^^^^^^^^^^^^^^^^^^^^^^^^^^^^^^^^^^^^^^^^^^^^^^^^^^^^
  5 | import type { AppSettings } from '@/hooks/use-settings'
  6 |
  7 | // Runs once on mount across the whole app to apply persisted theme before first render flash

The export DEFAULTS was not found in module [project]/hooks/use-settings.ts [app-ssr] (ecmascript).
Did you mean to import useSettings?
All exports of the module are statically known (It doesn't have dynamic exports). So it's known statically that the requested export doesn't exist.

Import traces:
  Client Component Browser:
    ./components/settings/theme-applier.tsx [Client Component Browser]
    ./components/providers.tsx [Client Component Browser]
    ./components/providers.tsx [Server Component]
    ./app/layout.tsx [Server Component]

  Client Component SSR:
    ./components/settings/theme-applier.tsx [Client Component SSR]
    ./components/providers.tsx [Client Component SSR]
    ./components/providers.tsx [Server Component]
    ./app/layout.tsx [Server Component] @ http://localhost:3005/_next/static/chunks/node_modules_next_dist_b0a279d5._.js:1945
[  320551ms] [ERROR] ./components/settings/theme-applier.tsx:4:1
Export DEFAULTS doesn't exist in target module
  2 |
  3 | import { useEffect } from 'react'
> 4 | import { applyThemeToDOM, DEFAULTS } from '@/hooks/use-settings'
    | ^^^^^^^^^^^^^^^^^^^^^^^^^^^^^^^^^^^^^^^^^^^^^^^^^^^^^^^^^^^^^^^^
  5 | import type { AppSettings } from '@/hooks/use-settings'
  6 |
  7 | // Runs once on mount across the whole app to apply persisted theme before first render flash

The export DEFAULTS was not found in module [project]/hooks/use-settings.ts [app-client] (ecmascript).
Did you mean to import useSettings?
All exports of the module are statically known (It doesn't have dynamic exports). So it's known statically that the requested export doesn't exist.

Import traces:
  Client Component Browser:
    ./components/settings/theme-applier.tsx [Client Component Browser]
    ./components/providers.tsx [Client Component Browser]
    ./components/providers.tsx [Server Component]
    ./app/layout.tsx [Server Component]

  Client Component SSR:
    ./components/settings/theme-applier.tsx [Client Component SSR]
    ./components/providers.tsx [Client Component SSR]
    ./components/providers.tsx [Server Component]
    ./app/layout.tsx [Server Component] @ http://localhost:3005/_next/static/chunks/node_modules_next_dist_b0a279d5._.js:1945
[  320552ms] [ERROR] ./components/settings/theme-applier.tsx:4:1
Export DEFAULTS doesn't exist in target module
  2 |
  3 | import { useEffect } from 'react'
> 4 | import { applyThemeToDOM, DEFAULTS } from '@/hooks/use-settings'
    | ^^^^^^^^^^^^^^^^^^^^^^^^^^^^^^^^^^^^^^^^^^^^^^^^^^^^^^^^^^^^^^^^
  5 | import type { AppSettings } from '@/hooks/use-settings'
  6 |
  7 | // Runs once on mount across the whole app to apply persisted theme before first render flash

The export DEFAULTS was not found in module [project]/hooks/use-settings.ts [app-ssr] (ecmascript).
Did you mean to import useSettings?
All exports of the module are statically known (It doesn't have dynamic exports). So it's known statically that the requested export doesn't exist.

Import traces:
  Client Component Browser:
    ./components/settings/theme-applier.tsx [Client Component Browser]
    ./components/providers.tsx [Client Component Browser]
    ./components/providers.tsx [Server Component]
    ./app/layout.tsx [Server Component]

  Client Component SSR:
    ./components/settings/theme-applier.tsx [Client Component SSR]
    ./components/providers.tsx [Client Component SSR]
    ./components/providers.tsx [Server Component]
    ./app/layout.tsx [Server Component] @ http://localhost:3005/_next/static/chunks/node_modules_next_dist_b0a279d5._.js:1945
[  320614ms] [ERROR] ./components/settings/theme-applier.tsx:4:1
Export DEFAULTS doesn't exist in target module
  2 |
  3 | import { useEffect } from 'react'
> 4 | import { applyThemeToDOM, DEFAULTS } from '@/hooks/use-settings'
    | ^^^^^^^^^^^^^^^^^^^^^^^^^^^^^^^^^^^^^^^^^^^^^^^^^^^^^^^^^^^^^^^^
  5 | import type { AppSettings } from '@/hooks/use-settings'
  6 |
  7 | // Runs once on mount across the whole app to apply persisted theme before first render flash

The export DEFAULTS was not found in module [project]/hooks/use-settings.ts [app-client] (ecmascript).
Did you mean to import useSettings?
All exports of the module are statically known (It doesn't have dynamic exports). So it's known statically that the requested export doesn't exist.

Import traces:
  Client Component Browser:
    ./components/settings/theme-applier.tsx [Client Component Browser]
    ./components/providers.tsx [Client Component Browser]
    ./components/providers.tsx [Server Component]
    ./app/layout.tsx [Server Component]

  Client Component SSR:
    ./components/settings/theme-applier.tsx [Client Component SSR]
    ./components/providers.tsx [Client Component SSR]
    ./components/providers.tsx [Server Component]
    ./app/layout.tsx [Server Component] @ http://localhost:3005/_next/static/chunks/node_modules_next_dist_b0a279d5._.js:1945
[  320614ms] [ERROR] ./components/settings/theme-applier.tsx:4:1
Export DEFAULTS doesn't exist in target module
  2 |
  3 | import { useEffect } from 'react'
> 4 | import { applyThemeToDOM, DEFAULTS } from '@/hooks/use-settings'
    | ^^^^^^^^^^^^^^^^^^^^^^^^^^^^^^^^^^^^^^^^^^^^^^^^^^^^^^^^^^^^^^^^
  5 | import type { AppSettings } from '@/hooks/use-settings'
  6 |
  7 | // Runs once on mount across the whole app to apply persisted theme before first render flash

The export DEFAULTS was not found in module [project]/hooks/use-settings.ts [app-ssr] (ecmascript).
Did you mean to import useSettings?
All exports of the module are statically known (It doesn't have dynamic exports). So it's known statically that the requested export doesn't exist.

Import traces:
  Client Component Browser:
    ./components/settings/theme-applier.tsx [Client Component Browser]
    ./components/providers.tsx [Client Component Browser]
    ./components/providers.tsx [Server Component]
    ./app/layout.tsx [Server Component]

  Client Component SSR:
    ./components/settings/theme-applier.tsx [Client Component SSR]
    ./components/providers.tsx [Client Component SSR]
    ./components/providers.tsx [Server Component]
    ./app/layout.tsx [Server Component] @ http://localhost:3005/_next/static/chunks/node_modules_next_dist_b0a279d5._.js:1945
[  320677ms] [ERROR] ./components/settings/theme-applier.tsx:4:1
Export DEFAULTS doesn't exist in target module
  2 |
  3 | import { useEffect } from 'react'
> 4 | import { applyThemeToDOM, DEFAULTS } from '@/hooks/use-settings'
    | ^^^^^^^^^^^^^^^^^^^^^^^^^^^^^^^^^^^^^^^^^^^^^^^^^^^^^^^^^^^^^^^^
  5 | import type { AppSettings } from '@/hooks/use-settings'
  6 |
  7 | // Runs once on mount across the whole app to apply persisted theme before first render flash

The export DEFAULTS was not found in module [project]/hooks/use-settings.ts [app-client] (ecmascript).
Did you mean to import useSettings?
All exports of the module are statically known (It doesn't have dynamic exports). So it's known statically that the requested export doesn't exist.

Import traces:
  Client Component Browser:
    ./components/settings/theme-applier.tsx [Client Component Browser]
    ./components/providers.tsx [Client Component Browser]
    ./components/providers.tsx [Server Component]
    ./app/layout.tsx [Server Component]

  Client Component SSR:
    ./components/settings/theme-applier.tsx [Client Component SSR]
    ./components/providers.tsx [Client Component SSR]
    ./components/providers.tsx [Server Component]
    ./app/layout.tsx [Server Component] @ http://localhost:3005/_next/static/chunks/node_modules_next_dist_b0a279d5._.js:1945
[  320677ms] [ERROR] ./components/settings/theme-applier.tsx:4:1
Export DEFAULTS doesn't exist in target module
  2 |
  3 | import { useEffect } from 'react'
> 4 | import { applyThemeToDOM, DEFAULTS } from '@/hooks/use-settings'
    | ^^^^^^^^^^^^^^^^^^^^^^^^^^^^^^^^^^^^^^^^^^^^^^^^^^^^^^^^^^^^^^^^
  5 | import type { AppSettings } from '@/hooks/use-settings'
  6 |
  7 | // Runs once on mount across the whole app to apply persisted theme before first render flash

The export DEFAULTS was not found in module [project]/hooks/use-settings.ts [app-ssr] (ecmascript).
Did you mean to import useSettings?
All exports of the module are statically known (It doesn't have dynamic exports). So it's known statically that the requested export doesn't exist.

Import traces:
  Client Component Browser:
    ./components/settings/theme-applier.tsx [Client Component Browser]
    ./components/providers.tsx [Client Component Browser]
    ./components/providers.tsx [Server Component]
    ./app/layout.tsx [Server Component]

  Client Component SSR:
    ./components/settings/theme-applier.tsx [Client Component SSR]
    ./components/providers.tsx [Client Component SSR]
    ./components/providers.tsx [Server Component]
    ./app/layout.tsx [Server Component] @ http://localhost:3005/_next/static/chunks/node_modules_next_dist_b0a279d5._.js:1945
[  320738ms] [ERROR] ./components/settings/theme-applier.tsx:4:1
Export DEFAULTS doesn't exist in target module
  2 |
  3 | import { useEffect } from 'react'
> 4 | import { applyThemeToDOM, DEFAULTS } from '@/hooks/use-settings'
    | ^^^^^^^^^^^^^^^^^^^^^^^^^^^^^^^^^^^^^^^^^^^^^^^^^^^^^^^^^^^^^^^^
  5 | import type { AppSettings } from '@/hooks/use-settings'
  6 |
  7 | // Runs once on mount across the whole app to apply persisted theme before first render flash

The export DEFAULTS was not found in module [project]/hooks/use-settings.ts [app-client] (ecmascript).
Did you mean to import useSettings?
All exports of the module are statically known (It doesn't have dynamic exports). So it's known statically that the requested export doesn't exist.

Import traces:
  Client Component Browser:
    ./components/settings/theme-applier.tsx [Client Component Browser]
    ./components/providers.tsx [Client Component Browser]
    ./components/providers.tsx [Server Component]
    ./app/layout.tsx [Server Component]

  Client Component SSR:
    ./components/settings/theme-applier.tsx [Client Component SSR]
    ./components/providers.tsx [Client Component SSR]
    ./components/providers.tsx [Server Component]
    ./app/layout.tsx [Server Component] @ http://localhost:3005/_next/static/chunks/node_modules_next_dist_b0a279d5._.js:1945
[  320738ms] [ERROR] ./components/settings/theme-applier.tsx:4:1
Export DEFAULTS doesn't exist in target module
  2 |
  3 | import { useEffect } from 'react'
> 4 | import { applyThemeToDOM, DEFAULTS } from '@/hooks/use-settings'
    | ^^^^^^^^^^^^^^^^^^^^^^^^^^^^^^^^^^^^^^^^^^^^^^^^^^^^^^^^^^^^^^^^
  5 | import type { AppSettings } from '@/hooks/use-settings'
  6 |
  7 | // Runs once on mount across the whole app to apply persisted theme before first render flash

The export DEFAULTS was not found in module [project]/hooks/use-settings.ts [app-ssr] (ecmascript).
Did you mean to import useSettings?
All exports of the module are statically known (It doesn't have dynamic exports). So it's known statically that the requested export doesn't exist.

Import traces:
  Client Component Browser:
    ./components/settings/theme-applier.tsx [Client Component Browser]
    ./components/providers.tsx [Client Component Browser]
    ./components/providers.tsx [Server Component]
    ./app/layout.tsx [Server Component]

  Client Component SSR:
    ./components/settings/theme-applier.tsx [Client Component SSR]
    ./components/providers.tsx [Client Component SSR]
    ./components/providers.tsx [Server Component]
    ./app/layout.tsx [Server Component] @ http://localhost:3005/_next/static/chunks/node_modules_next_dist_b0a279d5._.js:1945
[  320801ms] [ERROR] ./components/settings/theme-applier.tsx:4:1
Export DEFAULTS doesn't exist in target module
  2 |
  3 | import { useEffect } from 'react'
> 4 | import { applyThemeToDOM, DEFAULTS } from '@/hooks/use-settings'
    | ^^^^^^^^^^^^^^^^^^^^^^^^^^^^^^^^^^^^^^^^^^^^^^^^^^^^^^^^^^^^^^^^
  5 | import type { AppSettings } from '@/hooks/use-settings'
  6 |
  7 | // Runs once on mount across the whole app to apply persisted theme before first render flash

The export DEFAULTS was not found in module [project]/hooks/use-settings.ts [app-client] (ecmascript).
Did you mean to import useSettings?
All exports of the module are statically known (It doesn't have dynamic exports). So it's known statically that the requested export doesn't exist.

Import traces:
  Client Component Browser:
    ./components/settings/theme-applier.tsx [Client Component Browser]
    ./components/providers.tsx [Client Component Browser]
    ./components/providers.tsx [Server Component]
    ./app/layout.tsx [Server Component]

  Client Component SSR:
    ./components/settings/theme-applier.tsx [Client Component SSR]
    ./components/providers.tsx [Client Component SSR]
    ./components/providers.tsx [Server Component]
    ./app/layout.tsx [Server Component] @ http://localhost:3005/_next/static/chunks/node_modules_next_dist_b0a279d5._.js:1945
[  320802ms] [ERROR] ./components/settings/theme-applier.tsx:4:1
Export DEFAULTS doesn't exist in target module
  2 |
  3 | import { useEffect } from 'react'
> 4 | import { applyThemeToDOM, DEFAULTS } from '@/hooks/use-settings'
    | ^^^^^^^^^^^^^^^^^^^^^^^^^^^^^^^^^^^^^^^^^^^^^^^^^^^^^^^^^^^^^^^^
  5 | import type { AppSettings } from '@/hooks/use-settings'
  6 |
  7 | // Runs once on mount across the whole app to apply persisted theme before first render flash

The export DEFAULTS was not found in module [project]/hooks/use-settings.ts [app-ssr] (ecmascript).
Did you mean to import useSettings?
All exports of the module are statically known (It doesn't have dynamic exports). So it's known statically that the requested export doesn't exist.

Import traces:
  Client Component Browser:
    ./components/settings/theme-applier.tsx [Client Component Browser]
    ./components/providers.tsx [Client Component Browser]
    ./components/providers.tsx [Server Component]
    ./app/layout.tsx [Server Component]

  Client Component SSR:
    ./components/settings/theme-applier.tsx [Client Component SSR]
    ./components/providers.tsx [Client Component SSR]
    ./components/providers.tsx [Server Component]
    ./app/layout.tsx [Server Component] @ http://localhost:3005/_next/static/chunks/node_modules_next_dist_b0a279d5._.js:1945
[  320867ms] [ERROR] ./components/settings/theme-applier.tsx:4:1
Export DEFAULTS doesn't exist in target module
  2 |
  3 | import { useEffect } from 'react'
> 4 | import { applyThemeToDOM, DEFAULTS } from '@/hooks/use-settings'
    | ^^^^^^^^^^^^^^^^^^^^^^^^^^^^^^^^^^^^^^^^^^^^^^^^^^^^^^^^^^^^^^^^
  5 | import type { AppSettings } from '@/hooks/use-settings'
  6 |
  7 | // Runs once on mount across the whole app to apply persisted theme before first render flash

The export DEFAULTS was not found in module [project]/hooks/use-settings.ts [app-client] (ecmascript).
Did you mean to import useSettings?
All exports of the module are statically known (It doesn't have dynamic exports). So it's known statically that the requested export doesn't exist.

Import traces:
  Client Component Browser:
    ./components/settings/theme-applier.tsx [Client Component Browser]
    ./components/providers.tsx [Client Component Browser]
    ./components/providers.tsx [Server Component]
    ./app/layout.tsx [Server Component]

  Client Component SSR:
    ./components/settings/theme-applier.tsx [Client Component SSR]
    ./components/providers.tsx [Client Component SSR]
    ./components/providers.tsx [Server Component]
    ./app/layout.tsx [Server Component] @ http://localhost:3005/_next/static/chunks/node_modules_next_dist_b0a279d5._.js:1945
[  320867ms] [ERROR] ./components/settings/theme-applier.tsx:4:1
Export DEFAULTS doesn't exist in target module
  2 |
  3 | import { useEffect } from 'react'
> 4 | import { applyThemeToDOM, DEFAULTS } from '@/hooks/use-settings'
    | ^^^^^^^^^^^^^^^^^^^^^^^^^^^^^^^^^^^^^^^^^^^^^^^^^^^^^^^^^^^^^^^^
  5 | import type { AppSettings } from '@/hooks/use-settings'
  6 |
  7 | // Runs once on mount across the whole app to apply persisted theme before first render flash

The export DEFAULTS was not found in module [project]/hooks/use-settings.ts [app-ssr] (ecmascript).
Did you mean to import useSettings?
All exports of the module are statically known (It doesn't have dynamic exports). So it's known statically that the requested export doesn't exist.

Import traces:
  Client Component Browser:
    ./components/settings/theme-applier.tsx [Client Component Browser]
    ./components/providers.tsx [Client Component Browser]
    ./components/providers.tsx [Server Component]
    ./app/layout.tsx [Server Component]

  Client Component SSR:
    ./components/settings/theme-applier.tsx [Client Component SSR]
    ./components/providers.tsx [Client Component SSR]
    ./components/providers.tsx [Server Component]
    ./app/layout.tsx [Server Component] @ http://localhost:3005/_next/static/chunks/node_modules_next_dist_b0a279d5._.js:1945
[  320942ms] [ERROR] ./components/settings/theme-applier.tsx:4:1
Export DEFAULTS doesn't exist in target module
  2 |
  3 | import { useEffect } from 'react'
> 4 | import { applyThemeToDOM, DEFAULTS } from '@/hooks/use-settings'
    | ^^^^^^^^^^^^^^^^^^^^^^^^^^^^^^^^^^^^^^^^^^^^^^^^^^^^^^^^^^^^^^^^
  5 | import type { AppSettings } from '@/hooks/use-settings'
  6 |
  7 | // Runs once on mount across the whole app to apply persisted theme before first render flash

The export DEFAULTS was not found in module [project]/hooks/use-settings.ts [app-client] (ecmascript).
Did you mean to import useSettings?
All exports of the module are statically known (It doesn't have dynamic exports). So it's known statically that the requested export doesn't exist.

Import traces:
  Client Component Browser:
    ./components/settings/theme-applier.tsx [Client Component Browser]
    ./components/providers.tsx [Client Component Browser]
    ./components/providers.tsx [Server Component]
    ./app/layout.tsx [Server Component]

  Client Component SSR:
    ./components/settings/theme-applier.tsx [Client Component SSR]
    ./components/providers.tsx [Client Component SSR]
    ./components/providers.tsx [Server Component]
    ./app/layout.tsx [Server Component] @ http://localhost:3005/_next/static/chunks/node_modules_next_dist_b0a279d5._.js:1945
[  320942ms] [ERROR] ./components/settings/theme-applier.tsx:4:1
Export DEFAULTS doesn't exist in target module
  2 |
  3 | import { useEffect } from 'react'
> 4 | import { applyThemeToDOM, DEFAULTS } from '@/hooks/use-settings'
    | ^^^^^^^^^^^^^^^^^^^^^^^^^^^^^^^^^^^^^^^^^^^^^^^^^^^^^^^^^^^^^^^^
  5 | import type { AppSettings } from '@/hooks/use-settings'
  6 |
  7 | // Runs once on mount across the whole app to apply persisted theme before first render flash

The export DEFAULTS was not found in module [project]/hooks/use-settings.ts [app-ssr] (ecmascript).
Did you mean to import useSettings?
All exports of the module are statically known (It doesn't have dynamic exports). So it's known statically that the requested export doesn't exist.

Import traces:
  Client Component Browser:
    ./components/settings/theme-applier.tsx [Client Component Browser]
    ./components/providers.tsx [Client Component Browser]
    ./components/providers.tsx [Server Component]
    ./app/layout.tsx [Server Component]

  Client Component SSR:
    ./components/settings/theme-applier.tsx [Client Component SSR]
    ./components/providers.tsx [Client Component SSR]
    ./components/providers.tsx [Server Component]
    ./app/layout.tsx [Server Component] @ http://localhost:3005/_next/static/chunks/node_modules_next_dist_b0a279d5._.js:1945
[  321003ms] [ERROR] ./components/settings/theme-applier.tsx:4:1
Export DEFAULTS doesn't exist in target module
  2 |
  3 | import { useEffect } from 'react'
> 4 | import { applyThemeToDOM, DEFAULTS } from '@/hooks/use-settings'
    | ^^^^^^^^^^^^^^^^^^^^^^^^^^^^^^^^^^^^^^^^^^^^^^^^^^^^^^^^^^^^^^^^
  5 | import type { AppSettings } from '@/hooks/use-settings'
  6 |
  7 | // Runs once on mount across the whole app to apply persisted theme before first render flash

The export DEFAULTS was not found in module [project]/hooks/use-settings.ts [app-client] (ecmascript).
Did you mean to import useSettings?
All exports of the module are statically known (It doesn't have dynamic exports). So it's known statically that the requested export doesn't exist.

Import traces:
  Client Component Browser:
    ./components/settings/theme-applier.tsx [Client Component Browser]
    ./components/providers.tsx [Client Component Browser]
    ./components/providers.tsx [Server Component]
    ./app/layout.tsx [Server Component]

  Client Component SSR:
    ./components/settings/theme-applier.tsx [Client Component SSR]
    ./components/providers.tsx [Client Component SSR]
    ./components/providers.tsx [Server Component]
    ./app/layout.tsx [Server Component] @ http://localhost:3005/_next/static/chunks/node_modules_next_dist_b0a279d5._.js:1945
[  321003ms] [ERROR] ./components/settings/theme-applier.tsx:4:1
Export DEFAULTS doesn't exist in target module
  2 |
  3 | import { useEffect } from 'react'
> 4 | import { applyThemeToDOM, DEFAULTS } from '@/hooks/use-settings'
    | ^^^^^^^^^^^^^^^^^^^^^^^^^^^^^^^^^^^^^^^^^^^^^^^^^^^^^^^^^^^^^^^^
  5 | import type { AppSettings } from '@/hooks/use-settings'
  6 |
  7 | // Runs once on mount across the whole app to apply persisted theme before first render flash

The export DEFAULTS was not found in module [project]/hooks/use-settings.ts [app-ssr] (ecmascript).
Did you mean to import useSettings?
All exports of the module are statically known (It doesn't have dynamic exports). So it's known statically that the requested export doesn't exist.

Import traces:
  Client Component Browser:
    ./components/settings/theme-applier.tsx [Client Component Browser]
    ./components/providers.tsx [Client Component Browser]
    ./components/providers.tsx [Server Component]
    ./app/layout.tsx [Server Component]

  Client Component SSR:
    ./components/settings/theme-applier.tsx [Client Component SSR]
    ./components/providers.tsx [Client Component SSR]
    ./components/providers.tsx [Server Component]
    ./app/layout.tsx [Server Component] @ http://localhost:3005/_next/static/chunks/node_modules_next_dist_b0a279d5._.js:1945
[  321064ms] [ERROR] ./components/settings/theme-applier.tsx:4:1
Export DEFAULTS doesn't exist in target module
  2 |
  3 | import { useEffect } from 'react'
> 4 | import { applyThemeToDOM, DEFAULTS } from '@/hooks/use-settings'
    | ^^^^^^^^^^^^^^^^^^^^^^^^^^^^^^^^^^^^^^^^^^^^^^^^^^^^^^^^^^^^^^^^
  5 | import type { AppSettings } from '@/hooks/use-settings'
  6 |
  7 | // Runs once on mount across the whole app to apply persisted theme before first render flash

The export DEFAULTS was not found in module [project]/hooks/use-settings.ts [app-client] (ecmascript).
Did you mean to import useSettings?
All exports of the module are statically known (It doesn't have dynamic exports). So it's known statically that the requested export doesn't exist.

Import traces:
  Client Component Browser:
    ./components/settings/theme-applier.tsx [Client Component Browser]
    ./components/providers.tsx [Client Component Browser]
    ./components/providers.tsx [Server Component]
    ./app/layout.tsx [Server Component]

  Client Component SSR:
    ./components/settings/theme-applier.tsx [Client Component SSR]
    ./components/providers.tsx [Client Component SSR]
    ./components/providers.tsx [Server Component]
    ./app/layout.tsx [Server Component] @ http://localhost:3005/_next/static/chunks/node_modules_next_dist_b0a279d5._.js:1945
[  321064ms] [ERROR] ./components/settings/theme-applier.tsx:4:1
Export DEFAULTS doesn't exist in target module
  2 |
  3 | import { useEffect } from 'react'
> 4 | import { applyThemeToDOM, DEFAULTS } from '@/hooks/use-settings'
    | ^^^^^^^^^^^^^^^^^^^^^^^^^^^^^^^^^^^^^^^^^^^^^^^^^^^^^^^^^^^^^^^^
  5 | import type { AppSettings } from '@/hooks/use-settings'
  6 |
  7 | // Runs once on mount across the whole app to apply persisted theme before first render flash

The export DEFAULTS was not found in module [project]/hooks/use-settings.ts [app-ssr] (ecmascript).
Did you mean to import useSettings?
All exports of the module are statically known (It doesn't have dynamic exports). So it's known statically that the requested export doesn't exist.

Import traces:
  Client Component Browser:
    ./components/settings/theme-applier.tsx [Client Component Browser]
    ./components/providers.tsx [Client Component Browser]
    ./components/providers.tsx [Server Component]
    ./app/layout.tsx [Server Component]

  Client Component SSR:
    ./components/settings/theme-applier.tsx [Client Component SSR]
    ./components/providers.tsx [Client Component SSR]
    ./components/providers.tsx [Server Component]
    ./app/layout.tsx [Server Component] @ http://localhost:3005/_next/static/chunks/node_modules_next_dist_b0a279d5._.js:1945
[  321128ms] [ERROR] ./components/settings/theme-applier.tsx:4:1
Export DEFAULTS doesn't exist in target module
  2 |
  3 | import { useEffect } from 'react'
> 4 | import { applyThemeToDOM, DEFAULTS } from '@/hooks/use-settings'
    | ^^^^^^^^^^^^^^^^^^^^^^^^^^^^^^^^^^^^^^^^^^^^^^^^^^^^^^^^^^^^^^^^
  5 | import type { AppSettings } from '@/hooks/use-settings'
  6 |
  7 | // Runs once on mount across the whole app to apply persisted theme before first render flash

The export DEFAULTS was not found in module [project]/hooks/use-settings.ts [app-client] (ecmascript).
Did you mean to import useSettings?
All exports of the module are statically known (It doesn't have dynamic exports). So it's known statically that the requested export doesn't exist.

Import traces:
  Client Component Browser:
    ./components/settings/theme-applier.tsx [Client Component Browser]
    ./components/providers.tsx [Client Component Browser]
    ./components/providers.tsx [Server Component]
    ./app/layout.tsx [Server Component]

  Client Component SSR:
    ./components/settings/theme-applier.tsx [Client Component SSR]
    ./components/providers.tsx [Client Component SSR]
    ./components/providers.tsx [Server Component]
    ./app/layout.tsx [Server Component] @ http://localhost:3005/_next/static/chunks/node_modules_next_dist_b0a279d5._.js:1945
[  321129ms] [ERROR] ./components/settings/theme-applier.tsx:4:1
Export DEFAULTS doesn't exist in target module
  2 |
  3 | import { useEffect } from 'react'
> 4 | import { applyThemeToDOM, DEFAULTS } from '@/hooks/use-settings'
    | ^^^^^^^^^^^^^^^^^^^^^^^^^^^^^^^^^^^^^^^^^^^^^^^^^^^^^^^^^^^^^^^^
  5 | import type { AppSettings } from '@/hooks/use-settings'
  6 |
  7 | // Runs once on mount across the whole app to apply persisted theme before first render flash

The export DEFAULTS was not found in module [project]/hooks/use-settings.ts [app-ssr] (ecmascript).
Did you mean to import useSettings?
All exports of the module are statically known (It doesn't have dynamic exports). So it's known statically that the requested export doesn't exist.

Import traces:
  Client Component Browser:
    ./components/settings/theme-applier.tsx [Client Component Browser]
    ./components/providers.tsx [Client Component Browser]
    ./components/providers.tsx [Server Component]
    ./app/layout.tsx [Server Component]

  Client Component SSR:
    ./components/settings/theme-applier.tsx [Client Component SSR]
    ./components/providers.tsx [Client Component SSR]
    ./components/providers.tsx [Server Component]
    ./app/layout.tsx [Server Component] @ http://localhost:3005/_next/static/chunks/node_modules_next_dist_b0a279d5._.js:1945
[  321203ms] [ERROR] ./components/settings/theme-applier.tsx:4:1
Export DEFAULTS doesn't exist in target module
  2 |
  3 | import { useEffect } from 'react'
> 4 | import { applyThemeToDOM, DEFAULTS } from '@/hooks/use-settings'
    | ^^^^^^^^^^^^^^^^^^^^^^^^^^^^^^^^^^^^^^^^^^^^^^^^^^^^^^^^^^^^^^^^
  5 | import type { AppSettings } from '@/hooks/use-settings'
  6 |
  7 | // Runs once on mount across the whole app to apply persisted theme before first render flash

The export DEFAULTS was not found in module [project]/hooks/use-settings.ts [app-client] (ecmascript).
Did you mean to import useSettings?
All exports of the module are statically known (It doesn't have dynamic exports). So it's known statically that the requested export doesn't exist.

Import traces:
  Client Component Browser:
    ./components/settings/theme-applier.tsx [Client Component Browser]
    ./components/providers.tsx [Client Component Browser]
    ./components/providers.tsx [Server Component]
    ./app/layout.tsx [Server Component]

  Client Component SSR:
    ./components/settings/theme-applier.tsx [Client Component SSR]
    ./components/providers.tsx [Client Component SSR]
    ./components/providers.tsx [Server Component]
    ./app/layout.tsx [Server Component] @ http://localhost:3005/_next/static/chunks/node_modules_next_dist_b0a279d5._.js:1945
[  321204ms] [ERROR] ./components/settings/theme-applier.tsx:4:1
Export DEFAULTS doesn't exist in target module
  2 |
  3 | import { useEffect } from 'react'
> 4 | import { applyThemeToDOM, DEFAULTS } from '@/hooks/use-settings'
    | ^^^^^^^^^^^^^^^^^^^^^^^^^^^^^^^^^^^^^^^^^^^^^^^^^^^^^^^^^^^^^^^^
  5 | import type { AppSettings } from '@/hooks/use-settings'
  6 |
  7 | // Runs once on mount across the whole app to apply persisted theme before first render flash

The export DEFAULTS was not found in module [project]/hooks/use-settings.ts [app-ssr] (ecmascript).
Did you mean to import useSettings?
All exports of the module are statically known (It doesn't have dynamic exports). So it's known statically that the requested export doesn't exist.

Import traces:
  Client Component Browser:
    ./components/settings/theme-applier.tsx [Client Component Browser]
    ./components/providers.tsx [Client Component Browser]
    ./components/providers.tsx [Server Component]
    ./app/layout.tsx [Server Component]

  Client Component SSR:
    ./components/settings/theme-applier.tsx [Client Component SSR]
    ./components/providers.tsx [Client Component SSR]
    ./components/providers.tsx [Server Component]
    ./app/layout.tsx [Server Component] @ http://localhost:3005/_next/static/chunks/node_modules_next_dist_b0a279d5._.js:1945
[  321269ms] [ERROR] ./components/settings/theme-applier.tsx:4:1
Export DEFAULTS doesn't exist in target module
  2 |
  3 | import { useEffect } from 'react'
> 4 | import { applyThemeToDOM, DEFAULTS } from '@/hooks/use-settings'
    | ^^^^^^^^^^^^^^^^^^^^^^^^^^^^^^^^^^^^^^^^^^^^^^^^^^^^^^^^^^^^^^^^
  5 | import type { AppSettings } from '@/hooks/use-settings'
  6 |
  7 | // Runs once on mount across the whole app to apply persisted theme before first render flash

The export DEFAULTS was not found in module [project]/hooks/use-settings.ts [app-client] (ecmascript).
Did you mean to import useSettings?
All exports of the module are statically known (It doesn't have dynamic exports). So it's known statically that the requested export doesn't exist.

Import traces:
  Client Component Browser:
    ./components/settings/theme-applier.tsx [Client Component Browser]
    ./components/providers.tsx [Client Component Browser]
    ./components/providers.tsx [Server Component]
    ./app/layout.tsx [Server Component]

  Client Component SSR:
    ./components/settings/theme-applier.tsx [Client Component SSR]
    ./components/providers.tsx [Client Component SSR]
    ./components/providers.tsx [Server Component]
    ./app/layout.tsx [Server Component] @ http://localhost:3005/_next/static/chunks/node_modules_next_dist_b0a279d5._.js:1945
[  321269ms] [ERROR] ./components/settings/theme-applier.tsx:4:1
Export DEFAULTS doesn't exist in target module
  2 |
  3 | import { useEffect } from 'react'
> 4 | import { applyThemeToDOM, DEFAULTS } from '@/hooks/use-settings'
    | ^^^^^^^^^^^^^^^^^^^^^^^^^^^^^^^^^^^^^^^^^^^^^^^^^^^^^^^^^^^^^^^^
  5 | import type { AppSettings } from '@/hooks/use-settings'
  6 |
  7 | // Runs once on mount across the whole app to apply persisted theme before first render flash

The export DEFAULTS was not found in module [project]/hooks/use-settings.ts [app-ssr] (ecmascript).
Did you mean to import useSettings?
All exports of the module are statically known (It doesn't have dynamic exports). So it's known statically that the requested export doesn't exist.

Import traces:
  Client Component Browser:
    ./components/settings/theme-applier.tsx [Client Component Browser]
    ./components/providers.tsx [Client Component Browser]
    ./components/providers.tsx [Server Component]
    ./app/layout.tsx [Server Component]

  Client Component SSR:
    ./components/settings/theme-applier.tsx [Client Component SSR]
    ./components/providers.tsx [Client Component SSR]
    ./components/providers.tsx [Server Component]
    ./app/layout.tsx [Server Component] @ http://localhost:3005/_next/static/chunks/node_modules_next_dist_b0a279d5._.js:1945
[  321347ms] [ERROR] ./components/settings/theme-applier.tsx:4:1
Export DEFAULTS doesn't exist in target module
  2 |
  3 | import { useEffect } from 'react'
> 4 | import { applyThemeToDOM, DEFAULTS } from '@/hooks/use-settings'
    | ^^^^^^^^^^^^^^^^^^^^^^^^^^^^^^^^^^^^^^^^^^^^^^^^^^^^^^^^^^^^^^^^
  5 | import type { AppSettings } from '@/hooks/use-settings'
  6 |
  7 | // Runs once on mount across the whole app to apply persisted theme before first render flash

The export DEFAULTS was not found in module [project]/hooks/use-settings.ts [app-client] (ecmascript).
Did you mean to import useSettings?
All exports of the module are statically known (It doesn't have dynamic exports). So it's known statically that the requested export doesn't exist.

Import traces:
  Client Component Browser:
    ./components/settings/theme-applier.tsx [Client Component Browser]
    ./components/providers.tsx [Client Component Browser]
    ./components/providers.tsx [Server Component]
    ./app/layout.tsx [Server Component]

  Client Component SSR:
    ./components/settings/theme-applier.tsx [Client Component SSR]
    ./components/providers.tsx [Client Component SSR]
    ./components/providers.tsx [Server Component]
    ./app/layout.tsx [Server Component] @ http://localhost:3005/_next/static/chunks/node_modules_next_dist_b0a279d5._.js:1945
[  321347ms] [ERROR] ./components/settings/theme-applier.tsx:4:1
Export DEFAULTS doesn't exist in target module
  2 |
  3 | import { useEffect } from 'react'
> 4 | import { applyThemeToDOM, DEFAULTS } from '@/hooks/use-settings'
    | ^^^^^^^^^^^^^^^^^^^^^^^^^^^^^^^^^^^^^^^^^^^^^^^^^^^^^^^^^^^^^^^^
  5 | import type { AppSettings } from '@/hooks/use-settings'
  6 |
  7 | // Runs once on mount across the whole app to apply persisted theme before first render flash

The export DEFAULTS was not found in module [project]/hooks/use-settings.ts [app-ssr] (ecmascript).
Did you mean to import useSettings?
All exports of the module are statically known (It doesn't have dynamic exports). So it's known statically that the requested export doesn't exist.

Import traces:
  Client Component Browser:
    ./components/settings/theme-applier.tsx [Client Component Browser]
    ./components/providers.tsx [Client Component Browser]
    ./components/providers.tsx [Server Component]
    ./app/layout.tsx [Server Component]

  Client Component SSR:
    ./components/settings/theme-applier.tsx [Client Component SSR]
    ./components/providers.tsx [Client Component SSR]
    ./components/providers.tsx [Server Component]
    ./app/layout.tsx [Server Component] @ http://localhost:3005/_next/static/chunks/node_modules_next_dist_b0a279d5._.js:1945
[  321407ms] [ERROR] ./components/settings/theme-applier.tsx:4:1
Export DEFAULTS doesn't exist in target module
  2 |
  3 | import { useEffect } from 'react'
> 4 | import { applyThemeToDOM, DEFAULTS } from '@/hooks/use-settings'
    | ^^^^^^^^^^^^^^^^^^^^^^^^^^^^^^^^^^^^^^^^^^^^^^^^^^^^^^^^^^^^^^^^
  5 | import type { AppSettings } from '@/hooks/use-settings'
  6 |
  7 | // Runs once on mount across the whole app to apply persisted theme before first render flash

The export DEFAULTS was not found in module [project]/hooks/use-settings.ts [app-client] (ecmascript).
Did you mean to import useSettings?
All exports of the module are statically known (It doesn't have dynamic exports). So it's known statically that the requested export doesn't exist.

Import traces:
  Client Component Browser:
    ./components/settings/theme-applier.tsx [Client Component Browser]
    ./components/providers.tsx [Client Component Browser]
    ./components/providers.tsx [Server Component]
    ./app/layout.tsx [Server Component]

  Client Component SSR:
    ./components/settings/theme-applier.tsx [Client Component SSR]
    ./components/providers.tsx [Client Component SSR]
    ./components/providers.tsx [Server Component]
    ./app/layout.tsx [Server Component] @ http://localhost:3005/_next/static/chunks/node_modules_next_dist_b0a279d5._.js:1945
[  321408ms] [ERROR] ./components/settings/theme-applier.tsx:4:1
Export DEFAULTS doesn't exist in target module
  2 |
  3 | import { useEffect } from 'react'
> 4 | import { applyThemeToDOM, DEFAULTS } from '@/hooks/use-settings'
    | ^^^^^^^^^^^^^^^^^^^^^^^^^^^^^^^^^^^^^^^^^^^^^^^^^^^^^^^^^^^^^^^^
  5 | import type { AppSettings } from '@/hooks/use-settings'
  6 |
  7 | // Runs once on mount across the whole app to apply persisted theme before first render flash

The export DEFAULTS was not found in module [project]/hooks/use-settings.ts [app-ssr] (ecmascript).
Did you mean to import useSettings?
All exports of the module are statically known (It doesn't have dynamic exports). So it's known statically that the requested export doesn't exist.

Import traces:
  Client Component Browser:
    ./components/settings/theme-applier.tsx [Client Component Browser]
    ./components/providers.tsx [Client Component Browser]
    ./components/providers.tsx [Server Component]
    ./app/layout.tsx [Server Component]

  Client Component SSR:
    ./components/settings/theme-applier.tsx [Client Component SSR]
    ./components/providers.tsx [Client Component SSR]
    ./components/providers.tsx [Server Component]
    ./app/layout.tsx [Server Component] @ http://localhost:3005/_next/static/chunks/node_modules_next_dist_b0a279d5._.js:1945
[  321472ms] [ERROR] ./components/settings/theme-applier.tsx:4:1
Export DEFAULTS doesn't exist in target module
  2 |
  3 | import { useEffect } from 'react'
> 4 | import { applyThemeToDOM, DEFAULTS } from '@/hooks/use-settings'
    | ^^^^^^^^^^^^^^^^^^^^^^^^^^^^^^^^^^^^^^^^^^^^^^^^^^^^^^^^^^^^^^^^
  5 | import type { AppSettings } from '@/hooks/use-settings'
  6 |
  7 | // Runs once on mount across the whole app to apply persisted theme before first render flash

The export DEFAULTS was not found in module [project]/hooks/use-settings.ts [app-client] (ecmascript).
Did you mean to import useSettings?
All exports of the module are statically known (It doesn't have dynamic exports). So it's known statically that the requested export doesn't exist.

Import traces:
  Client Component Browser:
    ./components/settings/theme-applier.tsx [Client Component Browser]
    ./components/providers.tsx [Client Component Browser]
    ./components/providers.tsx [Server Component]
    ./app/layout.tsx [Server Component]

  Client Component SSR:
    ./components/settings/theme-applier.tsx [Client Component SSR]
    ./components/providers.tsx [Client Component SSR]
    ./components/providers.tsx [Server Component]
    ./app/layout.tsx [Server Component] @ http://localhost:3005/_next/static/chunks/node_modules_next_dist_b0a279d5._.js:1945
[  321473ms] [ERROR] ./components/settings/theme-applier.tsx:4:1
Export DEFAULTS doesn't exist in target module
  2 |
  3 | import { useEffect } from 'react'
> 4 | import { applyThemeToDOM, DEFAULTS } from '@/hooks/use-settings'
    | ^^^^^^^^^^^^^^^^^^^^^^^^^^^^^^^^^^^^^^^^^^^^^^^^^^^^^^^^^^^^^^^^
  5 | import type { AppSettings } from '@/hooks/use-settings'
  6 |
  7 | // Runs once on mount across the whole app to apply persisted theme before first render flash

The export DEFAULTS was not found in module [project]/hooks/use-settings.ts [app-ssr] (ecmascript).
Did you mean to import useSettings?
All exports of the module are statically known (It doesn't have dynamic exports). So it's known statically that the requested export doesn't exist.

Import traces:
  Client Component Browser:
    ./components/settings/theme-applier.tsx [Client Component Browser]
    ./components/providers.tsx [Client Component Browser]
    ./components/providers.tsx [Server Component]
    ./app/layout.tsx [Server Component]

  Client Component SSR:
    ./components/settings/theme-applier.tsx [Client Component SSR]
    ./components/providers.tsx [Client Component SSR]
    ./components/providers.tsx [Server Component]
    ./app/layout.tsx [Server Component] @ http://localhost:3005/_next/static/chunks/node_modules_next_dist_b0a279d5._.js:1945
[  321552ms] [ERROR] ./components/settings/theme-applier.tsx:4:1
Export DEFAULTS doesn't exist in target module
  2 |
  3 | import { useEffect } from 'react'
> 4 | import { applyThemeToDOM, DEFAULTS } from '@/hooks/use-settings'
    | ^^^^^^^^^^^^^^^^^^^^^^^^^^^^^^^^^^^^^^^^^^^^^^^^^^^^^^^^^^^^^^^^
  5 | import type { AppSettings } from '@/hooks/use-settings'
  6 |
  7 | // Runs once on mount across the whole app to apply persisted theme before first render flash

The export DEFAULTS was not found in module [project]/hooks/use-settings.ts [app-client] (ecmascript).
Did you mean to import useSettings?
All exports of the module are statically known (It doesn't have dynamic exports). So it's known statically that the requested export doesn't exist.

Import traces:
  Client Component Browser:
    ./components/settings/theme-applier.tsx [Client Component Browser]
    ./components/providers.tsx [Client Component Browser]
    ./components/providers.tsx [Server Component]
    ./app/layout.tsx [Server Component]

  Client Component SSR:
    ./components/settings/theme-applier.tsx [Client Component SSR]
    ./components/providers.tsx [Client Component SSR]
    ./components/providers.tsx [Server Component]
    ./app/layout.tsx [Server Component] @ http://localhost:3005/_next/static/chunks/node_modules_next_dist_b0a279d5._.js:1945
[  321553ms] [ERROR] ./components/settings/theme-applier.tsx:4:1
Export DEFAULTS doesn't exist in target module
  2 |
  3 | import { useEffect } from 'react'
> 4 | import { applyThemeToDOM, DEFAULTS } from '@/hooks/use-settings'
    | ^^^^^^^^^^^^^^^^^^^^^^^^^^^^^^^^^^^^^^^^^^^^^^^^^^^^^^^^^^^^^^^^
  5 | import type { AppSettings } from '@/hooks/use-settings'
  6 |
  7 | // Runs once on mount across the whole app to apply persisted theme before first render flash

The export DEFAULTS was not found in module [project]/hooks/use-settings.ts [app-ssr] (ecmascript).
Did you mean to import useSettings?
All exports of the module are statically known (It doesn't have dynamic exports). So it's known statically that the requested export doesn't exist.

Import traces:
  Client Component Browser:
    ./components/settings/theme-applier.tsx [Client Component Browser]
    ./components/providers.tsx [Client Component Browser]
    ./components/providers.tsx [Server Component]
    ./app/layout.tsx [Server Component]

  Client Component SSR:
    ./components/settings/theme-applier.tsx [Client Component SSR]
    ./components/providers.tsx [Client Component SSR]
    ./components/providers.tsx [Server Component]
    ./app/layout.tsx [Server Component] @ http://localhost:3005/_next/static/chunks/node_modules_next_dist_b0a279d5._.js:1945
[  321628ms] [ERROR] ./components/settings/theme-applier.tsx:4:1
Export DEFAULTS doesn't exist in target module
  2 |
  3 | import { useEffect } from 'react'
> 4 | import { applyThemeToDOM, DEFAULTS } from '@/hooks/use-settings'
    | ^^^^^^^^^^^^^^^^^^^^^^^^^^^^^^^^^^^^^^^^^^^^^^^^^^^^^^^^^^^^^^^^
  5 | import type { AppSettings } from '@/hooks/use-settings'
  6 |
  7 | // Runs once on mount across the whole app to apply persisted theme before first render flash

The export DEFAULTS was not found in module [project]/hooks/use-settings.ts [app-client] (ecmascript).
Did you mean to import useSettings?
All exports of the module are statically known (It doesn't have dynamic exports). So it's known statically that the requested export doesn't exist.

Import traces:
  Client Component Browser:
    ./components/settings/theme-applier.tsx [Client Component Browser]
    ./components/providers.tsx [Client Component Browser]
    ./components/providers.tsx [Server Component]
    ./app/layout.tsx [Server Component]

  Client Component SSR:
    ./components/settings/theme-applier.tsx [Client Component SSR]
    ./components/providers.tsx [Client Component SSR]
    ./components/providers.tsx [Server Component]
    ./app/layout.tsx [Server Component] @ http://localhost:3005/_next/static/chunks/node_modules_next_dist_b0a279d5._.js:1945
[  321628ms] [ERROR] ./components/settings/theme-applier.tsx:4:1
Export DEFAULTS doesn't exist in target module
  2 |
  3 | import { useEffect } from 'react'
> 4 | import { applyThemeToDOM, DEFAULTS } from '@/hooks/use-settings'
    | ^^^^^^^^^^^^^^^^^^^^^^^^^^^^^^^^^^^^^^^^^^^^^^^^^^^^^^^^^^^^^^^^
  5 | import type { AppSettings } from '@/hooks/use-settings'
  6 |
  7 | // Runs once on mount across the whole app to apply persisted theme before first render flash

The export DEFAULTS was not found in module [project]/hooks/use-settings.ts [app-ssr] (ecmascript).
Did you mean to import useSettings?
All exports of the module are statically known (It doesn't have dynamic exports). So it's known statically that the requested export doesn't exist.

Import traces:
  Client Component Browser:
    ./components/settings/theme-applier.tsx [Client Component Browser]
    ./components/providers.tsx [Client Component Browser]
    ./components/providers.tsx [Server Component]
    ./app/layout.tsx [Server Component]

  Client Component SSR:
    ./components/settings/theme-applier.tsx [Client Component SSR]
    ./components/providers.tsx [Client Component SSR]
    ./components/providers.tsx [Server Component]
    ./app/layout.tsx [Server Component] @ http://localhost:3005/_next/static/chunks/node_modules_next_dist_b0a279d5._.js:1945
[  321690ms] [ERROR] ./components/settings/theme-applier.tsx:4:1
Export DEFAULTS doesn't exist in target module
  2 |
  3 | import { useEffect } from 'react'
> 4 | import { applyThemeToDOM, DEFAULTS } from '@/hooks/use-settings'
    | ^^^^^^^^^^^^^^^^^^^^^^^^^^^^^^^^^^^^^^^^^^^^^^^^^^^^^^^^^^^^^^^^
  5 | import type { AppSettings } from '@/hooks/use-settings'
  6 |
  7 | // Runs once on mount across the whole app to apply persisted theme before first render flash

The export DEFAULTS was not found in module [project]/hooks/use-settings.ts [app-client] (ecmascript).
Did you mean to import useSettings?
All exports of the module are statically known (It doesn't have dynamic exports). So it's known statically that the requested export doesn't exist.

Import traces:
  Client Component Browser:
    ./components/settings/theme-applier.tsx [Client Component Browser]
    ./components/providers.tsx [Client Component Browser]
    ./components/providers.tsx [Server Component]
    ./app/layout.tsx [Server Component]

  Client Component SSR:
    ./components/settings/theme-applier.tsx [Client Component SSR]
    ./components/providers.tsx [Client Component SSR]
    ./components/providers.tsx [Server Component]
    ./app/layout.tsx [Server Component] @ http://localhost:3005/_next/static/chunks/node_modules_next_dist_b0a279d5._.js:1945
[  321690ms] [ERROR] ./components/settings/theme-applier.tsx:4:1
Export DEFAULTS doesn't exist in target module
  2 |
  3 | import { useEffect } from 'react'
> 4 | import { applyThemeToDOM, DEFAULTS } from '@/hooks/use-settings'
    | ^^^^^^^^^^^^^^^^^^^^^^^^^^^^^^^^^^^^^^^^^^^^^^^^^^^^^^^^^^^^^^^^
  5 | import type { AppSettings } from '@/hooks/use-settings'
  6 |
  7 | // Runs once on mount across the whole app to apply persisted theme before first render flash

The export DEFAULTS was not found in module [project]/hooks/use-settings.ts [app-ssr] (ecmascript).
Did you mean to import useSettings?
All exports of the module are statically known (It doesn't have dynamic exports). So it's known statically that the requested export doesn't exist.

Import traces:
  Client Component Browser:
    ./components/settings/theme-applier.tsx [Client Component Browser]
    ./components/providers.tsx [Client Component Browser]
    ./components/providers.tsx [Server Component]
    ./app/layout.tsx [Server Component]

  Client Component SSR:
    ./components/settings/theme-applier.tsx [Client Component SSR]
    ./components/providers.tsx [Client Component SSR]
    ./components/providers.tsx [Server Component]
    ./app/layout.tsx [Server Component] @ http://localhost:3005/_next/static/chunks/node_modules_next_dist_b0a279d5._.js:1945
[  321751ms] [ERROR] ./components/settings/theme-applier.tsx:4:1
Export DEFAULTS doesn't exist in target module
  2 |
  3 | import { useEffect } from 'react'
> 4 | import { applyThemeToDOM, DEFAULTS } from '@/hooks/use-settings'
    | ^^^^^^^^^^^^^^^^^^^^^^^^^^^^^^^^^^^^^^^^^^^^^^^^^^^^^^^^^^^^^^^^
  5 | import type { AppSettings } from '@/hooks/use-settings'
  6 |
  7 | // Runs once on mount across the whole app to apply persisted theme before first render flash

The export DEFAULTS was not found in module [project]/hooks/use-settings.ts [app-client] (ecmascript).
Did you mean to import useSettings?
All exports of the module are statically known (It doesn't have dynamic exports). So it's known statically that the requested export doesn't exist.

Import traces:
  Client Component Browser:
    ./components/settings/theme-applier.tsx [Client Component Browser]
    ./components/providers.tsx [Client Component Browser]
    ./components/providers.tsx [Server Component]
    ./app/layout.tsx [Server Component]

  Client Component SSR:
    ./components/settings/theme-applier.tsx [Client Component SSR]
    ./components/providers.tsx [Client Component SSR]
    ./components/providers.tsx [Server Component]
    ./app/layout.tsx [Server Component] @ http://localhost:3005/_next/static/chunks/node_modules_next_dist_b0a279d5._.js:1945
[  321751ms] [ERROR] ./components/settings/theme-applier.tsx:4:1
Export DEFAULTS doesn't exist in target module
  2 |
  3 | import { useEffect } from 'react'
> 4 | import { applyThemeToDOM, DEFAULTS } from '@/hooks/use-settings'
    | ^^^^^^^^^^^^^^^^^^^^^^^^^^^^^^^^^^^^^^^^^^^^^^^^^^^^^^^^^^^^^^^^
  5 | import type { AppSettings } from '@/hooks/use-settings'
  6 |
  7 | // Runs once on mount across the whole app to apply persisted theme before first render flash

The export DEFAULTS was not found in module [project]/hooks/use-settings.ts [app-ssr] (ecmascript).
Did you mean to import useSettings?
All exports of the module are statically known (It doesn't have dynamic exports). So it's known statically that the requested export doesn't exist.

Import traces:
  Client Component Browser:
    ./components/settings/theme-applier.tsx [Client Component Browser]
    ./components/providers.tsx [Client Component Browser]
    ./components/providers.tsx [Server Component]
    ./app/layout.tsx [Server Component]

  Client Component SSR:
    ./components/settings/theme-applier.tsx [Client Component SSR]
    ./components/providers.tsx [Client Component SSR]
    ./components/providers.tsx [Server Component]
    ./app/layout.tsx [Server Component] @ http://localhost:3005/_next/static/chunks/node_modules_next_dist_b0a279d5._.js:1945
[  321814ms] [ERROR] ./components/settings/theme-applier.tsx:4:1
Export DEFAULTS doesn't exist in target module
  2 |
  3 | import { useEffect } from 'react'
> 4 | import { applyThemeToDOM, DEFAULTS } from '@/hooks/use-settings'
    | ^^^^^^^^^^^^^^^^^^^^^^^^^^^^^^^^^^^^^^^^^^^^^^^^^^^^^^^^^^^^^^^^
  5 | import type { AppSettings } from '@/hooks/use-settings'
  6 |
  7 | // Runs once on mount across the whole app to apply persisted theme before first render flash

The export DEFAULTS was not found in module [project]/hooks/use-settings.ts [app-client] (ecmascript).
Did you mean to import useSettings?
All exports of the module are statically known (It doesn't have dynamic exports). So it's known statically that the requested export doesn't exist.

Import traces:
  Client Component Browser:
    ./components/settings/theme-applier.tsx [Client Component Browser]
    ./components/providers.tsx [Client Component Browser]
    ./components/providers.tsx [Server Component]
    ./app/layout.tsx [Server Component]

  Client Component SSR:
    ./components/settings/theme-applier.tsx [Client Component SSR]
    ./components/providers.tsx [Client Component SSR]
    ./components/providers.tsx [Server Component]
    ./app/layout.tsx [Server Component] @ http://localhost:3005/_next/static/chunks/node_modules_next_dist_b0a279d5._.js:1945
[  321814ms] [ERROR] ./components/settings/theme-applier.tsx:4:1
Export DEFAULTS doesn't exist in target module
  2 |
  3 | import { useEffect } from 'react'
> 4 | import { applyThemeToDOM, DEFAULTS } from '@/hooks/use-settings'
    | ^^^^^^^^^^^^^^^^^^^^^^^^^^^^^^^^^^^^^^^^^^^^^^^^^^^^^^^^^^^^^^^^
  5 | import type { AppSettings } from '@/hooks/use-settings'
  6 |
  7 | // Runs once on mount across the whole app to apply persisted theme before first render flash

The export DEFAULTS was not found in module [project]/hooks/use-settings.ts [app-ssr] (ecmascript).
Did you mean to import useSettings?
All exports of the module are statically known (It doesn't have dynamic exports). So it's known statically that the requested export doesn't exist.

Import traces:
  Client Component Browser:
    ./components/settings/theme-applier.tsx [Client Component Browser]
    ./components/providers.tsx [Client Component Browser]
    ./components/providers.tsx [Server Component]
    ./app/layout.tsx [Server Component]

  Client Component SSR:
    ./components/settings/theme-applier.tsx [Client Component SSR]
    ./components/providers.tsx [Client Component SSR]
    ./components/providers.tsx [Server Component]
    ./app/layout.tsx [Server Component] @ http://localhost:3005/_next/static/chunks/node_modules_next_dist_b0a279d5._.js:1945
[  321884ms] [ERROR] ./components/settings/theme-applier.tsx:4:1
Export DEFAULTS doesn't exist in target module
  2 |
  3 | import { useEffect } from 'react'
> 4 | import { applyThemeToDOM, DEFAULTS } from '@/hooks/use-settings'
    | ^^^^^^^^^^^^^^^^^^^^^^^^^^^^^^^^^^^^^^^^^^^^^^^^^^^^^^^^^^^^^^^^
  5 | import type { AppSettings } from '@/hooks/use-settings'
  6 |
  7 | // Runs once on mount across the whole app to apply persisted theme before first render flash

The export DEFAULTS was not found in module [project]/hooks/use-settings.ts [app-client] (ecmascript).
Did you mean to import useSettings?
All exports of the module are statically known (It doesn't have dynamic exports). So it's known statically that the requested export doesn't exist.

Import traces:
  Client Component Browser:
    ./components/settings/theme-applier.tsx [Client Component Browser]
    ./components/providers.tsx [Client Component Browser]
    ./components/providers.tsx [Server Component]
    ./app/layout.tsx [Server Component]

  Client Component SSR:
    ./components/settings/theme-applier.tsx [Client Component SSR]
    ./components/providers.tsx [Client Component SSR]
    ./components/providers.tsx [Server Component]
    ./app/layout.tsx [Server Component] @ http://localhost:3005/_next/static/chunks/node_modules_next_dist_b0a279d5._.js:1945
[  321885ms] [ERROR] ./components/settings/theme-applier.tsx:4:1
Export DEFAULTS doesn't exist in target module
  2 |
  3 | import { useEffect } from 'react'
> 4 | import { applyThemeToDOM, DEFAULTS } from '@/hooks/use-settings'
    | ^^^^^^^^^^^^^^^^^^^^^^^^^^^^^^^^^^^^^^^^^^^^^^^^^^^^^^^^^^^^^^^^
  5 | import type { AppSettings } from '@/hooks/use-settings'
  6 |
  7 | // Runs once on mount across the whole app to apply persisted theme before first render flash

The export DEFAULTS was not found in module [project]/hooks/use-settings.ts [app-ssr] (ecmascript).
Did you mean to import useSettings?
All exports of the module are statically known (It doesn't have dynamic exports). So it's known statically that the requested export doesn't exist.

Import traces:
  Client Component Browser:
    ./components/settings/theme-applier.tsx [Client Component Browser]
    ./components/providers.tsx [Client Component Browser]
    ./components/providers.tsx [Server Component]
    ./app/layout.tsx [Server Component]

  Client Component SSR:
    ./components/settings/theme-applier.tsx [Client Component SSR]
    ./components/providers.tsx [Client Component SSR]
    ./components/providers.tsx [Server Component]
    ./app/layout.tsx [Server Component] @ http://localhost:3005/_next/static/chunks/node_modules_next_dist_b0a279d5._.js:1945
[  322239ms] [ERROR] ./components/settings/theme-applier.tsx:4:1
Export DEFAULTS doesn't exist in target module
  2 |
  3 | import { useEffect } from 'react'
> 4 | import { applyThemeToDOM, DEFAULTS } from '@/hooks/use-settings'
    | ^^^^^^^^^^^^^^^^^^^^^^^^^^^^^^^^^^^^^^^^^^^^^^^^^^^^^^^^^^^^^^^^
  5 | import type { AppSettings } from '@/hooks/use-settings'
  6 |
  7 | // Runs once on mount across the whole app to apply persisted theme before first render flash

The export DEFAULTS was not found in module [project]/hooks/use-settings.ts [app-client] (ecmascript).
Did you mean to import useSettings?
All exports of the module are statically known (It doesn't have dynamic exports). So it's known statically that the requested export doesn't exist.

Import traces:
  Client Component Browser:
    ./components/settings/theme-applier.tsx [Client Component Browser]
    ./components/providers.tsx [Client Component Browser]
    ./components/providers.tsx [Server Component]
    ./app/layout.tsx [Server Component]

  Client Component SSR:
    ./components/settings/theme-applier.tsx [Client Component SSR]
    ./components/providers.tsx [Client Component SSR]
    ./components/providers.tsx [Server Component]
    ./app/layout.tsx [Server Component] @ http://localhost:3005/_next/static/chunks/node_modules_next_dist_b0a279d5._.js:1945
[  322239ms] [ERROR] ./components/settings/theme-applier.tsx:4:1
Export DEFAULTS doesn't exist in target module
  2 |
  3 | import { useEffect } from 'react'
> 4 | import { applyThemeToDOM, DEFAULTS } from '@/hooks/use-settings'
    | ^^^^^^^^^^^^^^^^^^^^^^^^^^^^^^^^^^^^^^^^^^^^^^^^^^^^^^^^^^^^^^^^
  5 | import type { AppSettings } from '@/hooks/use-settings'
  6 |
  7 | // Runs once on mount across the whole app to apply persisted theme before first render flash

The export DEFAULTS was not found in module [project]/hooks/use-settings.ts [app-ssr] (ecmascript).
Did you mean to import useSettings?
All exports of the module are statically known (It doesn't have dynamic exports). So it's known statically that the requested export doesn't exist.

Import traces:
  Client Component Browser:
    ./components/settings/theme-applier.tsx [Client Component Browser]
    ./components/providers.tsx [Client Component Browser]
    ./components/providers.tsx [Server Component]
    ./app/layout.tsx [Server Component]

  Client Component SSR:
    ./components/settings/theme-applier.tsx [Client Component SSR]
    ./components/providers.tsx [Client Component SSR]
    ./components/providers.tsx [Server Component]
    ./app/layout.tsx [Server Component] @ http://localhost:3005/_next/static/chunks/node_modules_next_dist_b0a279d5._.js:1945
[  322317ms] [ERROR] ./components/settings/theme-applier.tsx:4:1
Export DEFAULTS doesn't exist in target module
  2 |
  3 | import { useEffect } from 'react'
> 4 | import { applyThemeToDOM, DEFAULTS } from '@/hooks/use-settings'
    | ^^^^^^^^^^^^^^^^^^^^^^^^^^^^^^^^^^^^^^^^^^^^^^^^^^^^^^^^^^^^^^^^
  5 | import type { AppSettings } from '@/hooks/use-settings'
  6 |
  7 | // Runs once on mount across the whole app to apply persisted theme before first render flash

The export DEFAULTS was not found in module [project]/hooks/use-settings.ts [app-client] (ecmascript).
Did you mean to import useSettings?
All exports of the module are statically known (It doesn't have dynamic exports). So it's known statically that the requested export doesn't exist.

Import traces:
  Client Component Browser:
    ./components/settings/theme-applier.tsx [Client Component Browser]
    ./components/providers.tsx [Client Component Browser]
    ./components/providers.tsx [Server Component]
    ./app/layout.tsx [Server Component]

  Client Component SSR:
    ./components/settings/theme-applier.tsx [Client Component SSR]
    ./components/providers.tsx [Client Component SSR]
    ./components/providers.tsx [Server Component]
    ./app/layout.tsx [Server Component] @ http://localhost:3005/_next/static/chunks/node_modules_next_dist_b0a279d5._.js:1945
[  322318ms] [ERROR] ./components/settings/theme-applier.tsx:4:1
Export DEFAULTS doesn't exist in target module
  2 |
  3 | import { useEffect } from 'react'
> 4 | import { applyThemeToDOM, DEFAULTS } from '@/hooks/use-settings'
    | ^^^^^^^^^^^^^^^^^^^^^^^^^^^^^^^^^^^^^^^^^^^^^^^^^^^^^^^^^^^^^^^^
  5 | import type { AppSettings } from '@/hooks/use-settings'
  6 |
  7 | // Runs once on mount across the whole app to apply persisted theme before first render flash

The export DEFAULTS was not found in module [project]/hooks/use-settings.ts [app-ssr] (ecmascript).
Did you mean to import useSettings?
All exports of the module are statically known (It doesn't have dynamic exports). So it's known statically that the requested export doesn't exist.

Import traces:
  Client Component Browser:
    ./components/settings/theme-applier.tsx [Client Component Browser]
    ./components/providers.tsx [Client Component Browser]
    ./components/providers.tsx [Server Component]
    ./app/layout.tsx [Server Component]

  Client Component SSR:
    ./components/settings/theme-applier.tsx [Client Component SSR]
    ./components/providers.tsx [Client Component SSR]
    ./components/providers.tsx [Server Component]
    ./app/layout.tsx [Server Component] @ http://localhost:3005/_next/static/chunks/node_modules_next_dist_b0a279d5._.js:1945
[  322393ms] [ERROR] ./components/settings/theme-applier.tsx:4:1
Export DEFAULTS doesn't exist in target module
  2 |
  3 | import { useEffect } from 'react'
> 4 | import { applyThemeToDOM, DEFAULTS } from '@/hooks/use-settings'
    | ^^^^^^^^^^^^^^^^^^^^^^^^^^^^^^^^^^^^^^^^^^^^^^^^^^^^^^^^^^^^^^^^
  5 | import type { AppSettings } from '@/hooks/use-settings'
  6 |
  7 | // Runs once on mount across the whole app to apply persisted theme before first render flash

The export DEFAULTS was not found in module [project]/hooks/use-settings.ts [app-client] (ecmascript).
Did you mean to import useSettings?
All exports of the module are statically known (It doesn't have dynamic exports). So it's known statically that the requested export doesn't exist.

Import traces:
  Client Component Browser:
    ./components/settings/theme-applier.tsx [Client Component Browser]
    ./components/providers.tsx [Client Component Browser]
    ./components/providers.tsx [Server Component]
    ./app/layout.tsx [Server Component]

  Client Component SSR:
    ./components/settings/theme-applier.tsx [Client Component SSR]
    ./components/providers.tsx [Client Component SSR]
    ./components/providers.tsx [Server Component]
    ./app/layout.tsx [Server Component] @ http://localhost:3005/_next/static/chunks/node_modules_next_dist_b0a279d5._.js:1945
[  322394ms] [ERROR] ./components/settings/theme-applier.tsx:4:1
Export DEFAULTS doesn't exist in target module
  2 |
  3 | import { useEffect } from 'react'
> 4 | import { applyThemeToDOM, DEFAULTS } from '@/hooks/use-settings'
    | ^^^^^^^^^^^^^^^^^^^^^^^^^^^^^^^^^^^^^^^^^^^^^^^^^^^^^^^^^^^^^^^^
  5 | import type { AppSettings } from '@/hooks/use-settings'
  6 |
  7 | // Runs once on mount across the whole app to apply persisted theme before first render flash

The export DEFAULTS was not found in module [project]/hooks/use-settings.ts [app-ssr] (ecmascript).
Did you mean to import useSettings?
All exports of the module are statically known (It doesn't have dynamic exports). So it's known statically that the requested export doesn't exist.

Import traces:
  Client Component Browser:
    ./components/settings/theme-applier.tsx [Client Component Browser]
    ./components/providers.tsx [Client Component Browser]
    ./components/providers.tsx [Server Component]
    ./app/layout.tsx [Server Component]

  Client Component SSR:
    ./components/settings/theme-applier.tsx [Client Component SSR]
    ./components/providers.tsx [Client Component SSR]
    ./components/providers.tsx [Server Component]
    ./app/layout.tsx [Server Component] @ http://localhost:3005/_next/static/chunks/node_modules_next_dist_b0a279d5._.js:1945
[  322468ms] [ERROR] ./components/settings/theme-applier.tsx:4:1
Export DEFAULTS doesn't exist in target module
  2 |
  3 | import { useEffect } from 'react'
> 4 | import { applyThemeToDOM, DEFAULTS } from '@/hooks/use-settings'
    | ^^^^^^^^^^^^^^^^^^^^^^^^^^^^^^^^^^^^^^^^^^^^^^^^^^^^^^^^^^^^^^^^
  5 | import type { AppSettings } from '@/hooks/use-settings'
  6 |
  7 | // Runs once on mount across the whole app to apply persisted theme before first render flash

The export DEFAULTS was not found in module [project]/hooks/use-settings.ts [app-client] (ecmascript).
Did you mean to import useSettings?
All exports of the module are statically known (It doesn't have dynamic exports). So it's known statically that the requested export doesn't exist.

Import traces:
  Client Component Browser:
    ./components/settings/theme-applier.tsx [Client Component Browser]
    ./components/providers.tsx [Client Component Browser]
    ./components/providers.tsx [Server Component]
    ./app/layout.tsx [Server Component]

  Client Component SSR:
    ./components/settings/theme-applier.tsx [Client Component SSR]
    ./components/providers.tsx [Client Component SSR]
    ./components/providers.tsx [Server Component]
    ./app/layout.tsx [Server Component] @ http://localhost:3005/_next/static/chunks/node_modules_next_dist_b0a279d5._.js:1945
[  322468ms] [ERROR] ./components/settings/theme-applier.tsx:4:1
Export DEFAULTS doesn't exist in target module
  2 |
  3 | import { useEffect } from 'react'
> 4 | import { applyThemeToDOM, DEFAULTS } from '@/hooks/use-settings'
    | ^^^^^^^^^^^^^^^^^^^^^^^^^^^^^^^^^^^^^^^^^^^^^^^^^^^^^^^^^^^^^^^^
  5 | import type { AppSettings } from '@/hooks/use-settings'
  6 |
  7 | // Runs once on mount across the whole app to apply persisted theme before first render flash

The export DEFAULTS was not found in module [project]/hooks/use-settings.ts [app-ssr] (ecmascript).
Did you mean to import useSettings?
All exports of the module are statically known (It doesn't have dynamic exports). So it's known statically that the requested export doesn't exist.

Import traces:
  Client Component Browser:
    ./components/settings/theme-applier.tsx [Client Component Browser]
    ./components/providers.tsx [Client Component Browser]
    ./components/providers.tsx [Server Component]
    ./app/layout.tsx [Server Component]

  Client Component SSR:
    ./components/settings/theme-applier.tsx [Client Component SSR]
    ./components/providers.tsx [Client Component SSR]
    ./components/providers.tsx [Server Component]
    ./app/layout.tsx [Server Component] @ http://localhost:3005/_next/static/chunks/node_modules_next_dist_b0a279d5._.js:1945
[  322548ms] [ERROR] ./components/settings/theme-applier.tsx:4:1
Export DEFAULTS doesn't exist in target module
  2 |
  3 | import { useEffect } from 'react'
> 4 | import { applyThemeToDOM, DEFAULTS } from '@/hooks/use-settings'
    | ^^^^^^^^^^^^^^^^^^^^^^^^^^^^^^^^^^^^^^^^^^^^^^^^^^^^^^^^^^^^^^^^
  5 | import type { AppSettings } from '@/hooks/use-settings'
  6 |
  7 | // Runs once on mount across the whole app to apply persisted theme before first render flash

The export DEFAULTS was not found in module [project]/hooks/use-settings.ts [app-client] (ecmascript).
Did you mean to import useSettings?
All exports of the module are statically known (It doesn't have dynamic exports). So it's known statically that the requested export doesn't exist.

Import traces:
  Client Component Browser:
    ./components/settings/theme-applier.tsx [Client Component Browser]
    ./components/providers.tsx [Client Component Browser]
    ./components/providers.tsx [Server Component]
    ./app/layout.tsx [Server Component]

  Client Component SSR:
    ./components/settings/theme-applier.tsx [Client Component SSR]
    ./components/providers.tsx [Client Component SSR]
    ./components/providers.tsx [Server Component]
    ./app/layout.tsx [Server Component] @ http://localhost:3005/_next/static/chunks/node_modules_next_dist_b0a279d5._.js:1945
[  322548ms] [ERROR] ./components/settings/theme-applier.tsx:4:1
Export DEFAULTS doesn't exist in target module
  2 |
  3 | import { useEffect } from 'react'
> 4 | import { applyThemeToDOM, DEFAULTS } from '@/hooks/use-settings'
    | ^^^^^^^^^^^^^^^^^^^^^^^^^^^^^^^^^^^^^^^^^^^^^^^^^^^^^^^^^^^^^^^^
  5 | import type { AppSettings } from '@/hooks/use-settings'
  6 |
  7 | // Runs once on mount across the whole app to apply persisted theme before first render flash

The export DEFAULTS was not found in module [project]/hooks/use-settings.ts [app-ssr] (ecmascript).
Did you mean to import useSettings?
All exports of the module are statically known (It doesn't have dynamic exports). So it's known statically that the requested export doesn't exist.

Import traces:
  Client Component Browser:
    ./components/settings/theme-applier.tsx [Client Component Browser]
    ./components/providers.tsx [Client Component Browser]
    ./components/providers.tsx [Server Component]
    ./app/layout.tsx [Server Component]

  Client Component SSR:
    ./components/settings/theme-applier.tsx [Client Component SSR]
    ./components/providers.tsx [Client Component SSR]
    ./components/providers.tsx [Server Component]
    ./app/layout.tsx [Server Component] @ http://localhost:3005/_next/static/chunks/node_modules_next_dist_b0a279d5._.js:1945
[  322607ms] [ERROR] ./components/settings/theme-applier.tsx:4:1
Export DEFAULTS doesn't exist in target module
  2 |
  3 | import { useEffect } from 'react'
> 4 | import { applyThemeToDOM, DEFAULTS } from '@/hooks/use-settings'
    | ^^^^^^^^^^^^^^^^^^^^^^^^^^^^^^^^^^^^^^^^^^^^^^^^^^^^^^^^^^^^^^^^
  5 | import type { AppSettings } from '@/hooks/use-settings'
  6 |
  7 | // Runs once on mount across the whole app to apply persisted theme before first render flash

The export DEFAULTS was not found in module [project]/hooks/use-settings.ts [app-client] (ecmascript).
Did you mean to import useSettings?
All exports of the module are statically known (It doesn't have dynamic exports). So it's known statically that the requested export doesn't exist.

Import traces:
  Client Component Browser:
    ./components/settings/theme-applier.tsx [Client Component Browser]
    ./components/providers.tsx [Client Component Browser]
    ./components/providers.tsx [Server Component]
    ./app/layout.tsx [Server Component]

  Client Component SSR:
    ./components/settings/theme-applier.tsx [Client Component SSR]
    ./components/providers.tsx [Client Component SSR]
    ./components/providers.tsx [Server Component]
    ./app/layout.tsx [Server Component] @ http://localhost:3005/_next/static/chunks/node_modules_next_dist_b0a279d5._.js:1945
[  322608ms] [ERROR] ./components/settings/theme-applier.tsx:4:1
Export DEFAULTS doesn't exist in target module
  2 |
  3 | import { useEffect } from 'react'
> 4 | import { applyThemeToDOM, DEFAULTS } from '@/hooks/use-settings'
    | ^^^^^^^^^^^^^^^^^^^^^^^^^^^^^^^^^^^^^^^^^^^^^^^^^^^^^^^^^^^^^^^^
  5 | import type { AppSettings } from '@/hooks/use-settings'
  6 |
  7 | // Runs once on mount across the whole app to apply persisted theme before first render flash

The export DEFAULTS was not found in module [project]/hooks/use-settings.ts [app-ssr] (ecmascript).
Did you mean to import useSettings?
All exports of the module are statically known (It doesn't have dynamic exports). So it's known statically that the requested export doesn't exist.

Import traces:
  Client Component Browser:
    ./components/settings/theme-applier.tsx [Client Component Browser]
    ./components/providers.tsx [Client Component Browser]
    ./components/providers.tsx [Server Component]
    ./app/layout.tsx [Server Component]

  Client Component SSR:
    ./components/settings/theme-applier.tsx [Client Component SSR]
    ./components/providers.tsx [Client Component SSR]
    ./components/providers.tsx [Server Component]
    ./app/layout.tsx [Server Component] @ http://localhost:3005/_next/static/chunks/node_modules_next_dist_b0a279d5._.js:1945
[  322669ms] [ERROR] ./components/settings/theme-applier.tsx:4:1
Export DEFAULTS doesn't exist in target module
  2 |
  3 | import { useEffect } from 'react'
> 4 | import { applyThemeToDOM, DEFAULTS } from '@/hooks/use-settings'
    | ^^^^^^^^^^^^^^^^^^^^^^^^^^^^^^^^^^^^^^^^^^^^^^^^^^^^^^^^^^^^^^^^
  5 | import type { AppSettings } from '@/hooks/use-settings'
  6 |
  7 | // Runs once on mount across the whole app to apply persisted theme before first render flash

The export DEFAULTS was not found in module [project]/hooks/use-settings.ts [app-client] (ecmascript).
Did you mean to import useSettings?
All exports of the module are statically known (It doesn't have dynamic exports). So it's known statically that the requested export doesn't exist.

Import traces:
  Client Component Browser:
    ./components/settings/theme-applier.tsx [Client Component Browser]
    ./components/providers.tsx [Client Component Browser]
    ./components/providers.tsx [Server Component]
    ./app/layout.tsx [Server Component]

  Client Component SSR:
    ./components/settings/theme-applier.tsx [Client Component SSR]
    ./components/providers.tsx [Client Component SSR]
    ./components/providers.tsx [Server Component]
    ./app/layout.tsx [Server Component] @ http://localhost:3005/_next/static/chunks/node_modules_next_dist_b0a279d5._.js:1945
[  322669ms] [ERROR] ./components/settings/theme-applier.tsx:4:1
Export DEFAULTS doesn't exist in target module
  2 |
  3 | import { useEffect } from 'react'
> 4 | import { applyThemeToDOM, DEFAULTS } from '@/hooks/use-settings'
    | ^^^^^^^^^^^^^^^^^^^^^^^^^^^^^^^^^^^^^^^^^^^^^^^^^^^^^^^^^^^^^^^^
  5 | import type { AppSettings } from '@/hooks/use-settings'
  6 |
  7 | // Runs once on mount across the whole app to apply persisted theme before first render flash

The export DEFAULTS was not found in module [project]/hooks/use-settings.ts [app-ssr] (ecmascript).
Did you mean to import useSettings?
All exports of the module are statically known (It doesn't have dynamic exports). So it's known statically that the requested export doesn't exist.

Import traces:
  Client Component Browser:
    ./components/settings/theme-applier.tsx [Client Component Browser]
    ./components/providers.tsx [Client Component Browser]
    ./components/providers.tsx [Server Component]
    ./app/layout.tsx [Server Component]

  Client Component SSR:
    ./components/settings/theme-applier.tsx [Client Component SSR]
    ./components/providers.tsx [Client Component SSR]
    ./components/providers.tsx [Server Component]
    ./app/layout.tsx [Server Component] @ http://localhost:3005/_next/static/chunks/node_modules_next_dist_b0a279d5._.js:1945
[  322732ms] [ERROR] ./components/settings/theme-applier.tsx:4:1
Export DEFAULTS doesn't exist in target module
  2 |
  3 | import { useEffect } from 'react'
> 4 | import { applyThemeToDOM, DEFAULTS } from '@/hooks/use-settings'
    | ^^^^^^^^^^^^^^^^^^^^^^^^^^^^^^^^^^^^^^^^^^^^^^^^^^^^^^^^^^^^^^^^
  5 | import type { AppSettings } from '@/hooks/use-settings'
  6 |
  7 | // Runs once on mount across the whole app to apply persisted theme before first render flash

The export DEFAULTS was not found in module [project]/hooks/use-settings.ts [app-client] (ecmascript).
Did you mean to import useSettings?
All exports of the module are statically known (It doesn't have dynamic exports). So it's known statically that the requested export doesn't exist.

Import traces:
  Client Component Browser:
    ./components/settings/theme-applier.tsx [Client Component Browser]
    ./components/providers.tsx [Client Component Browser]
    ./components/providers.tsx [Server Component]
    ./app/layout.tsx [Server Component]

  Client Component SSR:
    ./components/settings/theme-applier.tsx [Client Component SSR]
    ./components/providers.tsx [Client Component SSR]
    ./components/providers.tsx [Server Component]
    ./app/layout.tsx [Server Component] @ http://localhost:3005/_next/static/chunks/node_modules_next_dist_b0a279d5._.js:1945
[  322732ms] [ERROR] ./components/settings/theme-applier.tsx:4:1
Export DEFAULTS doesn't exist in target module
  2 |
  3 | import { useEffect } from 'react'
> 4 | import { applyThemeToDOM, DEFAULTS } from '@/hooks/use-settings'
    | ^^^^^^^^^^^^^^^^^^^^^^^^^^^^^^^^^^^^^^^^^^^^^^^^^^^^^^^^^^^^^^^^
  5 | import type { AppSettings } from '@/hooks/use-settings'
  6 |
  7 | // Runs once on mount across the whole app to apply persisted theme before first render flash

The export DEFAULTS was not found in module [project]/hooks/use-settings.ts [app-ssr] (ecmascript).
Did you mean to import useSettings?
All exports of the module are statically known (It doesn't have dynamic exports). So it's known statically that the requested export doesn't exist.

Import traces:
  Client Component Browser:
    ./components/settings/theme-applier.tsx [Client Component Browser]
    ./components/providers.tsx [Client Component Browser]
    ./components/providers.tsx [Server Component]
    ./app/layout.tsx [Server Component]

  Client Component SSR:
    ./components/settings/theme-applier.tsx [Client Component SSR]
    ./components/providers.tsx [Client Component SSR]
    ./components/providers.tsx [Server Component]
    ./app/layout.tsx [Server Component] @ http://localhost:3005/_next/static/chunks/node_modules_next_dist_b0a279d5._.js:1945
[  322794ms] [ERROR] ./components/settings/theme-applier.tsx:4:1
Export DEFAULTS doesn't exist in target module
  2 |
  3 | import { useEffect } from 'react'
> 4 | import { applyThemeToDOM, DEFAULTS } from '@/hooks/use-settings'
    | ^^^^^^^^^^^^^^^^^^^^^^^^^^^^^^^^^^^^^^^^^^^^^^^^^^^^^^^^^^^^^^^^
  5 | import type { AppSettings } from '@/hooks/use-settings'
  6 |
  7 | // Runs once on mount across the whole app to apply persisted theme before first render flash

The export DEFAULTS was not found in module [project]/hooks/use-settings.ts [app-client] (ecmascript).
Did you mean to import useSettings?
All exports of the module are statically known (It doesn't have dynamic exports). So it's known statically that the requested export doesn't exist.

Import traces:
  Client Component Browser:
    ./components/settings/theme-applier.tsx [Client Component Browser]
    ./components/providers.tsx [Client Component Browser]
    ./components/providers.tsx [Server Component]
    ./app/layout.tsx [Server Component]

  Client Component SSR:
    ./components/settings/theme-applier.tsx [Client Component SSR]
    ./components/providers.tsx [Client Component SSR]
    ./components/providers.tsx [Server Component]
    ./app/layout.tsx [Server Component] @ http://localhost:3005/_next/static/chunks/node_modules_next_dist_b0a279d5._.js:1945
[  322794ms] [ERROR] ./components/settings/theme-applier.tsx:4:1
Export DEFAULTS doesn't exist in target module
  2 |
  3 | import { useEffect } from 'react'
> 4 | import { applyThemeToDOM, DEFAULTS } from '@/hooks/use-settings'
    | ^^^^^^^^^^^^^^^^^^^^^^^^^^^^^^^^^^^^^^^^^^^^^^^^^^^^^^^^^^^^^^^^
  5 | import type { AppSettings } from '@/hooks/use-settings'
  6 |
  7 | // Runs once on mount across the whole app to apply persisted theme before first render flash

The export DEFAULTS was not found in module [project]/hooks/use-settings.ts [app-ssr] (ecmascript).
Did you mean to import useSettings?
All exports of the module are statically known (It doesn't have dynamic exports). So it's known statically that the requested export doesn't exist.

Import traces:
  Client Component Browser:
    ./components/settings/theme-applier.tsx [Client Component Browser]
    ./components/providers.tsx [Client Component Browser]
    ./components/providers.tsx [Server Component]
    ./app/layout.tsx [Server Component]

  Client Component SSR:
    ./components/settings/theme-applier.tsx [Client Component SSR]
    ./components/providers.tsx [Client Component SSR]
    ./components/providers.tsx [Server Component]
    ./app/layout.tsx [Server Component] @ http://localhost:3005/_next/static/chunks/node_modules_next_dist_b0a279d5._.js:1945
[  322859ms] [ERROR] ./components/settings/theme-applier.tsx:4:1
Export DEFAULTS doesn't exist in target module
  2 |
  3 | import { useEffect } from 'react'
> 4 | import { applyThemeToDOM, DEFAULTS } from '@/hooks/use-settings'
    | ^^^^^^^^^^^^^^^^^^^^^^^^^^^^^^^^^^^^^^^^^^^^^^^^^^^^^^^^^^^^^^^^
  5 | import type { AppSettings } from '@/hooks/use-settings'
  6 |
  7 | // Runs once on mount across the whole app to apply persisted theme before first render flash

The export DEFAULTS was not found in module [project]/hooks/use-settings.ts [app-client] (ecmascript).
Did you mean to import useSettings?
All exports of the module are statically known (It doesn't have dynamic exports). So it's known statically that the requested export doesn't exist.

Import traces:
  Client Component Browser:
    ./components/settings/theme-applier.tsx [Client Component Browser]
    ./components/providers.tsx [Client Component Browser]
    ./components/providers.tsx [Server Component]
    ./app/layout.tsx [Server Component]

  Client Component SSR:
    ./components/settings/theme-applier.tsx [Client Component SSR]
    ./components/providers.tsx [Client Component SSR]
    ./components/providers.tsx [Server Component]
    ./app/layout.tsx [Server Component] @ http://localhost:3005/_next/static/chunks/node_modules_next_dist_b0a279d5._.js:1945
[  322859ms] [ERROR] ./components/settings/theme-applier.tsx:4:1
Export DEFAULTS doesn't exist in target module
  2 |
  3 | import { useEffect } from 'react'
> 4 | import { applyThemeToDOM, DEFAULTS } from '@/hooks/use-settings'
    | ^^^^^^^^^^^^^^^^^^^^^^^^^^^^^^^^^^^^^^^^^^^^^^^^^^^^^^^^^^^^^^^^
  5 | import type { AppSettings } from '@/hooks/use-settings'
  6 |
  7 | // Runs once on mount across the whole app to apply persisted theme before first render flash

The export DEFAULTS was not found in module [project]/hooks/use-settings.ts [app-ssr] (ecmascript).
Did you mean to import useSettings?
All exports of the module are statically known (It doesn't have dynamic exports). So it's known statically that the requested export doesn't exist.

Import traces:
  Client Component Browser:
    ./components/settings/theme-applier.tsx [Client Component Browser]
    ./components/providers.tsx [Client Component Browser]
    ./components/providers.tsx [Server Component]
    ./app/layout.tsx [Server Component]

  Client Component SSR:
    ./components/settings/theme-applier.tsx [Client Component SSR]
    ./components/providers.tsx [Client Component SSR]
    ./components/providers.tsx [Server Component]
    ./app/layout.tsx [Server Component] @ http://localhost:3005/_next/static/chunks/node_modules_next_dist_b0a279d5._.js:1945
[  322920ms] [ERROR] ./components/settings/theme-applier.tsx:4:1
Export DEFAULTS doesn't exist in target module
  2 |
  3 | import { useEffect } from 'react'
> 4 | import { applyThemeToDOM, DEFAULTS } from '@/hooks/use-settings'
    | ^^^^^^^^^^^^^^^^^^^^^^^^^^^^^^^^^^^^^^^^^^^^^^^^^^^^^^^^^^^^^^^^
  5 | import type { AppSettings } from '@/hooks/use-settings'
  6 |
  7 | // Runs once on mount across the whole app to apply persisted theme before first render flash

The export DEFAULTS was not found in module [project]/hooks/use-settings.ts [app-client] (ecmascript).
Did you mean to import useSettings?
All exports of the module are statically known (It doesn't have dynamic exports). So it's known statically that the requested export doesn't exist.

Import traces:
  Client Component Browser:
    ./components/settings/theme-applier.tsx [Client Component Browser]
    ./components/providers.tsx [Client Component Browser]
    ./components/providers.tsx [Server Component]
    ./app/layout.tsx [Server Component]

  Client Component SSR:
    ./components/settings/theme-applier.tsx [Client Component SSR]
    ./components/providers.tsx [Client Component SSR]
    ./components/providers.tsx [Server Component]
    ./app/layout.tsx [Server Component] @ http://localhost:3005/_next/static/chunks/node_modules_next_dist_b0a279d5._.js:1945
[  322920ms] [ERROR] ./components/settings/theme-applier.tsx:4:1
Export DEFAULTS doesn't exist in target module
  2 |
  3 | import { useEffect } from 'react'
> 4 | import { applyThemeToDOM, DEFAULTS } from '@/hooks/use-settings'
    | ^^^^^^^^^^^^^^^^^^^^^^^^^^^^^^^^^^^^^^^^^^^^^^^^^^^^^^^^^^^^^^^^
  5 | import type { AppSettings } from '@/hooks/use-settings'
  6 |
  7 | // Runs once on mount across the whole app to apply persisted theme before first render flash

The export DEFAULTS was not found in module [project]/hooks/use-settings.ts [app-ssr] (ecmascript).
Did you mean to import useSettings?
All exports of the module are statically known (It doesn't have dynamic exports). So it's known statically that the requested export doesn't exist.

Import traces:
  Client Component Browser:
    ./components/settings/theme-applier.tsx [Client Component Browser]
    ./components/providers.tsx [Client Component Browser]
    ./components/providers.tsx [Server Component]
    ./app/layout.tsx [Server Component]

  Client Component SSR:
    ./components/settings/theme-applier.tsx [Client Component SSR]
    ./components/providers.tsx [Client Component SSR]
    ./components/providers.tsx [Server Component]
    ./app/layout.tsx [Server Component] @ http://localhost:3005/_next/static/chunks/node_modules_next_dist_b0a279d5._.js:1945
[  322981ms] [ERROR] ./components/settings/theme-applier.tsx:4:1
Export DEFAULTS doesn't exist in target module
  2 |
  3 | import { useEffect } from 'react'
> 4 | import { applyThemeToDOM, DEFAULTS } from '@/hooks/use-settings'
    | ^^^^^^^^^^^^^^^^^^^^^^^^^^^^^^^^^^^^^^^^^^^^^^^^^^^^^^^^^^^^^^^^
  5 | import type { AppSettings } from '@/hooks/use-settings'
  6 |
  7 | // Runs once on mount across the whole app to apply persisted theme before first render flash

The export DEFAULTS was not found in module [project]/hooks/use-settings.ts [app-client] (ecmascript).
Did you mean to import useSettings?
All exports of the module are statically known (It doesn't have dynamic exports). So it's known statically that the requested export doesn't exist.

Import traces:
  Client Component Browser:
    ./components/settings/theme-applier.tsx [Client Component Browser]
    ./components/providers.tsx [Client Component Browser]
    ./components/providers.tsx [Server Component]
    ./app/layout.tsx [Server Component]

  Client Component SSR:
    ./components/settings/theme-applier.tsx [Client Component SSR]
    ./components/providers.tsx [Client Component SSR]
    ./components/providers.tsx [Server Component]
    ./app/layout.tsx [Server Component] @ http://localhost:3005/_next/static/chunks/node_modules_next_dist_b0a279d5._.js:1945
[  322982ms] [ERROR] ./components/settings/theme-applier.tsx:4:1
Export DEFAULTS doesn't exist in target module
  2 |
  3 | import { useEffect } from 'react'
> 4 | import { applyThemeToDOM, DEFAULTS } from '@/hooks/use-settings'
    | ^^^^^^^^^^^^^^^^^^^^^^^^^^^^^^^^^^^^^^^^^^^^^^^^^^^^^^^^^^^^^^^^
  5 | import type { AppSettings } from '@/hooks/use-settings'
  6 |
  7 | // Runs once on mount across the whole app to apply persisted theme before first render flash

The export DEFAULTS was not found in module [project]/hooks/use-settings.ts [app-ssr] (ecmascript).
Did you mean to import useSettings?
All exports of the module are statically known (It doesn't have dynamic exports). So it's known statically that the requested export doesn't exist.

Import traces:
  Client Component Browser:
    ./components/settings/theme-applier.tsx [Client Component Browser]
    ./components/providers.tsx [Client Component Browser]
    ./components/providers.tsx [Server Component]
    ./app/layout.tsx [Server Component]

  Client Component SSR:
    ./components/settings/theme-applier.tsx [Client Component SSR]
    ./components/providers.tsx [Client Component SSR]
    ./components/providers.tsx [Server Component]
    ./app/layout.tsx [Server Component] @ http://localhost:3005/_next/static/chunks/node_modules_next_dist_b0a279d5._.js:1945
[  323042ms] [ERROR] ./components/settings/theme-applier.tsx:4:1
Export DEFAULTS doesn't exist in target module
  2 |
  3 | import { useEffect } from 'react'
> 4 | import { applyThemeToDOM, DEFAULTS } from '@/hooks/use-settings'
    | ^^^^^^^^^^^^^^^^^^^^^^^^^^^^^^^^^^^^^^^^^^^^^^^^^^^^^^^^^^^^^^^^
  5 | import type { AppSettings } from '@/hooks/use-settings'
  6 |
  7 | // Runs once on mount across the whole app to apply persisted theme before first render flash

The export DEFAULTS was not found in module [project]/hooks/use-settings.ts [app-client] (ecmascript).
Did you mean to import useSettings?
All exports of the module are statically known (It doesn't have dynamic exports). So it's known statically that the requested export doesn't exist.

Import traces:
  Client Component Browser:
    ./components/settings/theme-applier.tsx [Client Component Browser]
    ./components/providers.tsx [Client Component Browser]
    ./components/providers.tsx [Server Component]
    ./app/layout.tsx [Server Component]

  Client Component SSR:
    ./components/settings/theme-applier.tsx [Client Component SSR]
    ./components/providers.tsx [Client Component SSR]
    ./components/providers.tsx [Server Component]
    ./app/layout.tsx [Server Component] @ http://localhost:3005/_next/static/chunks/node_modules_next_dist_b0a279d5._.js:1945
[  323042ms] [ERROR] ./components/settings/theme-applier.tsx:4:1
Export DEFAULTS doesn't exist in target module
  2 |
  3 | import { useEffect } from 'react'
> 4 | import { applyThemeToDOM, DEFAULTS } from '@/hooks/use-settings'
    | ^^^^^^^^^^^^^^^^^^^^^^^^^^^^^^^^^^^^^^^^^^^^^^^^^^^^^^^^^^^^^^^^
  5 | import type { AppSettings } from '@/hooks/use-settings'
  6 |
  7 | // Runs once on mount across the whole app to apply persisted theme before first render flash

The export DEFAULTS was not found in module [project]/hooks/use-settings.ts [app-ssr] (ecmascript).
Did you mean to import useSettings?
All exports of the module are statically known (It doesn't have dynamic exports). So it's known statically that the requested export doesn't exist.

Import traces:
  Client Component Browser:
    ./components/settings/theme-applier.tsx [Client Component Browser]
    ./components/providers.tsx [Client Component Browser]
    ./components/providers.tsx [Server Component]
    ./app/layout.tsx [Server Component]

  Client Component SSR:
    ./components/settings/theme-applier.tsx [Client Component SSR]
    ./components/providers.tsx [Client Component SSR]
    ./components/providers.tsx [Server Component]
    ./app/layout.tsx [Server Component] @ http://localhost:3005/_next/static/chunks/node_modules_next_dist_b0a279d5._.js:1945
[  323106ms] [ERROR] ./components/settings/theme-applier.tsx:4:1
Export DEFAULTS doesn't exist in target module
  2 |
  3 | import { useEffect } from 'react'
> 4 | import { applyThemeToDOM, DEFAULTS } from '@/hooks/use-settings'
    | ^^^^^^^^^^^^^^^^^^^^^^^^^^^^^^^^^^^^^^^^^^^^^^^^^^^^^^^^^^^^^^^^
  5 | import type { AppSettings } from '@/hooks/use-settings'
  6 |
  7 | // Runs once on mount across the whole app to apply persisted theme before first render flash

The export DEFAULTS was not found in module [project]/hooks/use-settings.ts [app-client] (ecmascript).
Did you mean to import useSettings?
All exports of the module are statically known (It doesn't have dynamic exports). So it's known statically that the requested export doesn't exist.

Import traces:
  Client Component Browser:
    ./components/settings/theme-applier.tsx [Client Component Browser]
    ./components/providers.tsx [Client Component Browser]
    ./components/providers.tsx [Server Component]
    ./app/layout.tsx [Server Component]

  Client Component SSR:
    ./components/settings/theme-applier.tsx [Client Component SSR]
    ./components/providers.tsx [Client Component SSR]
    ./components/providers.tsx [Server Component]
    ./app/layout.tsx [Server Component] @ http://localhost:3005/_next/static/chunks/node_modules_next_dist_b0a279d5._.js:1945
[  323107ms] [ERROR] ./components/settings/theme-applier.tsx:4:1
Export DEFAULTS doesn't exist in target module
  2 |
  3 | import { useEffect } from 'react'
> 4 | import { applyThemeToDOM, DEFAULTS } from '@/hooks/use-settings'
    | ^^^^^^^^^^^^^^^^^^^^^^^^^^^^^^^^^^^^^^^^^^^^^^^^^^^^^^^^^^^^^^^^
  5 | import type { AppSettings } from '@/hooks/use-settings'
  6 |
  7 | // Runs once on mount across the whole app to apply persisted theme before first render flash

The export DEFAULTS was not found in module [project]/hooks/use-settings.ts [app-ssr] (ecmascript).
Did you mean to import useSettings?
All exports of the module are statically known (It doesn't have dynamic exports). So it's known statically that the requested export doesn't exist.

Import traces:
  Client Component Browser:
    ./components/settings/theme-applier.tsx [Client Component Browser]
    ./components/providers.tsx [Client Component Browser]
    ./components/providers.tsx [Server Component]
    ./app/layout.tsx [Server Component]

  Client Component SSR:
    ./components/settings/theme-applier.tsx [Client Component SSR]
    ./components/providers.tsx [Client Component SSR]
    ./components/providers.tsx [Server Component]
    ./app/layout.tsx [Server Component] @ http://localhost:3005/_next/static/chunks/node_modules_next_dist_b0a279d5._.js:1945
[  323168ms] [ERROR] ./components/settings/theme-applier.tsx:4:1
Export DEFAULTS doesn't exist in target module
  2 |
  3 | import { useEffect } from 'react'
> 4 | import { applyThemeToDOM, DEFAULTS } from '@/hooks/use-settings'
    | ^^^^^^^^^^^^^^^^^^^^^^^^^^^^^^^^^^^^^^^^^^^^^^^^^^^^^^^^^^^^^^^^
  5 | import type { AppSettings } from '@/hooks/use-settings'
  6 |
  7 | // Runs once on mount across the whole app to apply persisted theme before first render flash

The export DEFAULTS was not found in module [project]/hooks/use-settings.ts [app-client] (ecmascript).
Did you mean to import useSettings?
All exports of the module are statically known (It doesn't have dynamic exports). So it's known statically that the requested export doesn't exist.

Import traces:
  Client Component Browser:
    ./components/settings/theme-applier.tsx [Client Component Browser]
    ./components/providers.tsx [Client Component Browser]
    ./components/providers.tsx [Server Component]
    ./app/layout.tsx [Server Component]

  Client Component SSR:
    ./components/settings/theme-applier.tsx [Client Component SSR]
    ./components/providers.tsx [Client Component SSR]
    ./components/providers.tsx [Server Component]
    ./app/layout.tsx [Server Component] @ http://localhost:3005/_next/static/chunks/node_modules_next_dist_b0a279d5._.js:1945
[  323169ms] [ERROR] ./components/settings/theme-applier.tsx:4:1
Export DEFAULTS doesn't exist in target module
  2 |
  3 | import { useEffect } from 'react'
> 4 | import { applyThemeToDOM, DEFAULTS } from '@/hooks/use-settings'
    | ^^^^^^^^^^^^^^^^^^^^^^^^^^^^^^^^^^^^^^^^^^^^^^^^^^^^^^^^^^^^^^^^
  5 | import type { AppSettings } from '@/hooks/use-settings'
  6 |
  7 | // Runs once on mount across the whole app to apply persisted theme before first render flash

The export DEFAULTS was not found in module [project]/hooks/use-settings.ts [app-ssr] (ecmascript).
Did you mean to import useSettings?
All exports of the module are statically known (It doesn't have dynamic exports). So it's known statically that the requested export doesn't exist.

Import traces:
  Client Component Browser:
    ./components/settings/theme-applier.tsx [Client Component Browser]
    ./components/providers.tsx [Client Component Browser]
    ./components/providers.tsx [Server Component]
    ./app/layout.tsx [Server Component]

  Client Component SSR:
    ./components/settings/theme-applier.tsx [Client Component SSR]
    ./components/providers.tsx [Client Component SSR]
    ./components/providers.tsx [Server Component]
    ./app/layout.tsx [Server Component] @ http://localhost:3005/_next/static/chunks/node_modules_next_dist_b0a279d5._.js:1945
[  323227ms] [ERROR] ./components/settings/theme-applier.tsx:4:1
Export DEFAULTS doesn't exist in target module
  2 |
  3 | import { useEffect } from 'react'
> 4 | import { applyThemeToDOM, DEFAULTS } from '@/hooks/use-settings'
    | ^^^^^^^^^^^^^^^^^^^^^^^^^^^^^^^^^^^^^^^^^^^^^^^^^^^^^^^^^^^^^^^^
  5 | import type { AppSettings } from '@/hooks/use-settings'
  6 |
  7 | // Runs once on mount across the whole app to apply persisted theme before first render flash

The export DEFAULTS was not found in module [project]/hooks/use-settings.ts [app-client] (ecmascript).
Did you mean to import useSettings?
All exports of the module are statically known (It doesn't have dynamic exports). So it's known statically that the requested export doesn't exist.

Import traces:
  Client Component Browser:
    ./components/settings/theme-applier.tsx [Client Component Browser]
    ./components/providers.tsx [Client Component Browser]
    ./components/providers.tsx [Server Component]
    ./app/layout.tsx [Server Component]

  Client Component SSR:
    ./components/settings/theme-applier.tsx [Client Component SSR]
    ./components/providers.tsx [Client Component SSR]
    ./components/providers.tsx [Server Component]
    ./app/layout.tsx [Server Component] @ http://localhost:3005/_next/static/chunks/node_modules_next_dist_b0a279d5._.js:1945
[  323228ms] [ERROR] ./components/settings/theme-applier.tsx:4:1
Export DEFAULTS doesn't exist in target module
  2 |
  3 | import { useEffect } from 'react'
> 4 | import { applyThemeToDOM, DEFAULTS } from '@/hooks/use-settings'
    | ^^^^^^^^^^^^^^^^^^^^^^^^^^^^^^^^^^^^^^^^^^^^^^^^^^^^^^^^^^^^^^^^
  5 | import type { AppSettings } from '@/hooks/use-settings'
  6 |
  7 | // Runs once on mount across the whole app to apply persisted theme before first render flash

The export DEFAULTS was not found in module [project]/hooks/use-settings.ts [app-ssr] (ecmascript).
Did you mean to import useSettings?
All exports of the module are statically known (It doesn't have dynamic exports). So it's known statically that the requested export doesn't exist.

Import traces:
  Client Component Browser:
    ./components/settings/theme-applier.tsx [Client Component Browser]
    ./components/providers.tsx [Client Component Browser]
    ./components/providers.tsx [Server Component]
    ./app/layout.tsx [Server Component]

  Client Component SSR:
    ./components/settings/theme-applier.tsx [Client Component SSR]
    ./components/providers.tsx [Client Component SSR]
    ./components/providers.tsx [Server Component]
    ./app/layout.tsx [Server Component] @ http://localhost:3005/_next/static/chunks/node_modules_next_dist_b0a279d5._.js:1945
[  323290ms] [ERROR] ./components/settings/theme-applier.tsx:4:1
Export DEFAULTS doesn't exist in target module
  2 |
  3 | import { useEffect } from 'react'
> 4 | import { applyThemeToDOM, DEFAULTS } from '@/hooks/use-settings'
    | ^^^^^^^^^^^^^^^^^^^^^^^^^^^^^^^^^^^^^^^^^^^^^^^^^^^^^^^^^^^^^^^^
  5 | import type { AppSettings } from '@/hooks/use-settings'
  6 |
  7 | // Runs once on mount across the whole app to apply persisted theme before first render flash

The export DEFAULTS was not found in module [project]/hooks/use-settings.ts [app-client] (ecmascript).
Did you mean to import useSettings?
All exports of the module are statically known (It doesn't have dynamic exports). So it's known statically that the requested export doesn't exist.

Import traces:
  Client Component Browser:
    ./components/settings/theme-applier.tsx [Client Component Browser]
    ./components/providers.tsx [Client Component Browser]
    ./components/providers.tsx [Server Component]
    ./app/layout.tsx [Server Component]

  Client Component SSR:
    ./components/settings/theme-applier.tsx [Client Component SSR]
    ./components/providers.tsx [Client Component SSR]
    ./components/providers.tsx [Server Component]
    ./app/layout.tsx [Server Component] @ http://localhost:3005/_next/static/chunks/node_modules_next_dist_b0a279d5._.js:1945
[  323290ms] [ERROR] ./components/settings/theme-applier.tsx:4:1
Export DEFAULTS doesn't exist in target module
  2 |
  3 | import { useEffect } from 'react'
> 4 | import { applyThemeToDOM, DEFAULTS } from '@/hooks/use-settings'
    | ^^^^^^^^^^^^^^^^^^^^^^^^^^^^^^^^^^^^^^^^^^^^^^^^^^^^^^^^^^^^^^^^
  5 | import type { AppSettings } from '@/hooks/use-settings'
  6 |
  7 | // Runs once on mount across the whole app to apply persisted theme before first render flash

The export DEFAULTS was not found in module [project]/hooks/use-settings.ts [app-ssr] (ecmascript).
Did you mean to import useSettings?
All exports of the module are statically known (It doesn't have dynamic exports). So it's known statically that the requested export doesn't exist.

Import traces:
  Client Component Browser:
    ./components/settings/theme-applier.tsx [Client Component Browser]
    ./components/providers.tsx [Client Component Browser]
    ./components/providers.tsx [Server Component]
    ./app/layout.tsx [Server Component]

  Client Component SSR:
    ./components/settings/theme-applier.tsx [Client Component SSR]
    ./components/providers.tsx [Client Component SSR]
    ./components/providers.tsx [Server Component]
    ./app/layout.tsx [Server Component] @ http://localhost:3005/_next/static/chunks/node_modules_next_dist_b0a279d5._.js:1945
[  323352ms] [ERROR] ./components/settings/theme-applier.tsx:4:1
Export DEFAULTS doesn't exist in target module
  2 |
  3 | import { useEffect } from 'react'
> 4 | import { applyThemeToDOM, DEFAULTS } from '@/hooks/use-settings'
    | ^^^^^^^^^^^^^^^^^^^^^^^^^^^^^^^^^^^^^^^^^^^^^^^^^^^^^^^^^^^^^^^^
  5 | import type { AppSettings } from '@/hooks/use-settings'
  6 |
  7 | // Runs once on mount across the whole app to apply persisted theme before first render flash

The export DEFAULTS was not found in module [project]/hooks/use-settings.ts [app-client] (ecmascript).
Did you mean to import useSettings?
All exports of the module are statically known (It doesn't have dynamic exports). So it's known statically that the requested export doesn't exist.

Import traces:
  Client Component Browser:
    ./components/settings/theme-applier.tsx [Client Component Browser]
    ./components/providers.tsx [Client Component Browser]
    ./components/providers.tsx [Server Component]
    ./app/layout.tsx [Server Component]

  Client Component SSR:
    ./components/settings/theme-applier.tsx [Client Component SSR]
    ./components/providers.tsx [Client Component SSR]
    ./components/providers.tsx [Server Component]
    ./app/layout.tsx [Server Component] @ http://localhost:3005/_next/static/chunks/node_modules_next_dist_b0a279d5._.js:1945
[  323353ms] [ERROR] ./components/settings/theme-applier.tsx:4:1
Export DEFAULTS doesn't exist in target module
  2 |
  3 | import { useEffect } from 'react'
> 4 | import { applyThemeToDOM, DEFAULTS } from '@/hooks/use-settings'
    | ^^^^^^^^^^^^^^^^^^^^^^^^^^^^^^^^^^^^^^^^^^^^^^^^^^^^^^^^^^^^^^^^
  5 | import type { AppSettings } from '@/hooks/use-settings'
  6 |
  7 | // Runs once on mount across the whole app to apply persisted theme before first render flash

The export DEFAULTS was not found in module [project]/hooks/use-settings.ts [app-ssr] (ecmascript).
Did you mean to import useSettings?
All exports of the module are statically known (It doesn't have dynamic exports). So it's known statically that the requested export doesn't exist.

Import traces:
  Client Component Browser:
    ./components/settings/theme-applier.tsx [Client Component Browser]
    ./components/providers.tsx [Client Component Browser]
    ./components/providers.tsx [Server Component]
    ./app/layout.tsx [Server Component]

  Client Component SSR:
    ./components/settings/theme-applier.tsx [Client Component SSR]
    ./components/providers.tsx [Client Component SSR]
    ./components/providers.tsx [Server Component]
    ./app/layout.tsx [Server Component] @ http://localhost:3005/_next/static/chunks/node_modules_next_dist_b0a279d5._.js:1945
[  323417ms] [ERROR] ./components/settings/theme-applier.tsx:4:1
Export DEFAULTS doesn't exist in target module
  2 |
  3 | import { useEffect } from 'react'
> 4 | import { applyThemeToDOM, DEFAULTS } from '@/hooks/use-settings'
    | ^^^^^^^^^^^^^^^^^^^^^^^^^^^^^^^^^^^^^^^^^^^^^^^^^^^^^^^^^^^^^^^^
  5 | import type { AppSettings } from '@/hooks/use-settings'
  6 |
  7 | // Runs once on mount across the whole app to apply persisted theme before first render flash

The export DEFAULTS was not found in module [project]/hooks/use-settings.ts [app-client] (ecmascript).
Did you mean to import useSettings?
All exports of the module are statically known (It doesn't have dynamic exports). So it's known statically that the requested export doesn't exist.

Import traces:
  Client Component Browser:
    ./components/settings/theme-applier.tsx [Client Component Browser]
    ./components/providers.tsx [Client Component Browser]
    ./components/providers.tsx [Server Component]
    ./app/layout.tsx [Server Component]

  Client Component SSR:
    ./components/settings/theme-applier.tsx [Client Component SSR]
    ./components/providers.tsx [Client Component SSR]
    ./components/providers.tsx [Server Component]
    ./app/layout.tsx [Server Component] @ http://localhost:3005/_next/static/chunks/node_modules_next_dist_b0a279d5._.js:1945
[  323418ms] [ERROR] ./components/settings/theme-applier.tsx:4:1
Export DEFAULTS doesn't exist in target module
  2 |
  3 | import { useEffect } from 'react'
> 4 | import { applyThemeToDOM, DEFAULTS } from '@/hooks/use-settings'
    | ^^^^^^^^^^^^^^^^^^^^^^^^^^^^^^^^^^^^^^^^^^^^^^^^^^^^^^^^^^^^^^^^
  5 | import type { AppSettings } from '@/hooks/use-settings'
  6 |
  7 | // Runs once on mount across the whole app to apply persisted theme before first render flash

The export DEFAULTS was not found in module [project]/hooks/use-settings.ts [app-ssr] (ecmascript).
Did you mean to import useSettings?
All exports of the module are statically known (It doesn't have dynamic exports). So it's known statically that the requested export doesn't exist.

Import traces:
  Client Component Browser:
    ./components/settings/theme-applier.tsx [Client Component Browser]
    ./components/providers.tsx [Client Component Browser]
    ./components/providers.tsx [Server Component]
    ./app/layout.tsx [Server Component]

  Client Component SSR:
    ./components/settings/theme-applier.tsx [Client Component SSR]
    ./components/providers.tsx [Client Component SSR]
    ./components/providers.tsx [Server Component]
    ./app/layout.tsx [Server Component] @ http://localhost:3005/_next/static/chunks/node_modules_next_dist_b0a279d5._.js:1945
[  323481ms] [ERROR] ./components/settings/theme-applier.tsx:4:1
Export DEFAULTS doesn't exist in target module
  2 |
  3 | import { useEffect } from 'react'
> 4 | import { applyThemeToDOM, DEFAULTS } from '@/hooks/use-settings'
    | ^^^^^^^^^^^^^^^^^^^^^^^^^^^^^^^^^^^^^^^^^^^^^^^^^^^^^^^^^^^^^^^^
  5 | import type { AppSettings } from '@/hooks/use-settings'
  6 |
  7 | // Runs once on mount across the whole app to apply persisted theme before first render flash

The export DEFAULTS was not found in module [project]/hooks/use-settings.ts [app-client] (ecmascript).
Did you mean to import useSettings?
All exports of the module are statically known (It doesn't have dynamic exports). So it's known statically that the requested export doesn't exist.

Import traces:
  Client Component Browser:
    ./components/settings/theme-applier.tsx [Client Component Browser]
    ./components/providers.tsx [Client Component Browser]
    ./components/providers.tsx [Server Component]
    ./app/layout.tsx [Server Component]

  Client Component SSR:
    ./components/settings/theme-applier.tsx [Client Component SSR]
    ./components/providers.tsx [Client Component SSR]
    ./components/providers.tsx [Server Component]
    ./app/layout.tsx [Server Component] @ http://localhost:3005/_next/static/chunks/node_modules_next_dist_b0a279d5._.js:1945
[  323482ms] [ERROR] ./components/settings/theme-applier.tsx:4:1
Export DEFAULTS doesn't exist in target module
  2 |
  3 | import { useEffect } from 'react'
> 4 | import { applyThemeToDOM, DEFAULTS } from '@/hooks/use-settings'
    | ^^^^^^^^^^^^^^^^^^^^^^^^^^^^^^^^^^^^^^^^^^^^^^^^^^^^^^^^^^^^^^^^
  5 | import type { AppSettings } from '@/hooks/use-settings'
  6 |
  7 | // Runs once on mount across the whole app to apply persisted theme before first render flash

The export DEFAULTS was not found in module [project]/hooks/use-settings.ts [app-ssr] (ecmascript).
Did you mean to import useSettings?
All exports of the module are statically known (It doesn't have dynamic exports). So it's known statically that the requested export doesn't exist.

Import traces:
  Client Component Browser:
    ./components/settings/theme-applier.tsx [Client Component Browser]
    ./components/providers.tsx [Client Component Browser]
    ./components/providers.tsx [Server Component]
    ./app/layout.tsx [Server Component]

  Client Component SSR:
    ./components/settings/theme-applier.tsx [Client Component SSR]
    ./components/providers.tsx [Client Component SSR]
    ./components/providers.tsx [Server Component]
    ./app/layout.tsx [Server Component] @ http://localhost:3005/_next/static/chunks/node_modules_next_dist_b0a279d5._.js:1945
[  323556ms] [ERROR] ./components/settings/theme-applier.tsx:4:1
Export DEFAULTS doesn't exist in target module
  2 |
  3 | import { useEffect } from 'react'
> 4 | import { applyThemeToDOM, DEFAULTS } from '@/hooks/use-settings'
    | ^^^^^^^^^^^^^^^^^^^^^^^^^^^^^^^^^^^^^^^^^^^^^^^^^^^^^^^^^^^^^^^^
  5 | import type { AppSettings } from '@/hooks/use-settings'
  6 |
  7 | // Runs once on mount across the whole app to apply persisted theme before first render flash

The export DEFAULTS was not found in module [project]/hooks/use-settings.ts [app-client] (ecmascript).
Did you mean to import useSettings?
All exports of the module are statically known (It doesn't have dynamic exports). So it's known statically that the requested export doesn't exist.

Import traces:
  Client Component Browser:
    ./components/settings/theme-applier.tsx [Client Component Browser]
    ./components/providers.tsx [Client Component Browser]
    ./components/providers.tsx [Server Component]
    ./app/layout.tsx [Server Component]

  Client Component SSR:
    ./components/settings/theme-applier.tsx [Client Component SSR]
    ./components/providers.tsx [Client Component SSR]
    ./components/providers.tsx [Server Component]
    ./app/layout.tsx [Server Component] @ http://localhost:3005/_next/static/chunks/node_modules_next_dist_b0a279d5._.js:1945
[  323556ms] [ERROR] ./components/settings/theme-applier.tsx:4:1
Export DEFAULTS doesn't exist in target module
  2 |
  3 | import { useEffect } from 'react'
> 4 | import { applyThemeToDOM, DEFAULTS } from '@/hooks/use-settings'
    | ^^^^^^^^^^^^^^^^^^^^^^^^^^^^^^^^^^^^^^^^^^^^^^^^^^^^^^^^^^^^^^^^
  5 | import type { AppSettings } from '@/hooks/use-settings'
  6 |
  7 | // Runs once on mount across the whole app to apply persisted theme before first render flash

The export DEFAULTS was not found in module [project]/hooks/use-settings.ts [app-ssr] (ecmascript).
Did you mean to import useSettings?
All exports of the module are statically known (It doesn't have dynamic exports). So it's known statically that the requested export doesn't exist.

Import traces:
  Client Component Browser:
    ./components/settings/theme-applier.tsx [Client Component Browser]
    ./components/providers.tsx [Client Component Browser]
    ./components/providers.tsx [Server Component]
    ./app/layout.tsx [Server Component]

  Client Component SSR:
    ./components/settings/theme-applier.tsx [Client Component SSR]
    ./components/providers.tsx [Client Component SSR]
    ./components/providers.tsx [Server Component]
    ./app/layout.tsx [Server Component] @ http://localhost:3005/_next/static/chunks/node_modules_next_dist_b0a279d5._.js:1945
[  323617ms] [ERROR] ./components/settings/theme-applier.tsx:4:1
Export DEFAULTS doesn't exist in target module
  2 |
  3 | import { useEffect } from 'react'
> 4 | import { applyThemeToDOM, DEFAULTS } from '@/hooks/use-settings'
    | ^^^^^^^^^^^^^^^^^^^^^^^^^^^^^^^^^^^^^^^^^^^^^^^^^^^^^^^^^^^^^^^^
  5 | import type { AppSettings } from '@/hooks/use-settings'
  6 |
  7 | // Runs once on mount across the whole app to apply persisted theme before first render flash

The export DEFAULTS was not found in module [project]/hooks/use-settings.ts [app-client] (ecmascript).
Did you mean to import useSettings?
All exports of the module are statically known (It doesn't have dynamic exports). So it's known statically that the requested export doesn't exist.

Import traces:
  Client Component Browser:
    ./components/settings/theme-applier.tsx [Client Component Browser]
    ./components/providers.tsx [Client Component Browser]
    ./components/providers.tsx [Server Component]
    ./app/layout.tsx [Server Component]

  Client Component SSR:
    ./components/settings/theme-applier.tsx [Client Component SSR]
    ./components/providers.tsx [Client Component SSR]
    ./components/providers.tsx [Server Component]
    ./app/layout.tsx [Server Component] @ http://localhost:3005/_next/static/chunks/node_modules_next_dist_b0a279d5._.js:1945
[  323617ms] [ERROR] ./components/settings/theme-applier.tsx:4:1
Export DEFAULTS doesn't exist in target module
  2 |
  3 | import { useEffect } from 'react'
> 4 | import { applyThemeToDOM, DEFAULTS } from '@/hooks/use-settings'
    | ^^^^^^^^^^^^^^^^^^^^^^^^^^^^^^^^^^^^^^^^^^^^^^^^^^^^^^^^^^^^^^^^
  5 | import type { AppSettings } from '@/hooks/use-settings'
  6 |
  7 | // Runs once on mount across the whole app to apply persisted theme before first render flash

The export DEFAULTS was not found in module [project]/hooks/use-settings.ts [app-ssr] (ecmascript).
Did you mean to import useSettings?
All exports of the module are statically known (It doesn't have dynamic exports). So it's known statically that the requested export doesn't exist.

Import traces:
  Client Component Browser:
    ./components/settings/theme-applier.tsx [Client Component Browser]
    ./components/providers.tsx [Client Component Browser]
    ./components/providers.tsx [Server Component]
    ./app/layout.tsx [Server Component]

  Client Component SSR:
    ./components/settings/theme-applier.tsx [Client Component SSR]
    ./components/providers.tsx [Client Component SSR]
    ./components/providers.tsx [Server Component]
    ./app/layout.tsx [Server Component] @ http://localhost:3005/_next/static/chunks/node_modules_next_dist_b0a279d5._.js:1945
[  323681ms] [ERROR] ./components/settings/theme-applier.tsx:4:1
Export DEFAULTS doesn't exist in target module
  2 |
  3 | import { useEffect } from 'react'
> 4 | import { applyThemeToDOM, DEFAULTS } from '@/hooks/use-settings'
    | ^^^^^^^^^^^^^^^^^^^^^^^^^^^^^^^^^^^^^^^^^^^^^^^^^^^^^^^^^^^^^^^^
  5 | import type { AppSettings } from '@/hooks/use-settings'
  6 |
  7 | // Runs once on mount across the whole app to apply persisted theme before first render flash

The export DEFAULTS was not found in module [project]/hooks/use-settings.ts [app-client] (ecmascript).
Did you mean to import useSettings?
All exports of the module are statically known (It doesn't have dynamic exports). So it's known statically that the requested export doesn't exist.

Import traces:
  Client Component Browser:
    ./components/settings/theme-applier.tsx [Client Component Browser]
    ./components/providers.tsx [Client Component Browser]
    ./components/providers.tsx [Server Component]
    ./app/layout.tsx [Server Component]

  Client Component SSR:
    ./components/settings/theme-applier.tsx [Client Component SSR]
    ./components/providers.tsx [Client Component SSR]
    ./components/providers.tsx [Server Component]
    ./app/layout.tsx [Server Component] @ http://localhost:3005/_next/static/chunks/node_modules_next_dist_b0a279d5._.js:1945
[  323682ms] [ERROR] ./components/settings/theme-applier.tsx:4:1
Export DEFAULTS doesn't exist in target module
  2 |
  3 | import { useEffect } from 'react'
> 4 | import { applyThemeToDOM, DEFAULTS } from '@/hooks/use-settings'
    | ^^^^^^^^^^^^^^^^^^^^^^^^^^^^^^^^^^^^^^^^^^^^^^^^^^^^^^^^^^^^^^^^
  5 | import type { AppSettings } from '@/hooks/use-settings'
  6 |
  7 | // Runs once on mount across the whole app to apply persisted theme before first render flash

The export DEFAULTS was not found in module [project]/hooks/use-settings.ts [app-ssr] (ecmascript).
Did you mean to import useSettings?
All exports of the module are statically known (It doesn't have dynamic exports). So it's known statically that the requested export doesn't exist.

Import traces:
  Client Component Browser:
    ./components/settings/theme-applier.tsx [Client Component Browser]
    ./components/providers.tsx [Client Component Browser]
    ./components/providers.tsx [Server Component]
    ./app/layout.tsx [Server Component]

  Client Component SSR:
    ./components/settings/theme-applier.tsx [Client Component SSR]
    ./components/providers.tsx [Client Component SSR]
    ./components/providers.tsx [Server Component]
    ./app/layout.tsx [Server Component] @ http://localhost:3005/_next/static/chunks/node_modules_next_dist_b0a279d5._.js:1945
[  323766ms] [ERROR] ./components/settings/theme-applier.tsx:4:1
Export DEFAULTS doesn't exist in target module
  2 |
  3 | import { useEffect } from 'react'
> 4 | import { applyThemeToDOM, DEFAULTS } from '@/hooks/use-settings'
    | ^^^^^^^^^^^^^^^^^^^^^^^^^^^^^^^^^^^^^^^^^^^^^^^^^^^^^^^^^^^^^^^^
  5 | import type { AppSettings } from '@/hooks/use-settings'
  6 |
  7 | // Runs once on mount across the whole app to apply persisted theme before first render flash

The export DEFAULTS was not found in module [project]/hooks/use-settings.ts [app-client] (ecmascript).
Did you mean to import useSettings?
All exports of the module are statically known (It doesn't have dynamic exports). So it's known statically that the requested export doesn't exist.

Import traces:
  Client Component Browser:
    ./components/settings/theme-applier.tsx [Client Component Browser]
    ./components/providers.tsx [Client Component Browser]
    ./components/providers.tsx [Server Component]
    ./app/layout.tsx [Server Component]

  Client Component SSR:
    ./components/settings/theme-applier.tsx [Client Component SSR]
    ./components/providers.tsx [Client Component SSR]
    ./components/providers.tsx [Server Component]
    ./app/layout.tsx [Server Component] @ http://localhost:3005/_next/static/chunks/node_modules_next_dist_b0a279d5._.js:1945
[  323766ms] [ERROR] ./components/settings/theme-applier.tsx:4:1
Export DEFAULTS doesn't exist in target module
  2 |
  3 | import { useEffect } from 'react'
> 4 | import { applyThemeToDOM, DEFAULTS } from '@/hooks/use-settings'
    | ^^^^^^^^^^^^^^^^^^^^^^^^^^^^^^^^^^^^^^^^^^^^^^^^^^^^^^^^^^^^^^^^
  5 | import type { AppSettings } from '@/hooks/use-settings'
  6 |
  7 | // Runs once on mount across the whole app to apply persisted theme before first render flash

The export DEFAULTS was not found in module [project]/hooks/use-settings.ts [app-ssr] (ecmascript).
Did you mean to import useSettings?
All exports of the module are statically known (It doesn't have dynamic exports). So it's known statically that the requested export doesn't exist.

Import traces:
  Client Component Browser:
    ./components/settings/theme-applier.tsx [Client Component Browser]
    ./components/providers.tsx [Client Component Browser]
    ./components/providers.tsx [Server Component]
    ./app/layout.tsx [Server Component]

  Client Component SSR:
    ./components/settings/theme-applier.tsx [Client Component SSR]
    ./components/providers.tsx [Client Component SSR]
    ./components/providers.tsx [Server Component]
    ./app/layout.tsx [Server Component] @ http://localhost:3005/_next/static/chunks/node_modules_next_dist_b0a279d5._.js:1945
[  323837ms] [ERROR] ./components/settings/theme-applier.tsx:4:1
Export DEFAULTS doesn't exist in target module
  2 |
  3 | import { useEffect } from 'react'
> 4 | import { applyThemeToDOM, DEFAULTS } from '@/hooks/use-settings'
    | ^^^^^^^^^^^^^^^^^^^^^^^^^^^^^^^^^^^^^^^^^^^^^^^^^^^^^^^^^^^^^^^^
  5 | import type { AppSettings } from '@/hooks/use-settings'
  6 |
  7 | // Runs once on mount across the whole app to apply persisted theme before first render flash

The export DEFAULTS was not found in module [project]/hooks/use-settings.ts [app-client] (ecmascript).
Did you mean to import useSettings?
All exports of the module are statically known (It doesn't have dynamic exports). So it's known statically that the requested export doesn't exist.

Import traces:
  Client Component Browser:
    ./components/settings/theme-applier.tsx [Client Component Browser]
    ./components/providers.tsx [Client Component Browser]
    ./components/providers.tsx [Server Component]
    ./app/layout.tsx [Server Component]

  Client Component SSR:
    ./components/settings/theme-applier.tsx [Client Component SSR]
    ./components/providers.tsx [Client Component SSR]
    ./components/providers.tsx [Server Component]
    ./app/layout.tsx [Server Component] @ http://localhost:3005/_next/static/chunks/node_modules_next_dist_b0a279d5._.js:1945
[  323837ms] [ERROR] ./components/settings/theme-applier.tsx:4:1
Export DEFAULTS doesn't exist in target module
  2 |
  3 | import { useEffect } from 'react'
> 4 | import { applyThemeToDOM, DEFAULTS } from '@/hooks/use-settings'
    | ^^^^^^^^^^^^^^^^^^^^^^^^^^^^^^^^^^^^^^^^^^^^^^^^^^^^^^^^^^^^^^^^
  5 | import type { AppSettings } from '@/hooks/use-settings'
  6 |
  7 | // Runs once on mount across the whole app to apply persisted theme before first render flash

The export DEFAULTS was not found in module [project]/hooks/use-settings.ts [app-ssr] (ecmascript).
Did you mean to import useSettings?
All exports of the module are statically known (It doesn't have dynamic exports). So it's known statically that the requested export doesn't exist.

Import traces:
  Client Component Browser:
    ./components/settings/theme-applier.tsx [Client Component Browser]
    ./components/providers.tsx [Client Component Browser]
    ./components/providers.tsx [Server Component]
    ./app/layout.tsx [Server Component]

  Client Component SSR:
    ./components/settings/theme-applier.tsx [Client Component SSR]
    ./components/providers.tsx [Client Component SSR]
    ./components/providers.tsx [Server Component]
    ./app/layout.tsx [Server Component] @ http://localhost:3005/_next/static/chunks/node_modules_next_dist_b0a279d5._.js:1945
[  323920ms] [ERROR] ./components/settings/theme-applier.tsx:4:1
Export DEFAULTS doesn't exist in target module
  2 |
  3 | import { useEffect } from 'react'
> 4 | import { applyThemeToDOM, DEFAULTS } from '@/hooks/use-settings'
    | ^^^^^^^^^^^^^^^^^^^^^^^^^^^^^^^^^^^^^^^^^^^^^^^^^^^^^^^^^^^^^^^^
  5 | import type { AppSettings } from '@/hooks/use-settings'
  6 |
  7 | // Runs once on mount across the whole app to apply persisted theme before first render flash

The export DEFAULTS was not found in module [project]/hooks/use-settings.ts [app-client] (ecmascript).
Did you mean to import useSettings?
All exports of the module are statically known (It doesn't have dynamic exports). So it's known statically that the requested export doesn't exist.

Import traces:
  Client Component Browser:
    ./components/settings/theme-applier.tsx [Client Component Browser]
    ./components/providers.tsx [Client Component Browser]
    ./components/providers.tsx [Server Component]
    ./app/layout.tsx [Server Component]

  Client Component SSR:
    ./components/settings/theme-applier.tsx [Client Component SSR]
    ./components/providers.tsx [Client Component SSR]
    ./components/providers.tsx [Server Component]
    ./app/layout.tsx [Server Component] @ http://localhost:3005/_next/static/chunks/node_modules_next_dist_b0a279d5._.js:1945
[  323920ms] [ERROR] ./components/settings/theme-applier.tsx:4:1
Export DEFAULTS doesn't exist in target module
  2 |
  3 | import { useEffect } from 'react'
> 4 | import { applyThemeToDOM, DEFAULTS } from '@/hooks/use-settings'
    | ^^^^^^^^^^^^^^^^^^^^^^^^^^^^^^^^^^^^^^^^^^^^^^^^^^^^^^^^^^^^^^^^
  5 | import type { AppSettings } from '@/hooks/use-settings'
  6 |
  7 | // Runs once on mount across the whole app to apply persisted theme before first render flash

The export DEFAULTS was not found in module [project]/hooks/use-settings.ts [app-ssr] (ecmascript).
Did you mean to import useSettings?
All exports of the module are statically known (It doesn't have dynamic exports). So it's known statically that the requested export doesn't exist.

Import traces:
  Client Component Browser:
    ./components/settings/theme-applier.tsx [Client Component Browser]
    ./components/providers.tsx [Client Component Browser]
    ./components/providers.tsx [Server Component]
    ./app/layout.tsx [Server Component]

  Client Component SSR:
    ./components/settings/theme-applier.tsx [Client Component SSR]
    ./components/providers.tsx [Client Component SSR]
    ./components/providers.tsx [Server Component]
    ./app/layout.tsx [Server Component] @ http://localhost:3005/_next/static/chunks/node_modules_next_dist_b0a279d5._.js:1945
[  323993ms] [ERROR] ./components/settings/theme-applier.tsx:4:1
Export DEFAULTS doesn't exist in target module
  2 |
  3 | import { useEffect } from 'react'
> 4 | import { applyThemeToDOM, DEFAULTS } from '@/hooks/use-settings'
    | ^^^^^^^^^^^^^^^^^^^^^^^^^^^^^^^^^^^^^^^^^^^^^^^^^^^^^^^^^^^^^^^^
  5 | import type { AppSettings } from '@/hooks/use-settings'
  6 |
  7 | // Runs once on mount across the whole app to apply persisted theme before first render flash

The export DEFAULTS was not found in module [project]/hooks/use-settings.ts [app-client] (ecmascript).
Did you mean to import useSettings?
All exports of the module are statically known (It doesn't have dynamic exports). So it's known statically that the requested export doesn't exist.

Import traces:
  Client Component Browser:
    ./components/settings/theme-applier.tsx [Client Component Browser]
    ./components/providers.tsx [Client Component Browser]
    ./components/providers.tsx [Server Component]
    ./app/layout.tsx [Server Component]

  Client Component SSR:
    ./components/settings/theme-applier.tsx [Client Component SSR]
    ./components/providers.tsx [Client Component SSR]
    ./components/providers.tsx [Server Component]
    ./app/layout.tsx [Server Component] @ http://localhost:3005/_next/static/chunks/node_modules_next_dist_b0a279d5._.js:1945
[  323994ms] [ERROR] ./components/settings/theme-applier.tsx:4:1
Export DEFAULTS doesn't exist in target module
  2 |
  3 | import { useEffect } from 'react'
> 4 | import { applyThemeToDOM, DEFAULTS } from '@/hooks/use-settings'
    | ^^^^^^^^^^^^^^^^^^^^^^^^^^^^^^^^^^^^^^^^^^^^^^^^^^^^^^^^^^^^^^^^
  5 | import type { AppSettings } from '@/hooks/use-settings'
  6 |
  7 | // Runs once on mount across the whole app to apply persisted theme before first render flash

The export DEFAULTS was not found in module [project]/hooks/use-settings.ts [app-ssr] (ecmascript).
Did you mean to import useSettings?
All exports of the module are statically known (It doesn't have dynamic exports). So it's known statically that the requested export doesn't exist.

Import traces:
  Client Component Browser:
    ./components/settings/theme-applier.tsx [Client Component Browser]
    ./components/providers.tsx [Client Component Browser]
    ./components/providers.tsx [Server Component]
    ./app/layout.tsx [Server Component]

  Client Component SSR:
    ./components/settings/theme-applier.tsx [Client Component SSR]
    ./components/providers.tsx [Client Component SSR]
    ./components/providers.tsx [Server Component]
    ./app/layout.tsx [Server Component] @ http://localhost:3005/_next/static/chunks/node_modules_next_dist_b0a279d5._.js:1945
[  324053ms] [ERROR] ./components/settings/theme-applier.tsx:4:1
Export DEFAULTS doesn't exist in target module
  2 |
  3 | import { useEffect } from 'react'
> 4 | import { applyThemeToDOM, DEFAULTS } from '@/hooks/use-settings'
    | ^^^^^^^^^^^^^^^^^^^^^^^^^^^^^^^^^^^^^^^^^^^^^^^^^^^^^^^^^^^^^^^^
  5 | import type { AppSettings } from '@/hooks/use-settings'
  6 |
  7 | // Runs once on mount across the whole app to apply persisted theme before first render flash

The export DEFAULTS was not found in module [project]/hooks/use-settings.ts [app-client] (ecmascript).
Did you mean to import useSettings?
All exports of the module are statically known (It doesn't have dynamic exports). So it's known statically that the requested export doesn't exist.

Import traces:
  Client Component Browser:
    ./components/settings/theme-applier.tsx [Client Component Browser]
    ./components/providers.tsx [Client Component Browser]
    ./components/providers.tsx [Server Component]
    ./app/layout.tsx [Server Component]

  Client Component SSR:
    ./components/settings/theme-applier.tsx [Client Component SSR]
    ./components/providers.tsx [Client Component SSR]
    ./components/providers.tsx [Server Component]
    ./app/layout.tsx [Server Component] @ http://localhost:3005/_next/static/chunks/node_modules_next_dist_b0a279d5._.js:1945
[  324054ms] [ERROR] ./components/settings/theme-applier.tsx:4:1
Export DEFAULTS doesn't exist in target module
  2 |
  3 | import { useEffect } from 'react'
> 4 | import { applyThemeToDOM, DEFAULTS } from '@/hooks/use-settings'
    | ^^^^^^^^^^^^^^^^^^^^^^^^^^^^^^^^^^^^^^^^^^^^^^^^^^^^^^^^^^^^^^^^
  5 | import type { AppSettings } from '@/hooks/use-settings'
  6 |
  7 | // Runs once on mount across the whole app to apply persisted theme before first render flash

The export DEFAULTS was not found in module [project]/hooks/use-settings.ts [app-ssr] (ecmascript).
Did you mean to import useSettings?
All exports of the module are statically known (It doesn't have dynamic exports). So it's known statically that the requested export doesn't exist.

Import traces:
  Client Component Browser:
    ./components/settings/theme-applier.tsx [Client Component Browser]
    ./components/providers.tsx [Client Component Browser]
    ./components/providers.tsx [Server Component]
    ./app/layout.tsx [Server Component]

  Client Component SSR:
    ./components/settings/theme-applier.tsx [Client Component SSR]
    ./components/providers.tsx [Client Component SSR]
    ./components/providers.tsx [Server Component]
    ./app/layout.tsx [Server Component] @ http://localhost:3005/_next/static/chunks/node_modules_next_dist_b0a279d5._.js:1945
[  324116ms] [ERROR] ./components/settings/theme-applier.tsx:4:1
Export DEFAULTS doesn't exist in target module
  2 |
  3 | import { useEffect } from 'react'
> 4 | import { applyThemeToDOM, DEFAULTS } from '@/hooks/use-settings'
    | ^^^^^^^^^^^^^^^^^^^^^^^^^^^^^^^^^^^^^^^^^^^^^^^^^^^^^^^^^^^^^^^^
  5 | import type { AppSettings } from '@/hooks/use-settings'
  6 |
  7 | // Runs once on mount across the whole app to apply persisted theme before first render flash

The export DEFAULTS was not found in module [project]/hooks/use-settings.ts [app-client] (ecmascript).
Did you mean to import useSettings?
All exports of the module are statically known (It doesn't have dynamic exports). So it's known statically that the requested export doesn't exist.

Import traces:
  Client Component Browser:
    ./components/settings/theme-applier.tsx [Client Component Browser]
    ./components/providers.tsx [Client Component Browser]
    ./components/providers.tsx [Server Component]
    ./app/layout.tsx [Server Component]

  Client Component SSR:
    ./components/settings/theme-applier.tsx [Client Component SSR]
    ./components/providers.tsx [Client Component SSR]
    ./components/providers.tsx [Server Component]
    ./app/layout.tsx [Server Component] @ http://localhost:3005/_next/static/chunks/node_modules_next_dist_b0a279d5._.js:1945
[  324116ms] [ERROR] ./components/settings/theme-applier.tsx:4:1
Export DEFAULTS doesn't exist in target module
  2 |
  3 | import { useEffect } from 'react'
> 4 | import { applyThemeToDOM, DEFAULTS } from '@/hooks/use-settings'
    | ^^^^^^^^^^^^^^^^^^^^^^^^^^^^^^^^^^^^^^^^^^^^^^^^^^^^^^^^^^^^^^^^
  5 | import type { AppSettings } from '@/hooks/use-settings'
  6 |
  7 | // Runs once on mount across the whole app to apply persisted theme before first render flash

The export DEFAULTS was not found in module [project]/hooks/use-settings.ts [app-ssr] (ecmascript).
Did you mean to import useSettings?
All exports of the module are statically known (It doesn't have dynamic exports). So it's known statically that the requested export doesn't exist.

Import traces:
  Client Component Browser:
    ./components/settings/theme-applier.tsx [Client Component Browser]
    ./components/providers.tsx [Client Component Browser]
    ./components/providers.tsx [Server Component]
    ./app/layout.tsx [Server Component]

  Client Component SSR:
    ./components/settings/theme-applier.tsx [Client Component SSR]
    ./components/providers.tsx [Client Component SSR]
    ./components/providers.tsx [Server Component]
    ./app/layout.tsx [Server Component] @ http://localhost:3005/_next/static/chunks/node_modules_next_dist_b0a279d5._.js:1945
[  324180ms] [ERROR] ./components/settings/theme-applier.tsx:4:1
Export DEFAULTS doesn't exist in target module
  2 |
  3 | import { useEffect } from 'react'
> 4 | import { applyThemeToDOM, DEFAULTS } from '@/hooks/use-settings'
    | ^^^^^^^^^^^^^^^^^^^^^^^^^^^^^^^^^^^^^^^^^^^^^^^^^^^^^^^^^^^^^^^^
  5 | import type { AppSettings } from '@/hooks/use-settings'
  6 |
  7 | // Runs once on mount across the whole app to apply persisted theme before first render flash

The export DEFAULTS was not found in module [project]/hooks/use-settings.ts [app-client] (ecmascript).
Did you mean to import useSettings?
All exports of the module are statically known (It doesn't have dynamic exports). So it's known statically that the requested export doesn't exist.

Import traces:
  Client Component Browser:
    ./components/settings/theme-applier.tsx [Client Component Browser]
    ./components/providers.tsx [Client Component Browser]
    ./components/providers.tsx [Server Component]
    ./app/layout.tsx [Server Component]

  Client Component SSR:
    ./components/settings/theme-applier.tsx [Client Component SSR]
    ./components/providers.tsx [Client Component SSR]
    ./components/providers.tsx [Server Component]
    ./app/layout.tsx [Server Component] @ http://localhost:3005/_next/static/chunks/node_modules_next_dist_b0a279d5._.js:1945
[  324180ms] [ERROR] ./components/settings/theme-applier.tsx:4:1
Export DEFAULTS doesn't exist in target module
  2 |
  3 | import { useEffect } from 'react'
> 4 | import { applyThemeToDOM, DEFAULTS } from '@/hooks/use-settings'
    | ^^^^^^^^^^^^^^^^^^^^^^^^^^^^^^^^^^^^^^^^^^^^^^^^^^^^^^^^^^^^^^^^
  5 | import type { AppSettings } from '@/hooks/use-settings'
  6 |
  7 | // Runs once on mount across the whole app to apply persisted theme before first render flash

The export DEFAULTS was not found in module [project]/hooks/use-settings.ts [app-ssr] (ecmascript).
Did you mean to import useSettings?
All exports of the module are statically known (It doesn't have dynamic exports). So it's known statically that the requested export doesn't exist.

Import traces:
  Client Component Browser:
    ./components/settings/theme-applier.tsx [Client Component Browser]
    ./components/providers.tsx [Client Component Browser]
    ./components/providers.tsx [Server Component]
    ./app/layout.tsx [Server Component]

  Client Component SSR:
    ./components/settings/theme-applier.tsx [Client Component SSR]
    ./components/providers.tsx [Client Component SSR]
    ./components/providers.tsx [Server Component]
    ./app/layout.tsx [Server Component] @ http://localhost:3005/_next/static/chunks/node_modules_next_dist_b0a279d5._.js:1945
[  324243ms] [ERROR] ./components/settings/theme-applier.tsx:4:1
Export DEFAULTS doesn't exist in target module
  2 |
  3 | import { useEffect } from 'react'
> 4 | import { applyThemeToDOM, DEFAULTS } from '@/hooks/use-settings'
    | ^^^^^^^^^^^^^^^^^^^^^^^^^^^^^^^^^^^^^^^^^^^^^^^^^^^^^^^^^^^^^^^^
  5 | import type { AppSettings } from '@/hooks/use-settings'
  6 |
  7 | // Runs once on mount across the whole app to apply persisted theme before first render flash

The export DEFAULTS was not found in module [project]/hooks/use-settings.ts [app-client] (ecmascript).
Did you mean to import useSettings?
All exports of the module are statically known (It doesn't have dynamic exports). So it's known statically that the requested export doesn't exist.

Import traces:
  Client Component Browser:
    ./components/settings/theme-applier.tsx [Client Component Browser]
    ./components/providers.tsx [Client Component Browser]
    ./components/providers.tsx [Server Component]
    ./app/layout.tsx [Server Component]

  Client Component SSR:
    ./components/settings/theme-applier.tsx [Client Component SSR]
    ./components/providers.tsx [Client Component SSR]
    ./components/providers.tsx [Server Component]
    ./app/layout.tsx [Server Component] @ http://localhost:3005/_next/static/chunks/node_modules_next_dist_b0a279d5._.js:1945
[  324243ms] [ERROR] ./components/settings/theme-applier.tsx:4:1
Export DEFAULTS doesn't exist in target module
  2 |
  3 | import { useEffect } from 'react'
> 4 | import { applyThemeToDOM, DEFAULTS } from '@/hooks/use-settings'
    | ^^^^^^^^^^^^^^^^^^^^^^^^^^^^^^^^^^^^^^^^^^^^^^^^^^^^^^^^^^^^^^^^
  5 | import type { AppSettings } from '@/hooks/use-settings'
  6 |
  7 | // Runs once on mount across the whole app to apply persisted theme before first render flash

The export DEFAULTS was not found in module [project]/hooks/use-settings.ts [app-ssr] (ecmascript).
Did you mean to import useSettings?
All exports of the module are statically known (It doesn't have dynamic exports). So it's known statically that the requested export doesn't exist.

Import traces:
  Client Component Browser:
    ./components/settings/theme-applier.tsx [Client Component Browser]
    ./components/providers.tsx [Client Component Browser]
    ./components/providers.tsx [Server Component]
    ./app/layout.tsx [Server Component]

  Client Component SSR:
    ./components/settings/theme-applier.tsx [Client Component SSR]
    ./components/providers.tsx [Client Component SSR]
    ./components/providers.tsx [Server Component]
    ./app/layout.tsx [Server Component] @ http://localhost:3005/_next/static/chunks/node_modules_next_dist_b0a279d5._.js:1945
[  324305ms] [ERROR] ./components/settings/theme-applier.tsx:4:1
Export DEFAULTS doesn't exist in target module
  2 |
  3 | import { useEffect } from 'react'
> 4 | import { applyThemeToDOM, DEFAULTS } from '@/hooks/use-settings'
    | ^^^^^^^^^^^^^^^^^^^^^^^^^^^^^^^^^^^^^^^^^^^^^^^^^^^^^^^^^^^^^^^^
  5 | import type { AppSettings } from '@/hooks/use-settings'
  6 |
  7 | // Runs once on mount across the whole app to apply persisted theme before first render flash

The export DEFAULTS was not found in module [project]/hooks/use-settings.ts [app-client] (ecmascript).
Did you mean to import useSettings?
All exports of the module are statically known (It doesn't have dynamic exports). So it's known statically that the requested export doesn't exist.

Import traces:
  Client Component Browser:
    ./components/settings/theme-applier.tsx [Client Component Browser]
    ./components/providers.tsx [Client Component Browser]
    ./components/providers.tsx [Server Component]
    ./app/layout.tsx [Server Component]

  Client Component SSR:
    ./components/settings/theme-applier.tsx [Client Component SSR]
    ./components/providers.tsx [Client Component SSR]
    ./components/providers.tsx [Server Component]
    ./app/layout.tsx [Server Component] @ http://localhost:3005/_next/static/chunks/node_modules_next_dist_b0a279d5._.js:1945
[  324305ms] [ERROR] ./components/settings/theme-applier.tsx:4:1
Export DEFAULTS doesn't exist in target module
  2 |
  3 | import { useEffect } from 'react'
> 4 | import { applyThemeToDOM, DEFAULTS } from '@/hooks/use-settings'
    | ^^^^^^^^^^^^^^^^^^^^^^^^^^^^^^^^^^^^^^^^^^^^^^^^^^^^^^^^^^^^^^^^
  5 | import type { AppSettings } from '@/hooks/use-settings'
  6 |
  7 | // Runs once on mount across the whole app to apply persisted theme before first render flash

The export DEFAULTS was not found in module [project]/hooks/use-settings.ts [app-ssr] (ecmascript).
Did you mean to import useSettings?
All exports of the module are statically known (It doesn't have dynamic exports). So it's known statically that the requested export doesn't exist.

Import traces:
  Client Component Browser:
    ./components/settings/theme-applier.tsx [Client Component Browser]
    ./components/providers.tsx [Client Component Browser]
    ./components/providers.tsx [Server Component]
    ./app/layout.tsx [Server Component]

  Client Component SSR:
    ./components/settings/theme-applier.tsx [Client Component SSR]
    ./components/providers.tsx [Client Component SSR]
    ./components/providers.tsx [Server Component]
    ./app/layout.tsx [Server Component] @ http://localhost:3005/_next/static/chunks/node_modules_next_dist_b0a279d5._.js:1945
[  324366ms] [ERROR] ./components/settings/theme-applier.tsx:4:1
Export DEFAULTS doesn't exist in target module
  2 |
  3 | import { useEffect } from 'react'
> 4 | import { applyThemeToDOM, DEFAULTS } from '@/hooks/use-settings'
    | ^^^^^^^^^^^^^^^^^^^^^^^^^^^^^^^^^^^^^^^^^^^^^^^^^^^^^^^^^^^^^^^^
  5 | import type { AppSettings } from '@/hooks/use-settings'
  6 |
  7 | // Runs once on mount across the whole app to apply persisted theme before first render flash

The export DEFAULTS was not found in module [project]/hooks/use-settings.ts [app-client] (ecmascript).
Did you mean to import useSettings?
All exports of the module are statically known (It doesn't have dynamic exports). So it's known statically that the requested export doesn't exist.

Import traces:
  Client Component Browser:
    ./components/settings/theme-applier.tsx [Client Component Browser]
    ./components/providers.tsx [Client Component Browser]
    ./components/providers.tsx [Server Component]
    ./app/layout.tsx [Server Component]

  Client Component SSR:
    ./components/settings/theme-applier.tsx [Client Component SSR]
    ./components/providers.tsx [Client Component SSR]
    ./components/providers.tsx [Server Component]
    ./app/layout.tsx [Server Component] @ http://localhost:3005/_next/static/chunks/node_modules_next_dist_b0a279d5._.js:1945
[  324366ms] [ERROR] ./components/settings/theme-applier.tsx:4:1
Export DEFAULTS doesn't exist in target module
  2 |
  3 | import { useEffect } from 'react'
> 4 | import { applyThemeToDOM, DEFAULTS } from '@/hooks/use-settings'
    | ^^^^^^^^^^^^^^^^^^^^^^^^^^^^^^^^^^^^^^^^^^^^^^^^^^^^^^^^^^^^^^^^
  5 | import type { AppSettings } from '@/hooks/use-settings'
  6 |
  7 | // Runs once on mount across the whole app to apply persisted theme before first render flash

The export DEFAULTS was not found in module [project]/hooks/use-settings.ts [app-ssr] (ecmascript).
Did you mean to import useSettings?
All exports of the module are statically known (It doesn't have dynamic exports). So it's known statically that the requested export doesn't exist.

Import traces:
  Client Component Browser:
    ./components/settings/theme-applier.tsx [Client Component Browser]
    ./components/providers.tsx [Client Component Browser]
    ./components/providers.tsx [Server Component]
    ./app/layout.tsx [Server Component]

  Client Component SSR:
    ./components/settings/theme-applier.tsx [Client Component SSR]
    ./components/providers.tsx [Client Component SSR]
    ./components/providers.tsx [Server Component]
    ./app/layout.tsx [Server Component] @ http://localhost:3005/_next/static/chunks/node_modules_next_dist_b0a279d5._.js:1945
[  324427ms] [ERROR] ./components/settings/theme-applier.tsx:4:1
Export DEFAULTS doesn't exist in target module
  2 |
  3 | import { useEffect } from 'react'
> 4 | import { applyThemeToDOM, DEFAULTS } from '@/hooks/use-settings'
    | ^^^^^^^^^^^^^^^^^^^^^^^^^^^^^^^^^^^^^^^^^^^^^^^^^^^^^^^^^^^^^^^^
  5 | import type { AppSettings } from '@/hooks/use-settings'
  6 |
  7 | // Runs once on mount across the whole app to apply persisted theme before first render flash

The export DEFAULTS was not found in module [project]/hooks/use-settings.ts [app-client] (ecmascript).
Did you mean to import useSettings?
All exports of the module are statically known (It doesn't have dynamic exports). So it's known statically that the requested export doesn't exist.

Import traces:
  Client Component Browser:
    ./components/settings/theme-applier.tsx [Client Component Browser]
    ./components/providers.tsx [Client Component Browser]
    ./components/providers.tsx [Server Component]
    ./app/layout.tsx [Server Component]

  Client Component SSR:
    ./components/settings/theme-applier.tsx [Client Component SSR]
    ./components/providers.tsx [Client Component SSR]
    ./components/providers.tsx [Server Component]
    ./app/layout.tsx [Server Component] @ http://localhost:3005/_next/static/chunks/node_modules_next_dist_b0a279d5._.js:1945
[  324427ms] [ERROR] ./components/settings/theme-applier.tsx:4:1
Export DEFAULTS doesn't exist in target module
  2 |
  3 | import { useEffect } from 'react'
> 4 | import { applyThemeToDOM, DEFAULTS } from '@/hooks/use-settings'
    | ^^^^^^^^^^^^^^^^^^^^^^^^^^^^^^^^^^^^^^^^^^^^^^^^^^^^^^^^^^^^^^^^
  5 | import type { AppSettings } from '@/hooks/use-settings'
  6 |
  7 | // Runs once on mount across the whole app to apply persisted theme before first render flash

The export DEFAULTS was not found in module [project]/hooks/use-settings.ts [app-ssr] (ecmascript).
Did you mean to import useSettings?
All exports of the module are statically known (It doesn't have dynamic exports). So it's known statically that the requested export doesn't exist.

Import traces:
  Client Component Browser:
    ./components/settings/theme-applier.tsx [Client Component Browser]
    ./components/providers.tsx [Client Component Browser]
    ./components/providers.tsx [Server Component]
    ./app/layout.tsx [Server Component]

  Client Component SSR:
    ./components/settings/theme-applier.tsx [Client Component SSR]
    ./components/providers.tsx [Client Component SSR]
    ./components/providers.tsx [Server Component]
    ./app/layout.tsx [Server Component] @ http://localhost:3005/_next/static/chunks/node_modules_next_dist_b0a279d5._.js:1945
[  324492ms] [ERROR] ./components/settings/theme-applier.tsx:4:1
Export DEFAULTS doesn't exist in target module
  2 |
  3 | import { useEffect } from 'react'
> 4 | import { applyThemeToDOM, DEFAULTS } from '@/hooks/use-settings'
    | ^^^^^^^^^^^^^^^^^^^^^^^^^^^^^^^^^^^^^^^^^^^^^^^^^^^^^^^^^^^^^^^^
  5 | import type { AppSettings } from '@/hooks/use-settings'
  6 |
  7 | // Runs once on mount across the whole app to apply persisted theme before first render flash

The export DEFAULTS was not found in module [project]/hooks/use-settings.ts [app-client] (ecmascript).
Did you mean to import useSettings?
All exports of the module are statically known (It doesn't have dynamic exports). So it's known statically that the requested export doesn't exist.

Import traces:
  Client Component Browser:
    ./components/settings/theme-applier.tsx [Client Component Browser]
    ./components/providers.tsx [Client Component Browser]
    ./components/providers.tsx [Server Component]
    ./app/layout.tsx [Server Component]

  Client Component SSR:
    ./components/settings/theme-applier.tsx [Client Component SSR]
    ./components/providers.tsx [Client Component SSR]
    ./components/providers.tsx [Server Component]
    ./app/layout.tsx [Server Component] @ http://localhost:3005/_next/static/chunks/node_modules_next_dist_b0a279d5._.js:1945
[  324492ms] [ERROR] ./components/settings/theme-applier.tsx:4:1
Export DEFAULTS doesn't exist in target module
  2 |
  3 | import { useEffect } from 'react'
> 4 | import { applyThemeToDOM, DEFAULTS } from '@/hooks/use-settings'
    | ^^^^^^^^^^^^^^^^^^^^^^^^^^^^^^^^^^^^^^^^^^^^^^^^^^^^^^^^^^^^^^^^
  5 | import type { AppSettings } from '@/hooks/use-settings'
  6 |
  7 | // Runs once on mount across the whole app to apply persisted theme before first render flash

The export DEFAULTS was not found in module [project]/hooks/use-settings.ts [app-ssr] (ecmascript).
Did you mean to import useSettings?
All exports of the module are statically known (It doesn't have dynamic exports). So it's known statically that the requested export doesn't exist.

Import traces:
  Client Component Browser:
    ./components/settings/theme-applier.tsx [Client Component Browser]
    ./components/providers.tsx [Client Component Browser]
    ./components/providers.tsx [Server Component]
    ./app/layout.tsx [Server Component]

  Client Component SSR:
    ./components/settings/theme-applier.tsx [Client Component SSR]
    ./components/providers.tsx [Client Component SSR]
    ./components/providers.tsx [Server Component]
    ./app/layout.tsx [Server Component] @ http://localhost:3005/_next/static/chunks/node_modules_next_dist_b0a279d5._.js:1945
[  324553ms] [ERROR] ./components/settings/theme-applier.tsx:4:1
Export DEFAULTS doesn't exist in target module
  2 |
  3 | import { useEffect } from 'react'
> 4 | import { applyThemeToDOM, DEFAULTS } from '@/hooks/use-settings'
    | ^^^^^^^^^^^^^^^^^^^^^^^^^^^^^^^^^^^^^^^^^^^^^^^^^^^^^^^^^^^^^^^^
  5 | import type { AppSettings } from '@/hooks/use-settings'
  6 |
  7 | // Runs once on mount across the whole app to apply persisted theme before first render flash

The export DEFAULTS was not found in module [project]/hooks/use-settings.ts [app-client] (ecmascript).
Did you mean to import useSettings?
All exports of the module are statically known (It doesn't have dynamic exports). So it's known statically that the requested export doesn't exist.

Import traces:
  Client Component Browser:
    ./components/settings/theme-applier.tsx [Client Component Browser]
    ./components/providers.tsx [Client Component Browser]
    ./components/providers.tsx [Server Component]
    ./app/layout.tsx [Server Component]

  Client Component SSR:
    ./components/settings/theme-applier.tsx [Client Component SSR]
    ./components/providers.tsx [Client Component SSR]
    ./components/providers.tsx [Server Component]
    ./app/layout.tsx [Server Component] @ http://localhost:3005/_next/static/chunks/node_modules_next_dist_b0a279d5._.js:1945
[  324553ms] [ERROR] ./components/settings/theme-applier.tsx:4:1
Export DEFAULTS doesn't exist in target module
  2 |
  3 | import { useEffect } from 'react'
> 4 | import { applyThemeToDOM, DEFAULTS } from '@/hooks/use-settings'
    | ^^^^^^^^^^^^^^^^^^^^^^^^^^^^^^^^^^^^^^^^^^^^^^^^^^^^^^^^^^^^^^^^
  5 | import type { AppSettings } from '@/hooks/use-settings'
  6 |
  7 | // Runs once on mount across the whole app to apply persisted theme before first render flash

The export DEFAULTS was not found in module [project]/hooks/use-settings.ts [app-ssr] (ecmascript).
Did you mean to import useSettings?
All exports of the module are statically known (It doesn't have dynamic exports). So it's known statically that the requested export doesn't exist.

Import traces:
  Client Component Browser:
    ./components/settings/theme-applier.tsx [Client Component Browser]
    ./components/providers.tsx [Client Component Browser]
    ./components/providers.tsx [Server Component]
    ./app/layout.tsx [Server Component]

  Client Component SSR:
    ./components/settings/theme-applier.tsx [Client Component SSR]
    ./components/providers.tsx [Client Component SSR]
    ./components/providers.tsx [Server Component]
    ./app/layout.tsx [Server Component] @ http://localhost:3005/_next/static/chunks/node_modules_next_dist_b0a279d5._.js:1945
[  324616ms] [ERROR] ./components/settings/theme-applier.tsx:4:1
Export DEFAULTS doesn't exist in target module
  2 |
  3 | import { useEffect } from 'react'
> 4 | import { applyThemeToDOM, DEFAULTS } from '@/hooks/use-settings'
    | ^^^^^^^^^^^^^^^^^^^^^^^^^^^^^^^^^^^^^^^^^^^^^^^^^^^^^^^^^^^^^^^^
  5 | import type { AppSettings } from '@/hooks/use-settings'
  6 |
  7 | // Runs once on mount across the whole app to apply persisted theme before first render flash

The export DEFAULTS was not found in module [project]/hooks/use-settings.ts [app-client] (ecmascript).
Did you mean to import useSettings?
All exports of the module are statically known (It doesn't have dynamic exports). So it's known statically that the requested export doesn't exist.

Import traces:
  Client Component Browser:
    ./components/settings/theme-applier.tsx [Client Component Browser]
    ./components/providers.tsx [Client Component Browser]
    ./components/providers.tsx [Server Component]
    ./app/layout.tsx [Server Component]

  Client Component SSR:
    ./components/settings/theme-applier.tsx [Client Component SSR]
    ./components/providers.tsx [Client Component SSR]
    ./components/providers.tsx [Server Component]
    ./app/layout.tsx [Server Component] @ http://localhost:3005/_next/static/chunks/node_modules_next_dist_b0a279d5._.js:1945
[  324616ms] [ERROR] ./components/settings/theme-applier.tsx:4:1
Export DEFAULTS doesn't exist in target module
  2 |
  3 | import { useEffect } from 'react'
> 4 | import { applyThemeToDOM, DEFAULTS } from '@/hooks/use-settings'
    | ^^^^^^^^^^^^^^^^^^^^^^^^^^^^^^^^^^^^^^^^^^^^^^^^^^^^^^^^^^^^^^^^
  5 | import type { AppSettings } from '@/hooks/use-settings'
  6 |
  7 | // Runs once on mount across the whole app to apply persisted theme before first render flash

The export DEFAULTS was not found in module [project]/hooks/use-settings.ts [app-ssr] (ecmascript).
Did you mean to import useSettings?
All exports of the module are statically known (It doesn't have dynamic exports). So it's known statically that the requested export doesn't exist.

Import traces:
  Client Component Browser:
    ./components/settings/theme-applier.tsx [Client Component Browser]
    ./components/providers.tsx [Client Component Browser]
    ./components/providers.tsx [Server Component]
    ./app/layout.tsx [Server Component]

  Client Component SSR:
    ./components/settings/theme-applier.tsx [Client Component SSR]
    ./components/providers.tsx [Client Component SSR]
    ./components/providers.tsx [Server Component]
    ./app/layout.tsx [Server Component] @ http://localhost:3005/_next/static/chunks/node_modules_next_dist_b0a279d5._.js:1945
[  324678ms] [ERROR] ./components/settings/theme-applier.tsx:4:1
Export DEFAULTS doesn't exist in target module
  2 |
  3 | import { useEffect } from 'react'
> 4 | import { applyThemeToDOM, DEFAULTS } from '@/hooks/use-settings'
    | ^^^^^^^^^^^^^^^^^^^^^^^^^^^^^^^^^^^^^^^^^^^^^^^^^^^^^^^^^^^^^^^^
  5 | import type { AppSettings } from '@/hooks/use-settings'
  6 |
  7 | // Runs once on mount across the whole app to apply persisted theme before first render flash

The export DEFAULTS was not found in module [project]/hooks/use-settings.ts [app-client] (ecmascript).
Did you mean to import useSettings?
All exports of the module are statically known (It doesn't have dynamic exports). So it's known statically that the requested export doesn't exist.

Import traces:
  Client Component Browser:
    ./components/settings/theme-applier.tsx [Client Component Browser]
    ./components/providers.tsx [Client Component Browser]
    ./components/providers.tsx [Server Component]
    ./app/layout.tsx [Server Component]

  Client Component SSR:
    ./components/settings/theme-applier.tsx [Client Component SSR]
    ./components/providers.tsx [Client Component SSR]
    ./components/providers.tsx [Server Component]
    ./app/layout.tsx [Server Component] @ http://localhost:3005/_next/static/chunks/node_modules_next_dist_b0a279d5._.js:1945
[  324678ms] [ERROR] ./components/settings/theme-applier.tsx:4:1
Export DEFAULTS doesn't exist in target module
  2 |
  3 | import { useEffect } from 'react'
> 4 | import { applyThemeToDOM, DEFAULTS } from '@/hooks/use-settings'
    | ^^^^^^^^^^^^^^^^^^^^^^^^^^^^^^^^^^^^^^^^^^^^^^^^^^^^^^^^^^^^^^^^
  5 | import type { AppSettings } from '@/hooks/use-settings'
  6 |
  7 | // Runs once on mount across the whole app to apply persisted theme before first render flash

The export DEFAULTS was not found in module [project]/hooks/use-settings.ts [app-ssr] (ecmascript).
Did you mean to import useSettings?
All exports of the module are statically known (It doesn't have dynamic exports). So it's known statically that the requested export doesn't exist.

Import traces:
  Client Component Browser:
    ./components/settings/theme-applier.tsx [Client Component Browser]
    ./components/providers.tsx [Client Component Browser]
    ./components/providers.tsx [Server Component]
    ./app/layout.tsx [Server Component]

  Client Component SSR:
    ./components/settings/theme-applier.tsx [Client Component SSR]
    ./components/providers.tsx [Client Component SSR]
    ./components/providers.tsx [Server Component]
    ./app/layout.tsx [Server Component] @ http://localhost:3005/_next/static/chunks/node_modules_next_dist_b0a279d5._.js:1945
[  324740ms] [ERROR] ./components/settings/theme-applier.tsx:4:1
Export DEFAULTS doesn't exist in target module
  2 |
  3 | import { useEffect } from 'react'
> 4 | import { applyThemeToDOM, DEFAULTS } from '@/hooks/use-settings'
    | ^^^^^^^^^^^^^^^^^^^^^^^^^^^^^^^^^^^^^^^^^^^^^^^^^^^^^^^^^^^^^^^^
  5 | import type { AppSettings } from '@/hooks/use-settings'
  6 |
  7 | // Runs once on mount across the whole app to apply persisted theme before first render flash

The export DEFAULTS was not found in module [project]/hooks/use-settings.ts [app-client] (ecmascript).
Did you mean to import useSettings?
All exports of the module are statically known (It doesn't have dynamic exports). So it's known statically that the requested export doesn't exist.

Import traces:
  Client Component Browser:
    ./components/settings/theme-applier.tsx [Client Component Browser]
    ./components/providers.tsx [Client Component Browser]
    ./components/providers.tsx [Server Component]
    ./app/layout.tsx [Server Component]

  Client Component SSR:
    ./components/settings/theme-applier.tsx [Client Component SSR]
    ./components/providers.tsx [Client Component SSR]
    ./components/providers.tsx [Server Component]
    ./app/layout.tsx [Server Component] @ http://localhost:3005/_next/static/chunks/node_modules_next_dist_b0a279d5._.js:1945
[  324740ms] [ERROR] ./components/settings/theme-applier.tsx:4:1
Export DEFAULTS doesn't exist in target module
  2 |
  3 | import { useEffect } from 'react'
> 4 | import { applyThemeToDOM, DEFAULTS } from '@/hooks/use-settings'
    | ^^^^^^^^^^^^^^^^^^^^^^^^^^^^^^^^^^^^^^^^^^^^^^^^^^^^^^^^^^^^^^^^
  5 | import type { AppSettings } from '@/hooks/use-settings'
  6 |
  7 | // Runs once on mount across the whole app to apply persisted theme before first render flash

The export DEFAULTS was not found in module [project]/hooks/use-settings.ts [app-ssr] (ecmascript).
Did you mean to import useSettings?
All exports of the module are statically known (It doesn't have dynamic exports). So it's known statically that the requested export doesn't exist.

Import traces:
  Client Component Browser:
    ./components/settings/theme-applier.tsx [Client Component Browser]
    ./components/providers.tsx [Client Component Browser]
    ./components/providers.tsx [Server Component]
    ./app/layout.tsx [Server Component]

  Client Component SSR:
    ./components/settings/theme-applier.tsx [Client Component SSR]
    ./components/providers.tsx [Client Component SSR]
    ./components/providers.tsx [Server Component]
    ./app/layout.tsx [Server Component] @ http://localhost:3005/_next/static/chunks/node_modules_next_dist_b0a279d5._.js:1945
[  324802ms] [ERROR] ./components/settings/theme-applier.tsx:4:1
Export DEFAULTS doesn't exist in target module
  2 |
  3 | import { useEffect } from 'react'
> 4 | import { applyThemeToDOM, DEFAULTS } from '@/hooks/use-settings'
    | ^^^^^^^^^^^^^^^^^^^^^^^^^^^^^^^^^^^^^^^^^^^^^^^^^^^^^^^^^^^^^^^^
  5 | import type { AppSettings } from '@/hooks/use-settings'
  6 |
  7 | // Runs once on mount across the whole app to apply persisted theme before first render flash

The export DEFAULTS was not found in module [project]/hooks/use-settings.ts [app-client] (ecmascript).
Did you mean to import useSettings?
All exports of the module are statically known (It doesn't have dynamic exports). So it's known statically that the requested export doesn't exist.

Import traces:
  Client Component Browser:
    ./components/settings/theme-applier.tsx [Client Component Browser]
    ./components/providers.tsx [Client Component Browser]
    ./components/providers.tsx [Server Component]
    ./app/layout.tsx [Server Component]

  Client Component SSR:
    ./components/settings/theme-applier.tsx [Client Component SSR]
    ./components/providers.tsx [Client Component SSR]
    ./components/providers.tsx [Server Component]
    ./app/layout.tsx [Server Component] @ http://localhost:3005/_next/static/chunks/node_modules_next_dist_b0a279d5._.js:1945
[  324803ms] [ERROR] ./components/settings/theme-applier.tsx:4:1
Export DEFAULTS doesn't exist in target module
  2 |
  3 | import { useEffect } from 'react'
> 4 | import { applyThemeToDOM, DEFAULTS } from '@/hooks/use-settings'
    | ^^^^^^^^^^^^^^^^^^^^^^^^^^^^^^^^^^^^^^^^^^^^^^^^^^^^^^^^^^^^^^^^
  5 | import type { AppSettings } from '@/hooks/use-settings'
  6 |
  7 | // Runs once on mount across the whole app to apply persisted theme before first render flash

The export DEFAULTS was not found in module [project]/hooks/use-settings.ts [app-ssr] (ecmascript).
Did you mean to import useSettings?
All exports of the module are statically known (It doesn't have dynamic exports). So it's known statically that the requested export doesn't exist.

Import traces:
  Client Component Browser:
    ./components/settings/theme-applier.tsx [Client Component Browser]
    ./components/providers.tsx [Client Component Browser]
    ./components/providers.tsx [Server Component]
    ./app/layout.tsx [Server Component]

  Client Component SSR:
    ./components/settings/theme-applier.tsx [Client Component SSR]
    ./components/providers.tsx [Client Component SSR]
    ./components/providers.tsx [Server Component]
    ./app/layout.tsx [Server Component] @ http://localhost:3005/_next/static/chunks/node_modules_next_dist_b0a279d5._.js:1945
[  324865ms] [ERROR] ./components/settings/theme-applier.tsx:4:1
Export DEFAULTS doesn't exist in target module
  2 |
  3 | import { useEffect } from 'react'
> 4 | import { applyThemeToDOM, DEFAULTS } from '@/hooks/use-settings'
    | ^^^^^^^^^^^^^^^^^^^^^^^^^^^^^^^^^^^^^^^^^^^^^^^^^^^^^^^^^^^^^^^^
  5 | import type { AppSettings } from '@/hooks/use-settings'
  6 |
  7 | // Runs once on mount across the whole app to apply persisted theme before first render flash

The export DEFAULTS was not found in module [project]/hooks/use-settings.ts [app-client] (ecmascript).
Did you mean to import useSettings?
All exports of the module are statically known (It doesn't have dynamic exports). So it's known statically that the requested export doesn't exist.

Import traces:
  Client Component Browser:
    ./components/settings/theme-applier.tsx [Client Component Browser]
    ./components/providers.tsx [Client Component Browser]
    ./components/providers.tsx [Server Component]
    ./app/layout.tsx [Server Component]

  Client Component SSR:
    ./components/settings/theme-applier.tsx [Client Component SSR]
    ./components/providers.tsx [Client Component SSR]
    ./components/providers.tsx [Server Component]
    ./app/layout.tsx [Server Component] @ http://localhost:3005/_next/static/chunks/node_modules_next_dist_b0a279d5._.js:1945
[  324865ms] [ERROR] ./components/settings/theme-applier.tsx:4:1
Export DEFAULTS doesn't exist in target module
  2 |
  3 | import { useEffect } from 'react'
> 4 | import { applyThemeToDOM, DEFAULTS } from '@/hooks/use-settings'
    | ^^^^^^^^^^^^^^^^^^^^^^^^^^^^^^^^^^^^^^^^^^^^^^^^^^^^^^^^^^^^^^^^
  5 | import type { AppSettings } from '@/hooks/use-settings'
  6 |
  7 | // Runs once on mount across the whole app to apply persisted theme before first render flash

The export DEFAULTS was not found in module [project]/hooks/use-settings.ts [app-ssr] (ecmascript).
Did you mean to import useSettings?
All exports of the module are statically known (It doesn't have dynamic exports). So it's known statically that the requested export doesn't exist.

Import traces:
  Client Component Browser:
    ./components/settings/theme-applier.tsx [Client Component Browser]
    ./components/providers.tsx [Client Component Browser]
    ./components/providers.tsx [Server Component]
    ./app/layout.tsx [Server Component]

  Client Component SSR:
    ./components/settings/theme-applier.tsx [Client Component SSR]
    ./components/providers.tsx [Client Component SSR]
    ./components/providers.tsx [Server Component]
    ./app/layout.tsx [Server Component] @ http://localhost:3005/_next/static/chunks/node_modules_next_dist_b0a279d5._.js:1945
[  324928ms] [ERROR] ./components/settings/theme-applier.tsx:4:1
Export DEFAULTS doesn't exist in target module
  2 |
  3 | import { useEffect } from 'react'
> 4 | import { applyThemeToDOM, DEFAULTS } from '@/hooks/use-settings'
    | ^^^^^^^^^^^^^^^^^^^^^^^^^^^^^^^^^^^^^^^^^^^^^^^^^^^^^^^^^^^^^^^^
  5 | import type { AppSettings } from '@/hooks/use-settings'
  6 |
  7 | // Runs once on mount across the whole app to apply persisted theme before first render flash

The export DEFAULTS was not found in module [project]/hooks/use-settings.ts [app-client] (ecmascript).
Did you mean to import useSettings?
All exports of the module are statically known (It doesn't have dynamic exports). So it's known statically that the requested export doesn't exist.

Import traces:
  Client Component Browser:
    ./components/settings/theme-applier.tsx [Client Component Browser]
    ./components/providers.tsx [Client Component Browser]
    ./components/providers.tsx [Server Component]
    ./app/layout.tsx [Server Component]

  Client Component SSR:
    ./components/settings/theme-applier.tsx [Client Component SSR]
    ./components/providers.tsx [Client Component SSR]
    ./components/providers.tsx [Server Component]
    ./app/layout.tsx [Server Component] @ http://localhost:3005/_next/static/chunks/node_modules_next_dist_b0a279d5._.js:1945
[  324928ms] [ERROR] ./components/settings/theme-applier.tsx:4:1
Export DEFAULTS doesn't exist in target module
  2 |
  3 | import { useEffect } from 'react'
> 4 | import { applyThemeToDOM, DEFAULTS } from '@/hooks/use-settings'
    | ^^^^^^^^^^^^^^^^^^^^^^^^^^^^^^^^^^^^^^^^^^^^^^^^^^^^^^^^^^^^^^^^
  5 | import type { AppSettings } from '@/hooks/use-settings'
  6 |
  7 | // Runs once on mount across the whole app to apply persisted theme before first render flash

The export DEFAULTS was not found in module [project]/hooks/use-settings.ts [app-ssr] (ecmascript).
Did you mean to import useSettings?
All exports of the module are statically known (It doesn't have dynamic exports). So it's known statically that the requested export doesn't exist.

Import traces:
  Client Component Browser:
    ./components/settings/theme-applier.tsx [Client Component Browser]
    ./components/providers.tsx [Client Component Browser]
    ./components/providers.tsx [Server Component]
    ./app/layout.tsx [Server Component]

  Client Component SSR:
    ./components/settings/theme-applier.tsx [Client Component SSR]
    ./components/providers.tsx [Client Component SSR]
    ./components/providers.tsx [Server Component]
    ./app/layout.tsx [Server Component] @ http://localhost:3005/_next/static/chunks/node_modules_next_dist_b0a279d5._.js:1945
[  324989ms] [ERROR] ./components/settings/theme-applier.tsx:4:1
Export DEFAULTS doesn't exist in target module
  2 |
  3 | import { useEffect } from 'react'
> 4 | import { applyThemeToDOM, DEFAULTS } from '@/hooks/use-settings'
    | ^^^^^^^^^^^^^^^^^^^^^^^^^^^^^^^^^^^^^^^^^^^^^^^^^^^^^^^^^^^^^^^^
  5 | import type { AppSettings } from '@/hooks/use-settings'
  6 |
  7 | // Runs once on mount across the whole app to apply persisted theme before first render flash

The export DEFAULTS was not found in module [project]/hooks/use-settings.ts [app-client] (ecmascript).
Did you mean to import useSettings?
All exports of the module are statically known (It doesn't have dynamic exports). So it's known statically that the requested export doesn't exist.

Import traces:
  Client Component Browser:
    ./components/settings/theme-applier.tsx [Client Component Browser]
    ./components/providers.tsx [Client Component Browser]
    ./components/providers.tsx [Server Component]
    ./app/layout.tsx [Server Component]

  Client Component SSR:
    ./components/settings/theme-applier.tsx [Client Component SSR]
    ./components/providers.tsx [Client Component SSR]
    ./components/providers.tsx [Server Component]
    ./app/layout.tsx [Server Component] @ http://localhost:3005/_next/static/chunks/node_modules_next_dist_b0a279d5._.js:1945
[  324989ms] [ERROR] ./components/settings/theme-applier.tsx:4:1
Export DEFAULTS doesn't exist in target module
  2 |
  3 | import { useEffect } from 'react'
> 4 | import { applyThemeToDOM, DEFAULTS } from '@/hooks/use-settings'
    | ^^^^^^^^^^^^^^^^^^^^^^^^^^^^^^^^^^^^^^^^^^^^^^^^^^^^^^^^^^^^^^^^
  5 | import type { AppSettings } from '@/hooks/use-settings'
  6 |
  7 | // Runs once on mount across the whole app to apply persisted theme before first render flash

The export DEFAULTS was not found in module [project]/hooks/use-settings.ts [app-ssr] (ecmascript).
Did you mean to import useSettings?
All exports of the module are statically known (It doesn't have dynamic exports). So it's known statically that the requested export doesn't exist.

Import traces:
  Client Component Browser:
    ./components/settings/theme-applier.tsx [Client Component Browser]
    ./components/providers.tsx [Client Component Browser]
    ./components/providers.tsx [Server Component]
    ./app/layout.tsx [Server Component]

  Client Component SSR:
    ./components/settings/theme-applier.tsx [Client Component SSR]
    ./components/providers.tsx [Client Component SSR]
    ./components/providers.tsx [Server Component]
    ./app/layout.tsx [Server Component] @ http://localhost:3005/_next/static/chunks/node_modules_next_dist_b0a279d5._.js:1945
[  325052ms] [ERROR] ./components/settings/theme-applier.tsx:4:1
Export DEFAULTS doesn't exist in target module
  2 |
  3 | import { useEffect } from 'react'
> 4 | import { applyThemeToDOM, DEFAULTS } from '@/hooks/use-settings'
    | ^^^^^^^^^^^^^^^^^^^^^^^^^^^^^^^^^^^^^^^^^^^^^^^^^^^^^^^^^^^^^^^^
  5 | import type { AppSettings } from '@/hooks/use-settings'
  6 |
  7 | // Runs once on mount across the whole app to apply persisted theme before first render flash

The export DEFAULTS was not found in module [project]/hooks/use-settings.ts [app-client] (ecmascript).
Did you mean to import useSettings?
All exports of the module are statically known (It doesn't have dynamic exports). So it's known statically that the requested export doesn't exist.

Import traces:
  Client Component Browser:
    ./components/settings/theme-applier.tsx [Client Component Browser]
    ./components/providers.tsx [Client Component Browser]
    ./components/providers.tsx [Server Component]
    ./app/layout.tsx [Server Component]

  Client Component SSR:
    ./components/settings/theme-applier.tsx [Client Component SSR]
    ./components/providers.tsx [Client Component SSR]
    ./components/providers.tsx [Server Component]
    ./app/layout.tsx [Server Component] @ http://localhost:3005/_next/static/chunks/node_modules_next_dist_b0a279d5._.js:1945
[  325053ms] [ERROR] ./components/settings/theme-applier.tsx:4:1
Export DEFAULTS doesn't exist in target module
  2 |
  3 | import { useEffect } from 'react'
> 4 | import { applyThemeToDOM, DEFAULTS } from '@/hooks/use-settings'
    | ^^^^^^^^^^^^^^^^^^^^^^^^^^^^^^^^^^^^^^^^^^^^^^^^^^^^^^^^^^^^^^^^
  5 | import type { AppSettings } from '@/hooks/use-settings'
  6 |
  7 | // Runs once on mount across the whole app to apply persisted theme before first render flash

The export DEFAULTS was not found in module [project]/hooks/use-settings.ts [app-ssr] (ecmascript).
Did you mean to import useSettings?
All exports of the module are statically known (It doesn't have dynamic exports). So it's known statically that the requested export doesn't exist.

Import traces:
  Client Component Browser:
    ./components/settings/theme-applier.tsx [Client Component Browser]
    ./components/providers.tsx [Client Component Browser]
    ./components/providers.tsx [Server Component]
    ./app/layout.tsx [Server Component]

  Client Component SSR:
    ./components/settings/theme-applier.tsx [Client Component SSR]
    ./components/providers.tsx [Client Component SSR]
    ./components/providers.tsx [Server Component]
    ./app/layout.tsx [Server Component] @ http://localhost:3005/_next/static/chunks/node_modules_next_dist_b0a279d5._.js:1945
[  325115ms] [ERROR] ./components/settings/theme-applier.tsx:4:1
Export DEFAULTS doesn't exist in target module
  2 |
  3 | import { useEffect } from 'react'
> 4 | import { applyThemeToDOM, DEFAULTS } from '@/hooks/use-settings'
    | ^^^^^^^^^^^^^^^^^^^^^^^^^^^^^^^^^^^^^^^^^^^^^^^^^^^^^^^^^^^^^^^^
  5 | import type { AppSettings } from '@/hooks/use-settings'
  6 |
  7 | // Runs once on mount across the whole app to apply persisted theme before first render flash

The export DEFAULTS was not found in module [project]/hooks/use-settings.ts [app-client] (ecmascript).
Did you mean to import useSettings?
All exports of the module are statically known (It doesn't have dynamic exports). So it's known statically that the requested export doesn't exist.

Import traces:
  Client Component Browser:
    ./components/settings/theme-applier.tsx [Client Component Browser]
    ./components/providers.tsx [Client Component Browser]
    ./components/providers.tsx [Server Component]
    ./app/layout.tsx [Server Component]

  Client Component SSR:
    ./components/settings/theme-applier.tsx [Client Component SSR]
    ./components/providers.tsx [Client Component SSR]
    ./components/providers.tsx [Server Component]
    ./app/layout.tsx [Server Component] @ http://localhost:3005/_next/static/chunks/node_modules_next_dist_b0a279d5._.js:1945
[  325116ms] [ERROR] ./components/settings/theme-applier.tsx:4:1
Export DEFAULTS doesn't exist in target module
  2 |
  3 | import { useEffect } from 'react'
> 4 | import { applyThemeToDOM, DEFAULTS } from '@/hooks/use-settings'
    | ^^^^^^^^^^^^^^^^^^^^^^^^^^^^^^^^^^^^^^^^^^^^^^^^^^^^^^^^^^^^^^^^
  5 | import type { AppSettings } from '@/hooks/use-settings'
  6 |
  7 | // Runs once on mount across the whole app to apply persisted theme before first render flash

The export DEFAULTS was not found in module [project]/hooks/use-settings.ts [app-ssr] (ecmascript).
Did you mean to import useSettings?
All exports of the module are statically known (It doesn't have dynamic exports). So it's known statically that the requested export doesn't exist.

Import traces:
  Client Component Browser:
    ./components/settings/theme-applier.tsx [Client Component Browser]
    ./components/providers.tsx [Client Component Browser]
    ./components/providers.tsx [Server Component]
    ./app/layout.tsx [Server Component]

  Client Component SSR:
    ./components/settings/theme-applier.tsx [Client Component SSR]
    ./components/providers.tsx [Client Component SSR]
    ./components/providers.tsx [Server Component]
    ./app/layout.tsx [Server Component] @ http://localhost:3005/_next/static/chunks/node_modules_next_dist_b0a279d5._.js:1945
[  325177ms] [ERROR] ./components/settings/theme-applier.tsx:4:1
Export DEFAULTS doesn't exist in target module
  2 |
  3 | import { useEffect } from 'react'
> 4 | import { applyThemeToDOM, DEFAULTS } from '@/hooks/use-settings'
    | ^^^^^^^^^^^^^^^^^^^^^^^^^^^^^^^^^^^^^^^^^^^^^^^^^^^^^^^^^^^^^^^^
  5 | import type { AppSettings } from '@/hooks/use-settings'
  6 |
  7 | // Runs once on mount across the whole app to apply persisted theme before first render flash

The export DEFAULTS was not found in module [project]/hooks/use-settings.ts [app-client] (ecmascript).
Did you mean to import useSettings?
All exports of the module are statically known (It doesn't have dynamic exports). So it's known statically that the requested export doesn't exist.

Import traces:
  Client Component Browser:
    ./components/settings/theme-applier.tsx [Client Component Browser]
    ./components/providers.tsx [Client Component Browser]
    ./components/providers.tsx [Server Component]
    ./app/layout.tsx [Server Component]

  Client Component SSR:
    ./components/settings/theme-applier.tsx [Client Component SSR]
    ./components/providers.tsx [Client Component SSR]
    ./components/providers.tsx [Server Component]
    ./app/layout.tsx [Server Component] @ http://localhost:3005/_next/static/chunks/node_modules_next_dist_b0a279d5._.js:1945
[  325178ms] [ERROR] ./components/settings/theme-applier.tsx:4:1
Export DEFAULTS doesn't exist in target module
  2 |
  3 | import { useEffect } from 'react'
> 4 | import { applyThemeToDOM, DEFAULTS } from '@/hooks/use-settings'
    | ^^^^^^^^^^^^^^^^^^^^^^^^^^^^^^^^^^^^^^^^^^^^^^^^^^^^^^^^^^^^^^^^
  5 | import type { AppSettings } from '@/hooks/use-settings'
  6 |
  7 | // Runs once on mount across the whole app to apply persisted theme before first render flash

The export DEFAULTS was not found in module [project]/hooks/use-settings.ts [app-ssr] (ecmascript).
Did you mean to import useSettings?
All exports of the module are statically known (It doesn't have dynamic exports). So it's known statically that the requested export doesn't exist.

Import traces:
  Client Component Browser:
    ./components/settings/theme-applier.tsx [Client Component Browser]
    ./components/providers.tsx [Client Component Browser]
    ./components/providers.tsx [Server Component]
    ./app/layout.tsx [Server Component]

  Client Component SSR:
    ./components/settings/theme-applier.tsx [Client Component SSR]
    ./components/providers.tsx [Client Component SSR]
    ./components/providers.tsx [Server Component]
    ./app/layout.tsx [Server Component] @ http://localhost:3005/_next/static/chunks/node_modules_next_dist_b0a279d5._.js:1945
[  325241ms] [ERROR] ./components/settings/theme-applier.tsx:4:1
Export DEFAULTS doesn't exist in target module
  2 |
  3 | import { useEffect } from 'react'
> 4 | import { applyThemeToDOM, DEFAULTS } from '@/hooks/use-settings'
    | ^^^^^^^^^^^^^^^^^^^^^^^^^^^^^^^^^^^^^^^^^^^^^^^^^^^^^^^^^^^^^^^^
  5 | import type { AppSettings } from '@/hooks/use-settings'
  6 |
  7 | // Runs once on mount across the whole app to apply persisted theme before first render flash

The export DEFAULTS was not found in module [project]/hooks/use-settings.ts [app-client] (ecmascript).
Did you mean to import useSettings?
All exports of the module are statically known (It doesn't have dynamic exports). So it's known statically that the requested export doesn't exist.

Import traces:
  Client Component Browser:
    ./components/settings/theme-applier.tsx [Client Component Browser]
    ./components/providers.tsx [Client Component Browser]
    ./components/providers.tsx [Server Component]
    ./app/layout.tsx [Server Component]

  Client Component SSR:
    ./components/settings/theme-applier.tsx [Client Component SSR]
    ./components/providers.tsx [Client Component SSR]
    ./components/providers.tsx [Server Component]
    ./app/layout.tsx [Server Component] @ http://localhost:3005/_next/static/chunks/node_modules_next_dist_b0a279d5._.js:1945
[  325241ms] [ERROR] ./components/settings/theme-applier.tsx:4:1
Export DEFAULTS doesn't exist in target module
  2 |
  3 | import { useEffect } from 'react'
> 4 | import { applyThemeToDOM, DEFAULTS } from '@/hooks/use-settings'
    | ^^^^^^^^^^^^^^^^^^^^^^^^^^^^^^^^^^^^^^^^^^^^^^^^^^^^^^^^^^^^^^^^
  5 | import type { AppSettings } from '@/hooks/use-settings'
  6 |
  7 | // Runs once on mount across the whole app to apply persisted theme before first render flash

The export DEFAULTS was not found in module [project]/hooks/use-settings.ts [app-ssr] (ecmascript).
Did you mean to import useSettings?
All exports of the module are statically known (It doesn't have dynamic exports). So it's known statically that the requested export doesn't exist.

Import traces:
  Client Component Browser:
    ./components/settings/theme-applier.tsx [Client Component Browser]
    ./components/providers.tsx [Client Component Browser]
    ./components/providers.tsx [Server Component]
    ./app/layout.tsx [Server Component]

  Client Component SSR:
    ./components/settings/theme-applier.tsx [Client Component SSR]
    ./components/providers.tsx [Client Component SSR]
    ./components/providers.tsx [Server Component]
    ./app/layout.tsx [Server Component] @ http://localhost:3005/_next/static/chunks/node_modules_next_dist_b0a279d5._.js:1945
[  325303ms] [ERROR] ./components/settings/theme-applier.tsx:4:1
Export DEFAULTS doesn't exist in target module
  2 |
  3 | import { useEffect } from 'react'
> 4 | import { applyThemeToDOM, DEFAULTS } from '@/hooks/use-settings'
    | ^^^^^^^^^^^^^^^^^^^^^^^^^^^^^^^^^^^^^^^^^^^^^^^^^^^^^^^^^^^^^^^^
  5 | import type { AppSettings } from '@/hooks/use-settings'
  6 |
  7 | // Runs once on mount across the whole app to apply persisted theme before first render flash

The export DEFAULTS was not found in module [project]/hooks/use-settings.ts [app-client] (ecmascript).
Did you mean to import useSettings?
All exports of the module are statically known (It doesn't have dynamic exports). So it's known statically that the requested export doesn't exist.

Import traces:
  Client Component Browser:
    ./components/settings/theme-applier.tsx [Client Component Browser]
    ./components/providers.tsx [Client Component Browser]
    ./components/providers.tsx [Server Component]
    ./app/layout.tsx [Server Component]

  Client Component SSR:
    ./components/settings/theme-applier.tsx [Client Component SSR]
    ./components/providers.tsx [Client Component SSR]
    ./components/providers.tsx [Server Component]
    ./app/layout.tsx [Server Component] @ http://localhost:3005/_next/static/chunks/node_modules_next_dist_b0a279d5._.js:1945
[  325303ms] [ERROR] ./components/settings/theme-applier.tsx:4:1
Export DEFAULTS doesn't exist in target module
  2 |
  3 | import { useEffect } from 'react'
> 4 | import { applyThemeToDOM, DEFAULTS } from '@/hooks/use-settings'
    | ^^^^^^^^^^^^^^^^^^^^^^^^^^^^^^^^^^^^^^^^^^^^^^^^^^^^^^^^^^^^^^^^
  5 | import type { AppSettings } from '@/hooks/use-settings'
  6 |
  7 | // Runs once on mount across the whole app to apply persisted theme before first render flash

The export DEFAULTS was not found in module [project]/hooks/use-settings.ts [app-ssr] (ecmascript).
Did you mean to import useSettings?
All exports of the module are statically known (It doesn't have dynamic exports). So it's known statically that the requested export doesn't exist.

Import traces:
  Client Component Browser:
    ./components/settings/theme-applier.tsx [Client Component Browser]
    ./components/providers.tsx [Client Component Browser]
    ./components/providers.tsx [Server Component]
    ./app/layout.tsx [Server Component]

  Client Component SSR:
    ./components/settings/theme-applier.tsx [Client Component SSR]
    ./components/providers.tsx [Client Component SSR]
    ./components/providers.tsx [Server Component]
    ./app/layout.tsx [Server Component] @ http://localhost:3005/_next/static/chunks/node_modules_next_dist_b0a279d5._.js:1945
[  325365ms] [ERROR] ./components/settings/theme-applier.tsx:4:1
Export DEFAULTS doesn't exist in target module
  2 |
  3 | import { useEffect } from 'react'
> 4 | import { applyThemeToDOM, DEFAULTS } from '@/hooks/use-settings'
    | ^^^^^^^^^^^^^^^^^^^^^^^^^^^^^^^^^^^^^^^^^^^^^^^^^^^^^^^^^^^^^^^^
  5 | import type { AppSettings } from '@/hooks/use-settings'
  6 |
  7 | // Runs once on mount across the whole app to apply persisted theme before first render flash

The export DEFAULTS was not found in module [project]/hooks/use-settings.ts [app-client] (ecmascript).
Did you mean to import useSettings?
All exports of the module are statically known (It doesn't have dynamic exports). So it's known statically that the requested export doesn't exist.

Import traces:
  Client Component Browser:
    ./components/settings/theme-applier.tsx [Client Component Browser]
    ./components/providers.tsx [Client Component Browser]
    ./components/providers.tsx [Server Component]
    ./app/layout.tsx [Server Component]

  Client Component SSR:
    ./components/settings/theme-applier.tsx [Client Component SSR]
    ./components/providers.tsx [Client Component SSR]
    ./components/providers.tsx [Server Component]
    ./app/layout.tsx [Server Component] @ http://localhost:3005/_next/static/chunks/node_modules_next_dist_b0a279d5._.js:1945
[  325365ms] [ERROR] ./components/settings/theme-applier.tsx:4:1
Export DEFAULTS doesn't exist in target module
  2 |
  3 | import { useEffect } from 'react'
> 4 | import { applyThemeToDOM, DEFAULTS } from '@/hooks/use-settings'
    | ^^^^^^^^^^^^^^^^^^^^^^^^^^^^^^^^^^^^^^^^^^^^^^^^^^^^^^^^^^^^^^^^
  5 | import type { AppSettings } from '@/hooks/use-settings'
  6 |
  7 | // Runs once on mount across the whole app to apply persisted theme before first render flash

The export DEFAULTS was not found in module [project]/hooks/use-settings.ts [app-ssr] (ecmascript).
Did you mean to import useSettings?
All exports of the module are statically known (It doesn't have dynamic exports). So it's known statically that the requested export doesn't exist.

Import traces:
  Client Component Browser:
    ./components/settings/theme-applier.tsx [Client Component Browser]
    ./components/providers.tsx [Client Component Browser]
    ./components/providers.tsx [Server Component]
    ./app/layout.tsx [Server Component]

  Client Component SSR:
    ./components/settings/theme-applier.tsx [Client Component SSR]
    ./components/providers.tsx [Client Component SSR]
    ./components/providers.tsx [Server Component]
    ./app/layout.tsx [Server Component] @ http://localhost:3005/_next/static/chunks/node_modules_next_dist_b0a279d5._.js:1945
[  325427ms] [ERROR] ./components/settings/theme-applier.tsx:4:1
Export DEFAULTS doesn't exist in target module
  2 |
  3 | import { useEffect } from 'react'
> 4 | import { applyThemeToDOM, DEFAULTS } from '@/hooks/use-settings'
    | ^^^^^^^^^^^^^^^^^^^^^^^^^^^^^^^^^^^^^^^^^^^^^^^^^^^^^^^^^^^^^^^^
  5 | import type { AppSettings } from '@/hooks/use-settings'
  6 |
  7 | // Runs once on mount across the whole app to apply persisted theme before first render flash

The export DEFAULTS was not found in module [project]/hooks/use-settings.ts [app-client] (ecmascript).
Did you mean to import useSettings?
All exports of the module are statically known (It doesn't have dynamic exports). So it's known statically that the requested export doesn't exist.

Import traces:
  Client Component Browser:
    ./components/settings/theme-applier.tsx [Client Component Browser]
    ./components/providers.tsx [Client Component Browser]
    ./components/providers.tsx [Server Component]
    ./app/layout.tsx [Server Component]

  Client Component SSR:
    ./components/settings/theme-applier.tsx [Client Component SSR]
    ./components/providers.tsx [Client Component SSR]
    ./components/providers.tsx [Server Component]
    ./app/layout.tsx [Server Component] @ http://localhost:3005/_next/static/chunks/node_modules_next_dist_b0a279d5._.js:1945
[  325427ms] [ERROR] ./components/settings/theme-applier.tsx:4:1
Export DEFAULTS doesn't exist in target module
  2 |
  3 | import { useEffect } from 'react'
> 4 | import { applyThemeToDOM, DEFAULTS } from '@/hooks/use-settings'
    | ^^^^^^^^^^^^^^^^^^^^^^^^^^^^^^^^^^^^^^^^^^^^^^^^^^^^^^^^^^^^^^^^
  5 | import type { AppSettings } from '@/hooks/use-settings'
  6 |
  7 | // Runs once on mount across the whole app to apply persisted theme before first render flash

The export DEFAULTS was not found in module [project]/hooks/use-settings.ts [app-ssr] (ecmascript).
Did you mean to import useSettings?
All exports of the module are statically known (It doesn't have dynamic exports). So it's known statically that the requested export doesn't exist.

Import traces:
  Client Component Browser:
    ./components/settings/theme-applier.tsx [Client Component Browser]
    ./components/providers.tsx [Client Component Browser]
    ./components/providers.tsx [Server Component]
    ./app/layout.tsx [Server Component]

  Client Component SSR:
    ./components/settings/theme-applier.tsx [Client Component SSR]
    ./components/providers.tsx [Client Component SSR]
    ./components/providers.tsx [Server Component]
    ./app/layout.tsx [Server Component] @ http://localhost:3005/_next/static/chunks/node_modules_next_dist_b0a279d5._.js:1945
[  325489ms] [ERROR] ./components/settings/theme-applier.tsx:4:1
Export DEFAULTS doesn't exist in target module
  2 |
  3 | import { useEffect } from 'react'
> 4 | import { applyThemeToDOM, DEFAULTS } from '@/hooks/use-settings'
    | ^^^^^^^^^^^^^^^^^^^^^^^^^^^^^^^^^^^^^^^^^^^^^^^^^^^^^^^^^^^^^^^^
  5 | import type { AppSettings } from '@/hooks/use-settings'
  6 |
  7 | // Runs once on mount across the whole app to apply persisted theme before first render flash

The export DEFAULTS was not found in module [project]/hooks/use-settings.ts [app-client] (ecmascript).
Did you mean to import useSettings?
All exports of the module are statically known (It doesn't have dynamic exports). So it's known statically that the requested export doesn't exist.

Import traces:
  Client Component Browser:
    ./components/settings/theme-applier.tsx [Client Component Browser]
    ./components/providers.tsx [Client Component Browser]
    ./components/providers.tsx [Server Component]
    ./app/layout.tsx [Server Component]

  Client Component SSR:
    ./components/settings/theme-applier.tsx [Client Component SSR]
    ./components/providers.tsx [Client Component SSR]
    ./components/providers.tsx [Server Component]
    ./app/layout.tsx [Server Component] @ http://localhost:3005/_next/static/chunks/node_modules_next_dist_b0a279d5._.js:1945
[  325489ms] [ERROR] ./components/settings/theme-applier.tsx:4:1
Export DEFAULTS doesn't exist in target module
  2 |
  3 | import { useEffect } from 'react'
> 4 | import { applyThemeToDOM, DEFAULTS } from '@/hooks/use-settings'
    | ^^^^^^^^^^^^^^^^^^^^^^^^^^^^^^^^^^^^^^^^^^^^^^^^^^^^^^^^^^^^^^^^
  5 | import type { AppSettings } from '@/hooks/use-settings'
  6 |
  7 | // Runs once on mount across the whole app to apply persisted theme before first render flash

The export DEFAULTS was not found in module [project]/hooks/use-settings.ts [app-ssr] (ecmascript).
Did you mean to import useSettings?
All exports of the module are statically known (It doesn't have dynamic exports). So it's known statically that the requested export doesn't exist.

Import traces:
  Client Component Browser:
    ./components/settings/theme-applier.tsx [Client Component Browser]
    ./components/providers.tsx [Client Component Browser]
    ./components/providers.tsx [Server Component]
    ./app/layout.tsx [Server Component]

  Client Component SSR:
    ./components/settings/theme-applier.tsx [Client Component SSR]
    ./components/providers.tsx [Client Component SSR]
    ./components/providers.tsx [Server Component]
    ./app/layout.tsx [Server Component] @ http://localhost:3005/_next/static/chunks/node_modules_next_dist_b0a279d5._.js:1945
[  325552ms] [ERROR] ./components/settings/theme-applier.tsx:4:1
Export DEFAULTS doesn't exist in target module
  2 |
  3 | import { useEffect } from 'react'
> 4 | import { applyThemeToDOM, DEFAULTS } from '@/hooks/use-settings'
    | ^^^^^^^^^^^^^^^^^^^^^^^^^^^^^^^^^^^^^^^^^^^^^^^^^^^^^^^^^^^^^^^^
  5 | import type { AppSettings } from '@/hooks/use-settings'
  6 |
  7 | // Runs once on mount across the whole app to apply persisted theme before first render flash

The export DEFAULTS was not found in module [project]/hooks/use-settings.ts [app-client] (ecmascript).
Did you mean to import useSettings?
All exports of the module are statically known (It doesn't have dynamic exports). So it's known statically that the requested export doesn't exist.

Import traces:
  Client Component Browser:
    ./components/settings/theme-applier.tsx [Client Component Browser]
    ./components/providers.tsx [Client Component Browser]
    ./components/providers.tsx [Server Component]
    ./app/layout.tsx [Server Component]

  Client Component SSR:
    ./components/settings/theme-applier.tsx [Client Component SSR]
    ./components/providers.tsx [Client Component SSR]
    ./components/providers.tsx [Server Component]
    ./app/layout.tsx [Server Component] @ http://localhost:3005/_next/static/chunks/node_modules_next_dist_b0a279d5._.js:1945
[  325552ms] [ERROR] ./components/settings/theme-applier.tsx:4:1
Export DEFAULTS doesn't exist in target module
  2 |
  3 | import { useEffect } from 'react'
> 4 | import { applyThemeToDOM, DEFAULTS } from '@/hooks/use-settings'
    | ^^^^^^^^^^^^^^^^^^^^^^^^^^^^^^^^^^^^^^^^^^^^^^^^^^^^^^^^^^^^^^^^
  5 | import type { AppSettings } from '@/hooks/use-settings'
  6 |
  7 | // Runs once on mount across the whole app to apply persisted theme before first render flash

The export DEFAULTS was not found in module [project]/hooks/use-settings.ts [app-ssr] (ecmascript).
Did you mean to import useSettings?
All exports of the module are statically known (It doesn't have dynamic exports). So it's known statically that the requested export doesn't exist.

Import traces:
  Client Component Browser:
    ./components/settings/theme-applier.tsx [Client Component Browser]
    ./components/providers.tsx [Client Component Browser]
    ./components/providers.tsx [Server Component]
    ./app/layout.tsx [Server Component]

  Client Component SSR:
    ./components/settings/theme-applier.tsx [Client Component SSR]
    ./components/providers.tsx [Client Component SSR]
    ./components/providers.tsx [Server Component]
    ./app/layout.tsx [Server Component] @ http://localhost:3005/_next/static/chunks/node_modules_next_dist_b0a279d5._.js:1945
[  325613ms] [ERROR] ./components/settings/theme-applier.tsx:4:1
Export DEFAULTS doesn't exist in target module
  2 |
  3 | import { useEffect } from 'react'
> 4 | import { applyThemeToDOM, DEFAULTS } from '@/hooks/use-settings'
    | ^^^^^^^^^^^^^^^^^^^^^^^^^^^^^^^^^^^^^^^^^^^^^^^^^^^^^^^^^^^^^^^^
  5 | import type { AppSettings } from '@/hooks/use-settings'
  6 |
  7 | // Runs once on mount across the whole app to apply persisted theme before first render flash

The export DEFAULTS was not found in module [project]/hooks/use-settings.ts [app-client] (ecmascript).
Did you mean to import useSettings?
All exports of the module are statically known (It doesn't have dynamic exports). So it's known statically that the requested export doesn't exist.

Import traces:
  Client Component Browser:
    ./components/settings/theme-applier.tsx [Client Component Browser]
    ./components/providers.tsx [Client Component Browser]
    ./components/providers.tsx [Server Component]
    ./app/layout.tsx [Server Component]

  Client Component SSR:
    ./components/settings/theme-applier.tsx [Client Component SSR]
    ./components/providers.tsx [Client Component SSR]
    ./components/providers.tsx [Server Component]
    ./app/layout.tsx [Server Component] @ http://localhost:3005/_next/static/chunks/node_modules_next_dist_b0a279d5._.js:1945
[  325613ms] [ERROR] ./components/settings/theme-applier.tsx:4:1
Export DEFAULTS doesn't exist in target module
  2 |
  3 | import { useEffect } from 'react'
> 4 | import { applyThemeToDOM, DEFAULTS } from '@/hooks/use-settings'
    | ^^^^^^^^^^^^^^^^^^^^^^^^^^^^^^^^^^^^^^^^^^^^^^^^^^^^^^^^^^^^^^^^
  5 | import type { AppSettings } from '@/hooks/use-settings'
  6 |
  7 | // Runs once on mount across the whole app to apply persisted theme before first render flash

The export DEFAULTS was not found in module [project]/hooks/use-settings.ts [app-ssr] (ecmascript).
Did you mean to import useSettings?
All exports of the module are statically known (It doesn't have dynamic exports). So it's known statically that the requested export doesn't exist.

Import traces:
  Client Component Browser:
    ./components/settings/theme-applier.tsx [Client Component Browser]
    ./components/providers.tsx [Client Component Browser]
    ./components/providers.tsx [Server Component]
    ./app/layout.tsx [Server Component]

  Client Component SSR:
    ./components/settings/theme-applier.tsx [Client Component SSR]
    ./components/providers.tsx [Client Component SSR]
    ./components/providers.tsx [Server Component]
    ./app/layout.tsx [Server Component] @ http://localhost:3005/_next/static/chunks/node_modules_next_dist_b0a279d5._.js:1945
[  325676ms] [ERROR] ./components/settings/theme-applier.tsx:4:1
Export DEFAULTS doesn't exist in target module
  2 |
  3 | import { useEffect } from 'react'
> 4 | import { applyThemeToDOM, DEFAULTS } from '@/hooks/use-settings'
    | ^^^^^^^^^^^^^^^^^^^^^^^^^^^^^^^^^^^^^^^^^^^^^^^^^^^^^^^^^^^^^^^^
  5 | import type { AppSettings } from '@/hooks/use-settings'
  6 |
  7 | // Runs once on mount across the whole app to apply persisted theme before first render flash

The export DEFAULTS was not found in module [project]/hooks/use-settings.ts [app-client] (ecmascript).
Did you mean to import useSettings?
All exports of the module are statically known (It doesn't have dynamic exports). So it's known statically that the requested export doesn't exist.

Import traces:
  Client Component Browser:
    ./components/settings/theme-applier.tsx [Client Component Browser]
    ./components/providers.tsx [Client Component Browser]
    ./components/providers.tsx [Server Component]
    ./app/layout.tsx [Server Component]

  Client Component SSR:
    ./components/settings/theme-applier.tsx [Client Component SSR]
    ./components/providers.tsx [Client Component SSR]
    ./components/providers.tsx [Server Component]
    ./app/layout.tsx [Server Component] @ http://localhost:3005/_next/static/chunks/node_modules_next_dist_b0a279d5._.js:1945
[  325676ms] [ERROR] ./components/settings/theme-applier.tsx:4:1
Export DEFAULTS doesn't exist in target module
  2 |
  3 | import { useEffect } from 'react'
> 4 | import { applyThemeToDOM, DEFAULTS } from '@/hooks/use-settings'
    | ^^^^^^^^^^^^^^^^^^^^^^^^^^^^^^^^^^^^^^^^^^^^^^^^^^^^^^^^^^^^^^^^
  5 | import type { AppSettings } from '@/hooks/use-settings'
  6 |
  7 | // Runs once on mount across the whole app to apply persisted theme before first render flash

The export DEFAULTS was not found in module [project]/hooks/use-settings.ts [app-ssr] (ecmascript).
Did you mean to import useSettings?
All exports of the module are statically known (It doesn't have dynamic exports). So it's known statically that the requested export doesn't exist.

Import traces:
  Client Component Browser:
    ./components/settings/theme-applier.tsx [Client Component Browser]
    ./components/providers.tsx [Client Component Browser]
    ./components/providers.tsx [Server Component]
    ./app/layout.tsx [Server Component]

  Client Component SSR:
    ./components/settings/theme-applier.tsx [Client Component SSR]
    ./components/providers.tsx [Client Component SSR]
    ./components/providers.tsx [Server Component]
    ./app/layout.tsx [Server Component] @ http://localhost:3005/_next/static/chunks/node_modules_next_dist_b0a279d5._.js:1945
[  325737ms] [ERROR] ./components/settings/theme-applier.tsx:4:1
Export DEFAULTS doesn't exist in target module
  2 |
  3 | import { useEffect } from 'react'
> 4 | import { applyThemeToDOM, DEFAULTS } from '@/hooks/use-settings'
    | ^^^^^^^^^^^^^^^^^^^^^^^^^^^^^^^^^^^^^^^^^^^^^^^^^^^^^^^^^^^^^^^^
  5 | import type { AppSettings } from '@/hooks/use-settings'
  6 |
  7 | // Runs once on mount across the whole app to apply persisted theme before first render flash

The export DEFAULTS was not found in module [project]/hooks/use-settings.ts [app-client] (ecmascript).
Did you mean to import useSettings?
All exports of the module are statically known (It doesn't have dynamic exports). So it's known statically that the requested export doesn't exist.

Import traces:
  Client Component Browser:
    ./components/settings/theme-applier.tsx [Client Component Browser]
    ./components/providers.tsx [Client Component Browser]
    ./components/providers.tsx [Server Component]
    ./app/layout.tsx [Server Component]

  Client Component SSR:
    ./components/settings/theme-applier.tsx [Client Component SSR]
    ./components/providers.tsx [Client Component SSR]
    ./components/providers.tsx [Server Component]
    ./app/layout.tsx [Server Component] @ http://localhost:3005/_next/static/chunks/node_modules_next_dist_b0a279d5._.js:1945
[  325738ms] [ERROR] ./components/settings/theme-applier.tsx:4:1
Export DEFAULTS doesn't exist in target module
  2 |
  3 | import { useEffect } from 'react'
> 4 | import { applyThemeToDOM, DEFAULTS } from '@/hooks/use-settings'
    | ^^^^^^^^^^^^^^^^^^^^^^^^^^^^^^^^^^^^^^^^^^^^^^^^^^^^^^^^^^^^^^^^
  5 | import type { AppSettings } from '@/hooks/use-settings'
  6 |
  7 | // Runs once on mount across the whole app to apply persisted theme before first render flash

The export DEFAULTS was not found in module [project]/hooks/use-settings.ts [app-ssr] (ecmascript).
Did you mean to import useSettings?
All exports of the module are statically known (It doesn't have dynamic exports). So it's known statically that the requested export doesn't exist.

Import traces:
  Client Component Browser:
    ./components/settings/theme-applier.tsx [Client Component Browser]
    ./components/providers.tsx [Client Component Browser]
    ./components/providers.tsx [Server Component]
    ./app/layout.tsx [Server Component]

  Client Component SSR:
    ./components/settings/theme-applier.tsx [Client Component SSR]
    ./components/providers.tsx [Client Component SSR]
    ./components/providers.tsx [Server Component]
    ./app/layout.tsx [Server Component] @ http://localhost:3005/_next/static/chunks/node_modules_next_dist_b0a279d5._.js:1945
[  325800ms] [ERROR] ./components/settings/theme-applier.tsx:4:1
Export DEFAULTS doesn't exist in target module
  2 |
  3 | import { useEffect } from 'react'
> 4 | import { applyThemeToDOM, DEFAULTS } from '@/hooks/use-settings'
    | ^^^^^^^^^^^^^^^^^^^^^^^^^^^^^^^^^^^^^^^^^^^^^^^^^^^^^^^^^^^^^^^^
  5 | import type { AppSettings } from '@/hooks/use-settings'
  6 |
  7 | // Runs once on mount across the whole app to apply persisted theme before first render flash

The export DEFAULTS was not found in module [project]/hooks/use-settings.ts [app-client] (ecmascript).
Did you mean to import useSettings?
All exports of the module are statically known (It doesn't have dynamic exports). So it's known statically that the requested export doesn't exist.

Import traces:
  Client Component Browser:
    ./components/settings/theme-applier.tsx [Client Component Browser]
    ./components/providers.tsx [Client Component Browser]
    ./components/providers.tsx [Server Component]
    ./app/layout.tsx [Server Component]

  Client Component SSR:
    ./components/settings/theme-applier.tsx [Client Component SSR]
    ./components/providers.tsx [Client Component SSR]
    ./components/providers.tsx [Server Component]
    ./app/layout.tsx [Server Component] @ http://localhost:3005/_next/static/chunks/node_modules_next_dist_b0a279d5._.js:1945
[  325801ms] [ERROR] ./components/settings/theme-applier.tsx:4:1
Export DEFAULTS doesn't exist in target module
  2 |
  3 | import { useEffect } from 'react'
> 4 | import { applyThemeToDOM, DEFAULTS } from '@/hooks/use-settings'
    | ^^^^^^^^^^^^^^^^^^^^^^^^^^^^^^^^^^^^^^^^^^^^^^^^^^^^^^^^^^^^^^^^
  5 | import type { AppSettings } from '@/hooks/use-settings'
  6 |
  7 | // Runs once on mount across the whole app to apply persisted theme before first render flash

The export DEFAULTS was not found in module [project]/hooks/use-settings.ts [app-ssr] (ecmascript).
Did you mean to import useSettings?
All exports of the module are statically known (It doesn't have dynamic exports). So it's known statically that the requested export doesn't exist.

Import traces:
  Client Component Browser:
    ./components/settings/theme-applier.tsx [Client Component Browser]
    ./components/providers.tsx [Client Component Browser]
    ./components/providers.tsx [Server Component]
    ./app/layout.tsx [Server Component]

  Client Component SSR:
    ./components/settings/theme-applier.tsx [Client Component SSR]
    ./components/providers.tsx [Client Component SSR]
    ./components/providers.tsx [Server Component]
    ./app/layout.tsx [Server Component] @ http://localhost:3005/_next/static/chunks/node_modules_next_dist_b0a279d5._.js:1945
[  325862ms] [ERROR] ./components/settings/theme-applier.tsx:4:1
Export DEFAULTS doesn't exist in target module
  2 |
  3 | import { useEffect } from 'react'
> 4 | import { applyThemeToDOM, DEFAULTS } from '@/hooks/use-settings'
    | ^^^^^^^^^^^^^^^^^^^^^^^^^^^^^^^^^^^^^^^^^^^^^^^^^^^^^^^^^^^^^^^^
  5 | import type { AppSettings } from '@/hooks/use-settings'
  6 |
  7 | // Runs once on mount across the whole app to apply persisted theme before first render flash

The export DEFAULTS was not found in module [project]/hooks/use-settings.ts [app-client] (ecmascript).
Did you mean to import useSettings?
All exports of the module are statically known (It doesn't have dynamic exports). So it's known statically that the requested export doesn't exist.

Import traces:
  Client Component Browser:
    ./components/settings/theme-applier.tsx [Client Component Browser]
    ./components/providers.tsx [Client Component Browser]
    ./components/providers.tsx [Server Component]
    ./app/layout.tsx [Server Component]

  Client Component SSR:
    ./components/settings/theme-applier.tsx [Client Component SSR]
    ./components/providers.tsx [Client Component SSR]
    ./components/providers.tsx [Server Component]
    ./app/layout.tsx [Server Component] @ http://localhost:3005/_next/static/chunks/node_modules_next_dist_b0a279d5._.js:1945
[  325862ms] [ERROR] ./components/settings/theme-applier.tsx:4:1
Export DEFAULTS doesn't exist in target module
  2 |
  3 | import { useEffect } from 'react'
> 4 | import { applyThemeToDOM, DEFAULTS } from '@/hooks/use-settings'
    | ^^^^^^^^^^^^^^^^^^^^^^^^^^^^^^^^^^^^^^^^^^^^^^^^^^^^^^^^^^^^^^^^
  5 | import type { AppSettings } from '@/hooks/use-settings'
  6 |
  7 | // Runs once on mount across the whole app to apply persisted theme before first render flash

The export DEFAULTS was not found in module [project]/hooks/use-settings.ts [app-ssr] (ecmascript).
Did you mean to import useSettings?
All exports of the module are statically known (It doesn't have dynamic exports). So it's known statically that the requested export doesn't exist.

Import traces:
  Client Component Browser:
    ./components/settings/theme-applier.tsx [Client Component Browser]
    ./components/providers.tsx [Client Component Browser]
    ./components/providers.tsx [Server Component]
    ./app/layout.tsx [Server Component]

  Client Component SSR:
    ./components/settings/theme-applier.tsx [Client Component SSR]
    ./components/providers.tsx [Client Component SSR]
    ./components/providers.tsx [Server Component]
    ./app/layout.tsx [Server Component] @ http://localhost:3005/_next/static/chunks/node_modules_next_dist_b0a279d5._.js:1945
[  325925ms] [ERROR] ./components/settings/theme-applier.tsx:4:1
Export DEFAULTS doesn't exist in target module
  2 |
  3 | import { useEffect } from 'react'
> 4 | import { applyThemeToDOM, DEFAULTS } from '@/hooks/use-settings'
    | ^^^^^^^^^^^^^^^^^^^^^^^^^^^^^^^^^^^^^^^^^^^^^^^^^^^^^^^^^^^^^^^^
  5 | import type { AppSettings } from '@/hooks/use-settings'
  6 |
  7 | // Runs once on mount across the whole app to apply persisted theme before first render flash

The export DEFAULTS was not found in module [project]/hooks/use-settings.ts [app-client] (ecmascript).
Did you mean to import useSettings?
All exports of the module are statically known (It doesn't have dynamic exports). So it's known statically that the requested export doesn't exist.

Import traces:
  Client Component Browser:
    ./components/settings/theme-applier.tsx [Client Component Browser]
    ./components/providers.tsx [Client Component Browser]
    ./components/providers.tsx [Server Component]
    ./app/layout.tsx [Server Component]

  Client Component SSR:
    ./components/settings/theme-applier.tsx [Client Component SSR]
    ./components/providers.tsx [Client Component SSR]
    ./components/providers.tsx [Server Component]
    ./app/layout.tsx [Server Component] @ http://localhost:3005/_next/static/chunks/node_modules_next_dist_b0a279d5._.js:1945
[  325925ms] [ERROR] ./components/settings/theme-applier.tsx:4:1
Export DEFAULTS doesn't exist in target module
  2 |
  3 | import { useEffect } from 'react'
> 4 | import { applyThemeToDOM, DEFAULTS } from '@/hooks/use-settings'
    | ^^^^^^^^^^^^^^^^^^^^^^^^^^^^^^^^^^^^^^^^^^^^^^^^^^^^^^^^^^^^^^^^
  5 | import type { AppSettings } from '@/hooks/use-settings'
  6 |
  7 | // Runs once on mount across the whole app to apply persisted theme before first render flash

The export DEFAULTS was not found in module [project]/hooks/use-settings.ts [app-ssr] (ecmascript).
Did you mean to import useSettings?
All exports of the module are statically known (It doesn't have dynamic exports). So it's known statically that the requested export doesn't exist.

Import traces:
  Client Component Browser:
    ./components/settings/theme-applier.tsx [Client Component Browser]
    ./components/providers.tsx [Client Component Browser]
    ./components/providers.tsx [Server Component]
    ./app/layout.tsx [Server Component]

  Client Component SSR:
    ./components/settings/theme-applier.tsx [Client Component SSR]
    ./components/providers.tsx [Client Component SSR]
    ./components/providers.tsx [Server Component]
    ./app/layout.tsx [Server Component] @ http://localhost:3005/_next/static/chunks/node_modules_next_dist_b0a279d5._.js:1945
[  325987ms] [ERROR] ./components/settings/theme-applier.tsx:4:1
Export DEFAULTS doesn't exist in target module
  2 |
  3 | import { useEffect } from 'react'
> 4 | import { applyThemeToDOM, DEFAULTS } from '@/hooks/use-settings'
    | ^^^^^^^^^^^^^^^^^^^^^^^^^^^^^^^^^^^^^^^^^^^^^^^^^^^^^^^^^^^^^^^^
  5 | import type { AppSettings } from '@/hooks/use-settings'
  6 |
  7 | // Runs once on mount across the whole app to apply persisted theme before first render flash

The export DEFAULTS was not found in module [project]/hooks/use-settings.ts [app-client] (ecmascript).
Did you mean to import useSettings?
All exports of the module are statically known (It doesn't have dynamic exports). So it's known statically that the requested export doesn't exist.

Import traces:
  Client Component Browser:
    ./components/settings/theme-applier.tsx [Client Component Browser]
    ./components/providers.tsx [Client Component Browser]
    ./components/providers.tsx [Server Component]
    ./app/layout.tsx [Server Component]

  Client Component SSR:
    ./components/settings/theme-applier.tsx [Client Component SSR]
    ./components/providers.tsx [Client Component SSR]
    ./components/providers.tsx [Server Component]
    ./app/layout.tsx [Server Component] @ http://localhost:3005/_next/static/chunks/node_modules_next_dist_b0a279d5._.js:1945
[  325987ms] [ERROR] ./components/settings/theme-applier.tsx:4:1
Export DEFAULTS doesn't exist in target module
  2 |
  3 | import { useEffect } from 'react'
> 4 | import { applyThemeToDOM, DEFAULTS } from '@/hooks/use-settings'
    | ^^^^^^^^^^^^^^^^^^^^^^^^^^^^^^^^^^^^^^^^^^^^^^^^^^^^^^^^^^^^^^^^
  5 | import type { AppSettings } from '@/hooks/use-settings'
  6 |
  7 | // Runs once on mount across the whole app to apply persisted theme before first render flash

The export DEFAULTS was not found in module [project]/hooks/use-settings.ts [app-ssr] (ecmascript).
Did you mean to import useSettings?
All exports of the module are statically known (It doesn't have dynamic exports). So it's known statically that the requested export doesn't exist.

Import traces:
  Client Component Browser:
    ./components/settings/theme-applier.tsx [Client Component Browser]
    ./components/providers.tsx [Client Component Browser]
    ./components/providers.tsx [Server Component]
    ./app/layout.tsx [Server Component]

  Client Component SSR:
    ./components/settings/theme-applier.tsx [Client Component SSR]
    ./components/providers.tsx [Client Component SSR]
    ./components/providers.tsx [Server Component]
    ./app/layout.tsx [Server Component] @ http://localhost:3005/_next/static/chunks/node_modules_next_dist_b0a279d5._.js:1945
[  326050ms] [ERROR] ./components/settings/theme-applier.tsx:4:1
Export DEFAULTS doesn't exist in target module
  2 |
  3 | import { useEffect } from 'react'
> 4 | import { applyThemeToDOM, DEFAULTS } from '@/hooks/use-settings'
    | ^^^^^^^^^^^^^^^^^^^^^^^^^^^^^^^^^^^^^^^^^^^^^^^^^^^^^^^^^^^^^^^^
  5 | import type { AppSettings } from '@/hooks/use-settings'
  6 |
  7 | // Runs once on mount across the whole app to apply persisted theme before first render flash

The export DEFAULTS was not found in module [project]/hooks/use-settings.ts [app-client] (ecmascript).
Did you mean to import useSettings?
All exports of the module are statically known (It doesn't have dynamic exports). So it's known statically that the requested export doesn't exist.

Import traces:
  Client Component Browser:
    ./components/settings/theme-applier.tsx [Client Component Browser]
    ./components/providers.tsx [Client Component Browser]
    ./components/providers.tsx [Server Component]
    ./app/layout.tsx [Server Component]

  Client Component SSR:
    ./components/settings/theme-applier.tsx [Client Component SSR]
    ./components/providers.tsx [Client Component SSR]
    ./components/providers.tsx [Server Component]
    ./app/layout.tsx [Server Component] @ http://localhost:3005/_next/static/chunks/node_modules_next_dist_b0a279d5._.js:1945
[  326050ms] [ERROR] ./components/settings/theme-applier.tsx:4:1
Export DEFAULTS doesn't exist in target module
  2 |
  3 | import { useEffect } from 'react'
> 4 | import { applyThemeToDOM, DEFAULTS } from '@/hooks/use-settings'
    | ^^^^^^^^^^^^^^^^^^^^^^^^^^^^^^^^^^^^^^^^^^^^^^^^^^^^^^^^^^^^^^^^
  5 | import type { AppSettings } from '@/hooks/use-settings'
  6 |
  7 | // Runs once on mount across the whole app to apply persisted theme before first render flash

The export DEFAULTS was not found in module [project]/hooks/use-settings.ts [app-ssr] (ecmascript).
Did you mean to import useSettings?
All exports of the module are statically known (It doesn't have dynamic exports). So it's known statically that the requested export doesn't exist.

Import traces:
  Client Component Browser:
    ./components/settings/theme-applier.tsx [Client Component Browser]
    ./components/providers.tsx [Client Component Browser]
    ./components/providers.tsx [Server Component]
    ./app/layout.tsx [Server Component]

  Client Component SSR:
    ./components/settings/theme-applier.tsx [Client Component SSR]
    ./components/providers.tsx [Client Component SSR]
    ./components/providers.tsx [Server Component]
    ./app/layout.tsx [Server Component] @ http://localhost:3005/_next/static/chunks/node_modules_next_dist_b0a279d5._.js:1945
[  326111ms] [ERROR] ./components/settings/theme-applier.tsx:4:1
Export DEFAULTS doesn't exist in target module
  2 |
  3 | import { useEffect } from 'react'
> 4 | import { applyThemeToDOM, DEFAULTS } from '@/hooks/use-settings'
    | ^^^^^^^^^^^^^^^^^^^^^^^^^^^^^^^^^^^^^^^^^^^^^^^^^^^^^^^^^^^^^^^^
  5 | import type { AppSettings } from '@/hooks/use-settings'
  6 |
  7 | // Runs once on mount across the whole app to apply persisted theme before first render flash

The export DEFAULTS was not found in module [project]/hooks/use-settings.ts [app-client] (ecmascript).
Did you mean to import useSettings?
All exports of the module are statically known (It doesn't have dynamic exports). So it's known statically that the requested export doesn't exist.

Import traces:
  Client Component Browser:
    ./components/settings/theme-applier.tsx [Client Component Browser]
    ./components/providers.tsx [Client Component Browser]
    ./components/providers.tsx [Server Component]
    ./app/layout.tsx [Server Component]

  Client Component SSR:
    ./components/settings/theme-applier.tsx [Client Component SSR]
    ./components/providers.tsx [Client Component SSR]
    ./components/providers.tsx [Server Component]
    ./app/layout.tsx [Server Component] @ http://localhost:3005/_next/static/chunks/node_modules_next_dist_b0a279d5._.js:1945
[  326111ms] [ERROR] ./components/settings/theme-applier.tsx:4:1
Export DEFAULTS doesn't exist in target module
  2 |
  3 | import { useEffect } from 'react'
> 4 | import { applyThemeToDOM, DEFAULTS } from '@/hooks/use-settings'
    | ^^^^^^^^^^^^^^^^^^^^^^^^^^^^^^^^^^^^^^^^^^^^^^^^^^^^^^^^^^^^^^^^
  5 | import type { AppSettings } from '@/hooks/use-settings'
  6 |
  7 | // Runs once on mount across the whole app to apply persisted theme before first render flash

The export DEFAULTS was not found in module [project]/hooks/use-settings.ts [app-ssr] (ecmascript).
Did you mean to import useSettings?
All exports of the module are statically known (It doesn't have dynamic exports). So it's known statically that the requested export doesn't exist.

Import traces:
  Client Component Browser:
    ./components/settings/theme-applier.tsx [Client Component Browser]
    ./components/providers.tsx [Client Component Browser]
    ./components/providers.tsx [Server Component]
    ./app/layout.tsx [Server Component]

  Client Component SSR:
    ./components/settings/theme-applier.tsx [Client Component SSR]
    ./components/providers.tsx [Client Component SSR]
    ./components/providers.tsx [Server Component]
    ./app/layout.tsx [Server Component] @ http://localhost:3005/_next/static/chunks/node_modules_next_dist_b0a279d5._.js:1945
[  326174ms] [ERROR] ./components/settings/theme-applier.tsx:4:1
Export DEFAULTS doesn't exist in target module
  2 |
  3 | import { useEffect } from 'react'
> 4 | import { applyThemeToDOM, DEFAULTS } from '@/hooks/use-settings'
    | ^^^^^^^^^^^^^^^^^^^^^^^^^^^^^^^^^^^^^^^^^^^^^^^^^^^^^^^^^^^^^^^^
  5 | import type { AppSettings } from '@/hooks/use-settings'
  6 |
  7 | // Runs once on mount across the whole app to apply persisted theme before first render flash

The export DEFAULTS was not found in module [project]/hooks/use-settings.ts [app-client] (ecmascript).
Did you mean to import useSettings?
All exports of the module are statically known (It doesn't have dynamic exports). So it's known statically that the requested export doesn't exist.

Import traces:
  Client Component Browser:
    ./components/settings/theme-applier.tsx [Client Component Browser]
    ./components/providers.tsx [Client Component Browser]
    ./components/providers.tsx [Server Component]
    ./app/layout.tsx [Server Component]

  Client Component SSR:
    ./components/settings/theme-applier.tsx [Client Component SSR]
    ./components/providers.tsx [Client Component SSR]
    ./components/providers.tsx [Server Component]
    ./app/layout.tsx [Server Component] @ http://localhost:3005/_next/static/chunks/node_modules_next_dist_b0a279d5._.js:1945
[  326174ms] [ERROR] ./components/settings/theme-applier.tsx:4:1
Export DEFAULTS doesn't exist in target module
  2 |
  3 | import { useEffect } from 'react'
> 4 | import { applyThemeToDOM, DEFAULTS } from '@/hooks/use-settings'
    | ^^^^^^^^^^^^^^^^^^^^^^^^^^^^^^^^^^^^^^^^^^^^^^^^^^^^^^^^^^^^^^^^
  5 | import type { AppSettings } from '@/hooks/use-settings'
  6 |
  7 | // Runs once on mount across the whole app to apply persisted theme before first render flash

The export DEFAULTS was not found in module [project]/hooks/use-settings.ts [app-ssr] (ecmascript).
Did you mean to import useSettings?
All exports of the module are statically known (It doesn't have dynamic exports). So it's known statically that the requested export doesn't exist.

Import traces:
  Client Component Browser:
    ./components/settings/theme-applier.tsx [Client Component Browser]
    ./components/providers.tsx [Client Component Browser]
    ./components/providers.tsx [Server Component]
    ./app/layout.tsx [Server Component]

  Client Component SSR:
    ./components/settings/theme-applier.tsx [Client Component SSR]
    ./components/providers.tsx [Client Component SSR]
    ./components/providers.tsx [Server Component]
    ./app/layout.tsx [Server Component] @ http://localhost:3005/_next/static/chunks/node_modules_next_dist_b0a279d5._.js:1945
[  326253ms] [ERROR] ./components/settings/theme-applier.tsx:4:1
Export DEFAULTS doesn't exist in target module
  2 |
  3 | import { useEffect } from 'react'
> 4 | import { applyThemeToDOM, DEFAULTS } from '@/hooks/use-settings'
    | ^^^^^^^^^^^^^^^^^^^^^^^^^^^^^^^^^^^^^^^^^^^^^^^^^^^^^^^^^^^^^^^^
  5 | import type { AppSettings } from '@/hooks/use-settings'
  6 |
  7 | // Runs once on mount across the whole app to apply persisted theme before first render flash

The export DEFAULTS was not found in module [project]/hooks/use-settings.ts [app-client] (ecmascript).
Did you mean to import useSettings?
All exports of the module are statically known (It doesn't have dynamic exports). So it's known statically that the requested export doesn't exist.

Import traces:
  Client Component Browser:
    ./components/settings/theme-applier.tsx [Client Component Browser]
    ./components/providers.tsx [Client Component Browser]
    ./components/providers.tsx [Server Component]
    ./app/layout.tsx [Server Component]

  Client Component SSR:
    ./components/settings/theme-applier.tsx [Client Component SSR]
    ./components/providers.tsx [Client Component SSR]
    ./components/providers.tsx [Server Component]
    ./app/layout.tsx [Server Component] @ http://localhost:3005/_next/static/chunks/node_modules_next_dist_b0a279d5._.js:1945
[  326253ms] [ERROR] ./components/settings/theme-applier.tsx:4:1
Export DEFAULTS doesn't exist in target module
  2 |
  3 | import { useEffect } from 'react'
> 4 | import { applyThemeToDOM, DEFAULTS } from '@/hooks/use-settings'
    | ^^^^^^^^^^^^^^^^^^^^^^^^^^^^^^^^^^^^^^^^^^^^^^^^^^^^^^^^^^^^^^^^
  5 | import type { AppSettings } from '@/hooks/use-settings'
  6 |
  7 | // Runs once on mount across the whole app to apply persisted theme before first render flash

The export DEFAULTS was not found in module [project]/hooks/use-settings.ts [app-ssr] (ecmascript).
Did you mean to import useSettings?
All exports of the module are statically known (It doesn't have dynamic exports). So it's known statically that the requested export doesn't exist.

Import traces:
  Client Component Browser:
    ./components/settings/theme-applier.tsx [Client Component Browser]
    ./components/providers.tsx [Client Component Browser]
    ./components/providers.tsx [Server Component]
    ./app/layout.tsx [Server Component]

  Client Component SSR:
    ./components/settings/theme-applier.tsx [Client Component SSR]
    ./components/providers.tsx [Client Component SSR]
    ./components/providers.tsx [Server Component]
    ./app/layout.tsx [Server Component] @ http://localhost:3005/_next/static/chunks/node_modules_next_dist_b0a279d5._.js:1945
[  326315ms] [ERROR] ./components/settings/theme-applier.tsx:4:1
Export DEFAULTS doesn't exist in target module
  2 |
  3 | import { useEffect } from 'react'
> 4 | import { applyThemeToDOM, DEFAULTS } from '@/hooks/use-settings'
    | ^^^^^^^^^^^^^^^^^^^^^^^^^^^^^^^^^^^^^^^^^^^^^^^^^^^^^^^^^^^^^^^^
  5 | import type { AppSettings } from '@/hooks/use-settings'
  6 |
  7 | // Runs once on mount across the whole app to apply persisted theme before first render flash

The export DEFAULTS was not found in module [project]/hooks/use-settings.ts [app-client] (ecmascript).
Did you mean to import useSettings?
All exports of the module are statically known (It doesn't have dynamic exports). So it's known statically that the requested export doesn't exist.

Import traces:
  Client Component Browser:
    ./components/settings/theme-applier.tsx [Client Component Browser]
    ./components/providers.tsx [Client Component Browser]
    ./components/providers.tsx [Server Component]
    ./app/layout.tsx [Server Component]

  Client Component SSR:
    ./components/settings/theme-applier.tsx [Client Component SSR]
    ./components/providers.tsx [Client Component SSR]
    ./components/providers.tsx [Server Component]
    ./app/layout.tsx [Server Component] @ http://localhost:3005/_next/static/chunks/node_modules_next_dist_b0a279d5._.js:1945
[  326315ms] [ERROR] ./components/settings/theme-applier.tsx:4:1
Export DEFAULTS doesn't exist in target module
  2 |
  3 | import { useEffect } from 'react'
> 4 | import { applyThemeToDOM, DEFAULTS } from '@/hooks/use-settings'
    | ^^^^^^^^^^^^^^^^^^^^^^^^^^^^^^^^^^^^^^^^^^^^^^^^^^^^^^^^^^^^^^^^
  5 | import type { AppSettings } from '@/hooks/use-settings'
  6 |
  7 | // Runs once on mount across the whole app to apply persisted theme before first render flash

The export DEFAULTS was not found in module [project]/hooks/use-settings.ts [app-ssr] (ecmascript).
Did you mean to import useSettings?
All exports of the module are statically known (It doesn't have dynamic exports). So it's known statically that the requested export doesn't exist.

Import traces:
  Client Component Browser:
    ./components/settings/theme-applier.tsx [Client Component Browser]
    ./components/providers.tsx [Client Component Browser]
    ./components/providers.tsx [Server Component]
    ./app/layout.tsx [Server Component]

  Client Component SSR:
    ./components/settings/theme-applier.tsx [Client Component SSR]
    ./components/providers.tsx [Client Component SSR]
    ./components/providers.tsx [Server Component]
    ./app/layout.tsx [Server Component] @ http://localhost:3005/_next/static/chunks/node_modules_next_dist_b0a279d5._.js:1945
[  326376ms] [ERROR] ./components/settings/theme-applier.tsx:4:1
Export DEFAULTS doesn't exist in target module
  2 |
  3 | import { useEffect } from 'react'
> 4 | import { applyThemeToDOM, DEFAULTS } from '@/hooks/use-settings'
    | ^^^^^^^^^^^^^^^^^^^^^^^^^^^^^^^^^^^^^^^^^^^^^^^^^^^^^^^^^^^^^^^^
  5 | import type { AppSettings } from '@/hooks/use-settings'
  6 |
  7 | // Runs once on mount across the whole app to apply persisted theme before first render flash

The export DEFAULTS was not found in module [project]/hooks/use-settings.ts [app-client] (ecmascript).
Did you mean to import useSettings?
All exports of the module are statically known (It doesn't have dynamic exports). So it's known statically that the requested export doesn't exist.

Import traces:
  Client Component Browser:
    ./components/settings/theme-applier.tsx [Client Component Browser]
    ./components/providers.tsx [Client Component Browser]
    ./components/providers.tsx [Server Component]
    ./app/layout.tsx [Server Component]

  Client Component SSR:
    ./components/settings/theme-applier.tsx [Client Component SSR]
    ./components/providers.tsx [Client Component SSR]
    ./components/providers.tsx [Server Component]
    ./app/layout.tsx [Server Component] @ http://localhost:3005/_next/static/chunks/node_modules_next_dist_b0a279d5._.js:1945
[  326376ms] [ERROR] ./components/settings/theme-applier.tsx:4:1
Export DEFAULTS doesn't exist in target module
  2 |
  3 | import { useEffect } from 'react'
> 4 | import { applyThemeToDOM, DEFAULTS } from '@/hooks/use-settings'
    | ^^^^^^^^^^^^^^^^^^^^^^^^^^^^^^^^^^^^^^^^^^^^^^^^^^^^^^^^^^^^^^^^
  5 | import type { AppSettings } from '@/hooks/use-settings'
  6 |
  7 | // Runs once on mount across the whole app to apply persisted theme before first render flash

The export DEFAULTS was not found in module [project]/hooks/use-settings.ts [app-ssr] (ecmascript).
Did you mean to import useSettings?
All exports of the module are statically known (It doesn't have dynamic exports). So it's known statically that the requested export doesn't exist.

Import traces:
  Client Component Browser:
    ./components/settings/theme-applier.tsx [Client Component Browser]
    ./components/providers.tsx [Client Component Browser]
    ./components/providers.tsx [Server Component]
    ./app/layout.tsx [Server Component]

  Client Component SSR:
    ./components/settings/theme-applier.tsx [Client Component SSR]
    ./components/providers.tsx [Client Component SSR]
    ./components/providers.tsx [Server Component]
    ./app/layout.tsx [Server Component] @ http://localhost:3005/_next/static/chunks/node_modules_next_dist_b0a279d5._.js:1945
[  326438ms] [ERROR] ./components/settings/theme-applier.tsx:4:1
Export DEFAULTS doesn't exist in target module
  2 |
  3 | import { useEffect } from 'react'
> 4 | import { applyThemeToDOM, DEFAULTS } from '@/hooks/use-settings'
    | ^^^^^^^^^^^^^^^^^^^^^^^^^^^^^^^^^^^^^^^^^^^^^^^^^^^^^^^^^^^^^^^^
  5 | import type { AppSettings } from '@/hooks/use-settings'
  6 |
  7 | // Runs once on mount across the whole app to apply persisted theme before first render flash

The export DEFAULTS was not found in module [project]/hooks/use-settings.ts [app-client] (ecmascript).
Did you mean to import useSettings?
All exports of the module are statically known (It doesn't have dynamic exports). So it's known statically that the requested export doesn't exist.

Import traces:
  Client Component Browser:
    ./components/settings/theme-applier.tsx [Client Component Browser]
    ./components/providers.tsx [Client Component Browser]
    ./components/providers.tsx [Server Component]
    ./app/layout.tsx [Server Component]

  Client Component SSR:
    ./components/settings/theme-applier.tsx [Client Component SSR]
    ./components/providers.tsx [Client Component SSR]
    ./components/providers.tsx [Server Component]
    ./app/layout.tsx [Server Component] @ http://localhost:3005/_next/static/chunks/node_modules_next_dist_b0a279d5._.js:1945
[  326438ms] [ERROR] ./components/settings/theme-applier.tsx:4:1
Export DEFAULTS doesn't exist in target module
  2 |
  3 | import { useEffect } from 'react'
> 4 | import { applyThemeToDOM, DEFAULTS } from '@/hooks/use-settings'
    | ^^^^^^^^^^^^^^^^^^^^^^^^^^^^^^^^^^^^^^^^^^^^^^^^^^^^^^^^^^^^^^^^
  5 | import type { AppSettings } from '@/hooks/use-settings'
  6 |
  7 | // Runs once on mount across the whole app to apply persisted theme before first render flash

The export DEFAULTS was not found in module [project]/hooks/use-settings.ts [app-ssr] (ecmascript).
Did you mean to import useSettings?
All exports of the module are statically known (It doesn't have dynamic exports). So it's known statically that the requested export doesn't exist.

Import traces:
  Client Component Browser:
    ./components/settings/theme-applier.tsx [Client Component Browser]
    ./components/providers.tsx [Client Component Browser]
    ./components/providers.tsx [Server Component]
    ./app/layout.tsx [Server Component]

  Client Component SSR:
    ./components/settings/theme-applier.tsx [Client Component SSR]
    ./components/providers.tsx [Client Component SSR]
    ./components/providers.tsx [Server Component]
    ./app/layout.tsx [Server Component] @ http://localhost:3005/_next/static/chunks/node_modules_next_dist_b0a279d5._.js:1945
